node1,node2,length,startLat,startLon,endLat,endLon,endNodeL,startNodeL,startYear,endYear,treeID
5,6,0.000157493225500002,620232.580524256,743382.77242779,620638.546474889,743512.251062863,0.000157493225500002,0,2020.20604529365,2020.20620278688,4870000
5,7,0.01522749323,620232.580524256,743382.77242779,619854.84216516,743891.494177555,0.01522749323,0,2020.20604529365,2020.22127278688,4870000
6,1,0.05062781421,620638.546474889,743512.251062863,636056.774978549,739763.217867078,0.0507853074355,0.000157493225500002,2020.20620278688,2020.25683060109,4870000
6,2,0.05062781421,620638.546474889,743512.251062863,652927.945043397,762364.850977435,0.0507853074355,0.000157493225500002,2020.20620278688,2020.25683060109,4870000
7,3,3.86885246400001e-05,619854.84216516,743891.494177555,632466.159680102,710036.668418606,0.01526618175464,0.01522749323,2020.22127278688,2020.22131147541,4870000
7,4,3.86885246400001e-05,619854.84216516,743891.494177555,619981.582577122,743966.852833971,0.01526618175464,0.01522749323,2020.22127278688,2020.22131147541,4870000
