node1,node2,length,startLat,startLon,endLat,endLon,endNodeL,startNodeL,startYear,endYear,treeID
5,6,0.000157493225500002,635979.910298294,739577.723898361,635980.111025531,739565.441433733,0.000157493225500002,0,2020.20604529365,2020.20620278688,6454000
5,7,0.01522749323,635979.910298294,739577.723898361,619980.40268238,743966.052344552,0.01522749323,0,2020.20604529365,2020.22127278688,6454000
6,1,0.05062781421,635980.111025531,739565.441433733,636056.774978549,739763.217867078,0.0507853074355,0.000157493225500002,2020.20620278688,2020.25683060109,6454000
6,2,0.05062781421,635980.111025531,739565.441433733,652927.945043397,762364.850977435,0.0507853074355,0.000157493225500002,2020.20620278688,2020.25683060109,6454000
7,3,3.86885246400001e-05,619980.40268238,743966.052344552,632466.159680102,710036.668418606,0.01526618175464,0.01522749323,2020.22127278688,2020.22131147541,6454000
7,4,3.86885246400001e-05,619980.40268238,743966.052344552,619981.582577122,743966.852833971,0.01526618175464,0.01522749323,2020.22127278688,2020.22131147541,6454000
