node1,node2,length,startLat,startLon,endLat,endLon,endNodeL,startNodeL,startYear,endYear,treeID
6,1,0.0330200546399937,644093.886942922,759159.457491212,641963.904839894,759459.855915495,0.0330200546399937,0,2020.22654278689,2020.25956284153,8515000
6,7,0.02027,644093.886942922,759159.457491212,644016.563874583,759188.126371436,0.02027,0,2020.22654278689,2020.24681278689,8515000
7,2,0.0510014207599937,644016.563874583,759188.126371436,648536.810773477,758764.520463772,0.0712714207599937,0.02027,2020.24681278689,2020.29781420765,8515000
7,8,0.00723,644016.563874583,759188.126371436,641751.114370217,756097.25773906,0.0275,0.02027,2020.24681278689,2020.25404278689,8515000
8,3,5.55737703736917e-05,641751.114370217,756097.25773906,638967.765993635,764686.435640909,0.0275555737703737,0.0275,2020.25404278689,2020.25409836066,8515000
8,9,0.01093,641751.114370217,756097.25773906,640645.681408444,755412.096619603,0.03843,0.0275,2020.25404278689,2020.26497278689,8515000
9,4,5.45355191136909e-05,640645.681408444,755412.096619603,640646.422740475,755409.644678868,0.0384845355191137,0.03843,2020.26497278689,2020.26502732241,8515000
9,5,0.00278677595599369,640645.681408444,755412.096619603,636905.798247009,751736.618370627,0.0412167759559937,0.03843,2020.26497278689,2020.26775956285,8515000
