node1,node2,length,startLat,startLon,endLat,endLon,endNodeL,startNodeL,startYear,endYear,treeID
6,1,0.0330200546399937,642003.696159588,759568.31869767,641963.904839894,759459.855915495,0.0330200546399937,0,2020.22654278689,2020.25956284153,5410000
6,7,0.02027,642003.696159588,759568.31869767,641853.58896807,759451.300987802,0.02027,0,2020.22654278689,2020.24681278689,5410000
7,2,0.0510014207599937,641853.58896807,759451.300987802,648536.810773477,758764.520463772,0.0712714207599937,0.02027,2020.24681278689,2020.29781420765,5410000
7,8,0.00723,641853.58896807,759451.300987802,641730.359393773,759323.717857332,0.0275,0.02027,2020.24681278689,2020.25404278689,5410000
8,3,5.55737703736917e-05,641730.359393773,759323.717857332,638967.765993635,764686.435640909,0.0275555737703737,0.0275,2020.25404278689,2020.25409836066,5410000
8,9,0.01093,641730.359393773,759323.717857332,640641.216577336,755414.191660433,0.03843,0.0275,2020.25404278689,2020.26497278689,5410000
9,4,5.45355191136909e-05,640641.216577336,755414.191660433,640646.422740475,755409.644678868,0.0384845355191137,0.03843,2020.26497278689,2020.26502732241,5410000
9,5,0.00278677595599369,640641.216577336,755414.191660433,636905.798247009,751736.618370627,0.0412167759559937,0.03843,2020.26497278689,2020.26775956285,5410000
