node1,node2,length,startLat,startLon,endLat,endLon,endNodeL,startNodeL,startYear,endYear,treeID
6,1,0.0330200546399937,641954.326302213,759410.369875079,641963.904839894,759459.855915495,0.0330200546399937,0,2020.22654278689,2020.25956284153,8812000
6,7,0.02027,641954.326302213,759410.369875079,641193.618848952,756119.396377588,0.02027,0,2020.22654278689,2020.24681278689,8812000
7,2,0.0510014207599937,641193.618848952,756119.396377588,648536.810773477,758764.520463772,0.0712714207599937,0.02027,2020.24681278689,2020.29781420765,8812000
7,8,0.00723,641193.618848952,756119.396377588,640664.04941192,755571.656691896,0.0275,0.02027,2020.24681278689,2020.25404278689,8812000
8,3,5.55737703736917e-05,640664.04941192,755571.656691896,638967.765993635,764686.435640909,0.0275555737703737,0.0275,2020.25404278689,2020.25409836066,8812000
8,9,0.01093,640664.04941192,755571.656691896,640612.660292425,755537.914432811,0.03843,0.0275,2020.25404278689,2020.26497278689,8812000
9,4,5.45355191136909e-05,640612.660292425,755537.914432811,640646.422740475,755409.644678868,0.0384845355191137,0.03843,2020.26497278689,2020.26502732241,8812000
9,5,0.00278677595599369,640612.660292425,755537.914432811,636905.798247009,751736.618370627,0.0412167759559937,0.03843,2020.26497278689,2020.26775956285,8812000
