node1,node2,length,startLat,startLon,endLat,endLon,endNodeL,startNodeL,startYear,endYear,treeID
6,1,0.0330200546399937,642385.668087429,759579.531678087,641963.904839894,759459.855915495,0.0330200546399937,0,2020.22654278689,2020.25956284153,8434000
6,7,0.02027,642385.668087429,759579.531678087,642733.939122925,759367.812589492,0.02027,0,2020.22654278689,2020.24681278689,8434000
7,2,0.0510014207599937,642733.939122925,759367.812589492,648536.810773477,758764.520463772,0.0712714207599937,0.02027,2020.24681278689,2020.29781420765,8434000
7,8,0.00723,642733.939122925,759367.812589492,638870.210198448,764645.627255804,0.0275,0.02027,2020.24681278689,2020.25404278689,8434000
8,3,5.55737703736917e-05,638870.210198448,764645.627255804,638967.765993635,764686.435640909,0.0275555737703737,0.0275,2020.25404278689,2020.25409836066,8434000
8,9,0.01093,638870.210198448,764645.627255804,640720.495775614,755362.207516728,0.03843,0.0275,2020.25404278689,2020.26497278689,8434000
9,4,5.45355191136909e-05,640720.495775614,755362.207516728,640646.422740475,755409.644678868,0.0384845355191137,0.03843,2020.26497278689,2020.26502732241,8434000
9,5,0.00278677595599369,640720.495775614,755362.207516728,636905.798247009,751736.618370627,0.0412167759559937,0.03843,2020.26497278689,2020.26775956285,8434000
