node1,node2,length,startLat,startLon,endLat,endLon,endNodeL,startNodeL,startYear,endYear,treeID
6,1,0.0330200546399937,641678.509018178,758600.990505993,641963.904839894,759459.855915495,0.0330200546399937,0,2020.22654278689,2020.25956284153,3448000
6,7,0.02027,641678.509018178,758600.990505993,641843.125327716,758912.613067389,0.02027,0,2020.22654278689,2020.24681278689,3448000
7,2,0.0510014207599937,641843.125327716,758912.613067389,648536.810773477,758764.520463772,0.0712714207599937,0.02027,2020.24681278689,2020.29781420765,3448000
7,8,0.00723,641843.125327716,758912.613067389,638956.265430814,764715.340722635,0.0275,0.02027,2020.24681278689,2020.25404278689,3448000
8,3,5.55737703736917e-05,638956.265430814,764715.340722635,638967.765993635,764686.435640909,0.0275555737703737,0.0275,2020.25404278689,2020.25409836066,3448000
8,9,0.01093,638956.265430814,764715.340722635,640633.261296795,755381.042980311,0.03843,0.0275,2020.25404278689,2020.26497278689,3448000
9,4,5.45355191136909e-05,640633.261296795,755381.042980311,640646.422740475,755409.644678868,0.0384845355191137,0.03843,2020.26497278689,2020.26502732241,3448000
9,5,0.00278677595599369,640633.261296795,755381.042980311,636905.798247009,751736.618370627,0.0412167759559937,0.03843,2020.26497278689,2020.26775956285,3448000
