node1,node2,length,startLat,startLon,endLat,endLon,endNodeL,startNodeL,startYear,endYear,treeID
6,1,0.0330200546399937,648326.304532014,759392.628714196,641963.904839894,759459.855915495,0.0330200546399937,0,2020.22654278689,2020.25956284153,7894000
6,7,0.02027,648326.304532014,759392.628714196,648869.443921949,759087.065133643,0.02027,0,2020.22654278689,2020.24681278689,7894000
7,2,0.0510014207599937,648869.443921949,759087.065133643,648536.810773477,758764.520463772,0.0712714207599937,0.02027,2020.24681278689,2020.29781420765,7894000
7,8,0.00723,648869.443921949,759087.065133643,649307.521637173,759427.129514262,0.0275,0.02027,2020.24681278689,2020.25404278689,7894000
8,3,5.55737703736917e-05,649307.521637173,759427.129514262,638967.765993635,764686.435640909,0.0275555737703737,0.0275,2020.25404278689,2020.25409836066,7894000
8,9,0.01093,649307.521637173,759427.129514262,640646.436029735,755403.152475184,0.03843,0.0275,2020.25404278689,2020.26497278689,7894000
9,4,5.45355191136909e-05,640646.436029735,755403.152475184,640646.422740475,755409.644678868,0.0384845355191137,0.03843,2020.26497278689,2020.26502732241,7894000
9,5,0.00278677595599369,640646.436029735,755403.152475184,636905.798247009,751736.618370627,0.0412167759559937,0.03843,2020.26497278689,2020.26775956285,7894000
