node1,node2,length,startLat,startLon,endLat,endLon,endNodeL,startNodeL,startYear,endYear,treeID
6,1,0.0330200546399937,642213.099534692,759565.950900981,641963.904839894,759459.855915495,0.0330200546399937,0,2020.22654278689,2020.25956284153,10000000
6,7,0.02027,642213.099534692,759565.950900981,640824.979285259,755664.602460749,0.02027,0,2020.22654278689,2020.24681278689,10000000
7,2,0.0510014207599937,640824.979285259,755664.602460749,648536.810773477,758764.520463772,0.0712714207599937,0.02027,2020.24681278689,2020.29781420765,10000000
7,8,0.00723,640824.979285259,755664.602460749,640862.648598001,755716.941964567,0.0275,0.02027,2020.24681278689,2020.25404278689,10000000
8,3,5.55737703736917e-05,640862.648598001,755716.941964567,638967.765993635,764686.435640909,0.0275555737703737,0.0275,2020.25404278689,2020.25409836066,10000000
8,9,0.01093,640862.648598001,755716.941964567,640646.942618884,755418.341469641,0.03843,0.0275,2020.25404278689,2020.26497278689,10000000
9,4,5.45355191136909e-05,640646.942618884,755418.341469641,640646.422740475,755409.644678868,0.0384845355191137,0.03843,2020.26497278689,2020.26502732241,10000000
9,5,0.00278677595599369,640646.942618884,755418.341469641,636905.798247009,751736.618370627,0.0412167759559937,0.03843,2020.26497278689,2020.26775956285,10000000
