node1,node2,length,startLat,startLon,endLat,endLon,endNodeL,startNodeL,startYear,endYear,treeID
6,1,0.0330200546399937,641499.640916897,756573.296261509,641963.904839894,759459.855915495,0.0330200546399937,0,2020.22654278689,2020.25956284153,3718000
6,7,0.02027,641499.640916897,756573.296261509,642663.805587456,756297.462589898,0.02027,0,2020.22654278689,2020.24681278689,3718000
7,2,0.0510014207599937,642663.805587456,756297.462589898,648536.810773477,758764.520463772,0.0712714207599937,0.02027,2020.24681278689,2020.29781420765,3718000
7,8,0.00723,642663.805587456,756297.462589898,640669.052933173,755474.348892693,0.0275,0.02027,2020.24681278689,2020.25404278689,3718000
8,3,5.55737703736917e-05,640669.052933173,755474.348892693,638967.765993635,764686.435640909,0.0275555737703737,0.0275,2020.25404278689,2020.25409836066,3718000
8,9,0.01093,640669.052933173,755474.348892693,640837.47815769,755526.019211801,0.03843,0.0275,2020.25404278689,2020.26497278689,3718000
9,4,5.45355191136909e-05,640837.47815769,755526.019211801,640646.422740475,755409.644678868,0.0384845355191137,0.03843,2020.26497278689,2020.26502732241,3718000
9,5,0.00278677595599369,640837.47815769,755526.019211801,636905.798247009,751736.618370627,0.0412167759559937,0.03843,2020.26497278689,2020.26775956285,3718000
