node1,node2,length,startLat,startLon,endLat,endLon,endNodeL,startNodeL,startYear,endYear,treeID
6,1,0.0330200546399937,637268.956798091,762944.766865096,641963.904839894,759459.855915495,0.0330200546399937,0,2020.22654278689,2020.25956284153,8245000
6,7,0.02027,637268.956798091,762944.766865096,637569.938279901,763710.857466215,0.02027,0,2020.22654278689,2020.24681278689,8245000
7,2,0.0510014207599937,637569.938279901,763710.857466215,648536.810773477,758764.520463772,0.0712714207599937,0.02027,2020.24681278689,2020.29781420765,8245000
7,8,0.00723,637569.938279901,763710.857466215,638887.028428404,764919.290359096,0.0275,0.02027,2020.24681278689,2020.25404278689,8245000
8,3,5.55737703736917e-05,638887.028428404,764919.290359096,638967.765993635,764686.435640909,0.0275555737703737,0.0275,2020.25404278689,2020.25409836066,8245000
8,9,0.01093,638887.028428404,764919.290359096,640689.011970216,755358.402474317,0.03843,0.0275,2020.25404278689,2020.26497278689,8245000
9,4,5.45355191136909e-05,640689.011970216,755358.402474317,640646.422740475,755409.644678868,0.0384845355191137,0.03843,2020.26497278689,2020.26502732241,8245000
9,5,0.00278677595599369,640689.011970216,755358.402474317,636905.798247009,751736.618370627,0.0412167759559937,0.03843,2020.26497278689,2020.26775956285,8245000
