node1,node2,length,startLat,startLon,endLat,endLon,endNodeL,startNodeL,startYear,endYear,treeID
6,1,0.0330200546399937,641165.737008844,757693.360934406,641963.904839894,759459.855915495,0.0330200546399937,0,2020.22654278689,2020.25956284153,6454000
6,7,0.02027,641165.737008844,757693.360934406,640716.716285709,755527.862435689,0.02027,0,2020.22654278689,2020.24681278689,6454000
7,2,0.0510014207599937,640716.716285709,755527.862435689,648536.810773477,758764.520463772,0.0712714207599937,0.02027,2020.24681278689,2020.29781420765,6454000
7,8,0.00723,640716.716285709,755527.862435689,640649.756864109,755425.094365278,0.0275,0.02027,2020.24681278689,2020.25404278689,6454000
8,3,5.55737703736917e-05,640649.756864109,755425.094365278,638967.765993635,764686.435640909,0.0275555737703737,0.0275,2020.25404278689,2020.25409836066,6454000
8,9,0.01093,640649.756864109,755425.094365278,640648.461010213,755407.814667732,0.03843,0.0275,2020.25404278689,2020.26497278689,6454000
9,4,5.45355191136909e-05,640648.461010213,755407.814667732,640646.422740475,755409.644678868,0.0384845355191137,0.03843,2020.26497278689,2020.26502732241,6454000
9,5,0.00278677595599369,640648.461010213,755407.814667732,636905.798247009,751736.618370627,0.0412167759559937,0.03843,2020.26497278689,2020.26775956285,6454000
