node1,node2,length,startLat,startLon,endLat,endLon,endNodeL,startNodeL,startYear,endYear,treeID
6,7,0.000330515756899998,649801.971475792,739699.931525402,649771.481097106,739740.653410379,0.000330515756899998,0,2020.1984841616,2020.19881467736,676000
6,8,0.000330515756899998,649801.971475792,739699.931525402,649771.481097106,739740.653410379,0.000330515756899998,0,2020.1984841616,2020.19881467736,676000
7,1,0.00337111499087685,649771.481097106,739740.653410379,650471.300030527,739799.162051934,0.00370163074777685,0.000330515756899998,2020.19881467736,2020.20218579235,676000
7,2,0.00337111499087685,649771.481097106,739740.653410379,646417.975452821,733869.472332551,0.00370163074777685,0.000330515756899998,2020.19881467736,2020.20218579235,676000
8,3,0.00337111499087685,649771.481097106,739740.653410379,649713.434671532,739543.730064984,0.00370163074777685,0.000330515756899998,2020.19881467736,2020.20218579235,676000
8,9,0.00607268720300001,649771.481097106,739740.653410379,642741.469385015,737650.677195465,0.0064032029599,0.000330515756899998,2020.19881467736,2020.20488736456,676000
9,4,0.0546754769688768,642741.469385015,737650.677195465,650513.556542746,732516.084016474,0.0610786799287769,0.0064032029599,2020.20488736456,2020.25956284153,676000
9,5,3.06682248168502e-05,642741.469385015,737650.677195465,642745.986766026,737655.851454544,0.00643387118471685,0.0064032029599,2020.20488736456,2020.20491803279,676000
