node1,node2,length,startLat,startLon,endLat,endLon,endNodeL,startNodeL,startYear,endYear,treeID
6,7,0.000330515756899998,650712.098716003,740014.704429928,650515.009875728,739940.045665119,0.000330515756899998,0,2020.1984841616,2020.19881467736,1054000
6,8,0.000330515756899998,650712.098716003,740014.704429928,650515.009875728,739940.045665119,0.000330515756899998,0,2020.1984841616,2020.19881467736,1054000
7,1,0.00337111499087685,650515.009875728,739940.045665119,650471.300030527,739799.162051934,0.00370163074777685,0.000330515756899998,2020.19881467736,2020.20218579235,1054000
7,2,0.00337111499087685,650515.009875728,739940.045665119,646417.975452821,733869.472332551,0.00370163074777685,0.000330515756899998,2020.19881467736,2020.20218579235,1054000
8,3,0.00337111499087685,650515.009875728,739940.045665119,649713.434671532,739543.730064984,0.00370163074777685,0.000330515756899998,2020.19881467736,2020.20218579235,1054000
8,9,0.00607268720300001,650515.009875728,739940.045665119,642795.128372719,737672.819770392,0.0064032029599,0.000330515756899998,2020.19881467736,2020.20488736456,1054000
9,4,0.0546754769688768,642795.128372719,737672.819770392,650513.556542746,732516.084016474,0.0610786799287769,0.0064032029599,2020.20488736456,2020.25956284153,1054000
9,5,3.06682248168502e-05,642795.128372719,737672.819770392,642745.986766026,737655.851454544,0.00643387118471685,0.0064032029599,2020.20488736456,2020.20491803279,1054000
