node1,node2,length,startLat,startLon,endLat,endLon,endNodeL,startNodeL,startYear,endYear,treeID
5,1,0.082848,645526.738444591,721993.100892556,645475.805167229,722068.605987602,0.082848,0,2020.17398260109,2020.25683060109,9316000
5,6,0.03203,645526.738444591,721993.100892556,653999.786545892,742939.217522879,0.03203,0,2020.17398260109,2020.20601260109,9316000
6,2,0.0180307213100143,653999.786545892,742939.217522879,658082.876653976,759267.291260263,0.0500607213100143,0.03203,2020.20601260109,2020.2240433224,9316000
6,7,0.01695,653999.786545892,742939.217522879,654078.457512111,742526.442830074,0.04898,0.03203,2020.20601260109,2020.22296260109,9316000
7,3,0.0420647213100143,654078.457512111,742526.442830074,654414.060446384,742463.772057467,0.0910447213100143,0.04898,2020.22296260109,2020.2650273224,9316000
7,4,0.0311357213100143,654078.457512111,742526.442830074,642194.815864786,738952.547159649,0.0801157213100143,0.04898,2020.22296260109,2020.2540983224,9316000
