node1,node2,length,startLat,startLon,endLat,endLon,endNodeL,startNodeL,startYear,endYear,treeID
5,1,0.082848,646627.750374223,724020.381771496,645475.805167229,722068.605987602,0.082848,0,2020.17398260109,2020.25683060109,4672000
5,6,0.03203,646627.750374223,724020.381771496,646697.069799297,724070.126431999,0.03203,0,2020.17398260109,2020.20601260109,4672000
6,2,0.0180307213100143,646697.069799297,724070.126431999,658082.876653976,759267.291260263,0.0500607213100143,0.03203,2020.20601260109,2020.2240433224,4672000
6,7,0.01695,646697.069799297,724070.126431999,654195.035933803,742162.209876689,0.04898,0.03203,2020.20601260109,2020.22296260109,4672000
7,3,0.0420647213100143,654195.035933803,742162.209876689,654414.060446384,742463.772057467,0.0910447213100143,0.04898,2020.22296260109,2020.2650273224,4672000
7,4,0.0311357213100143,654195.035933803,742162.209876689,642194.815864786,738952.547159649,0.0801157213100143,0.04898,2020.22296260109,2020.2540983224,4672000
