node1,node2,length,startLat,startLon,endLat,endLon,endNodeL,startNodeL,startYear,endYear,treeID
5,1,0.08226914921,712083.611724393,684818.258012731,697353.723004026,695353.545273836,0.08226914921,0,2020.1609002497,2020.24316939891,6418000
5,6,6.4692527990004e-05,712083.611724393,684818.258012731,712058.436630644,684344.870906294,6.4692527990004e-05,0,2020.1609002497,2020.16096494223,6418000
6,2,0.07673997581,712058.436630644,684344.870906294,707891.200844632,724593.368594803,0.07680466833799,6.4692527990004e-05,2020.16096494223,2020.23770491804,6418000
6,7,4.78446596999943e-05,712058.436630644,684344.870906294,711931.229626218,684658.447641295,0.000112537187689998,6.4692527990004e-05,2020.16096494223,2020.16101278689,6418000
7,3,0.06849540984,711931.229626218,684658.447641295,662980.332399126,613182.421859925,0.06860794702769,0.000112537187689998,2020.16101278689,2020.22950819673,6418000
7,4,0.08215661202,711931.229626218,684658.447641295,717075.024161716,670568.901970321,0.08226914920769,0.000112537187689998,2020.16101278689,2020.24316939891,6418000
