node1,node2,length,startLat,startLon,endLat,endLon,endNodeL,startNodeL,startYear,endYear,treeID
5,1,0.08226914921,705261.392844545,721859.44286755,697353.723004026,695353.545273836,0.08226914921,0,2020.1609002497,2020.24316939891,4528000
5,6,6.4692527990004e-05,705261.392844545,721859.44286755,707715.372252444,724424.783844929,6.4692527990004e-05,0,2020.1609002497,2020.16096494223,4528000
6,2,0.07673997581,707715.372252444,724424.783844929,707891.200844632,724593.368594803,0.07680466833799,6.4692527990004e-05,2020.16096494223,2020.23770491804,4528000
6,7,4.78446596999943e-05,707715.372252444,724424.783844929,717375.550086479,670876.417594553,0.000112537187689998,6.4692527990004e-05,2020.16096494223,2020.16101278689,4528000
7,3,0.06849540984,717375.550086479,670876.417594553,662980.332399126,613182.421859925,0.06860794702769,0.000112537187689998,2020.16101278689,2020.22950819673,4528000
7,4,0.08215661202,717375.550086479,670876.417594553,717075.024161716,670568.901970321,0.08226914920769,0.000112537187689998,2020.16101278689,2020.24316939891,4528000
