node1,node2,length,startLat,startLon,endLat,endLon,endNodeL,startNodeL,startYear,endYear,treeID
5,1,0.08226914921,697162.605008807,695640.76752413,697353.723004026,695353.545273836,0.08226914921,0,2020.1609002497,2020.24316939891,4654000
5,6,6.4692527990004e-05,697162.605008807,695640.76752413,697156.848414291,695635.536306738,6.4692527990004e-05,0,2020.1609002497,2020.16096494223,4654000
6,2,0.07673997581,697156.848414291,695635.536306738,707891.200844632,724593.368594803,0.07680466833799,6.4692527990004e-05,2020.16096494223,2020.23770491804,4654000
6,7,4.78446596999943e-05,697156.848414291,695635.536306738,697150.732555266,695624.584659077,0.000112537187689998,6.4692527990004e-05,2020.16096494223,2020.16101278689,4654000
7,3,0.06849540984,697150.732555266,695624.584659077,662980.332399126,613182.421859925,0.06860794702769,0.000112537187689998,2020.16101278689,2020.22950819673,4654000
7,4,0.08215661202,697150.732555266,695624.584659077,717075.024161716,670568.901970321,0.08226914920769,0.000112537187689998,2020.16101278689,2020.24316939891,4654000
