node1,node2,length,startLat,startLon,endLat,endLon,endNodeL,startNodeL,startYear,endYear,treeID
5,1,0.08226914921,692979.729436487,684510.776611632,697353.723004026,695353.545273836,0.08226914921,0,2020.1609002497,2020.24316939891,1351000
5,6,6.4692527990004e-05,692979.729436487,684510.776611632,692935.822573374,684396.786281113,6.4692527990004e-05,0,2020.1609002497,2020.16096494223,1351000
6,2,0.07673997581,692935.822573374,684396.786281113,707891.200844632,724593.368594803,0.07680466833799,6.4692527990004e-05,2020.16096494223,2020.23770491804,1351000
6,7,4.78446596999943e-05,692935.822573374,684396.786281113,692976.478196058,684563.825347635,0.000112537187689998,6.4692527990004e-05,2020.16096494223,2020.16101278689,1351000
7,3,0.06849540984,692976.478196058,684563.825347635,662980.332399126,613182.421859925,0.06860794702769,0.000112537187689998,2020.16101278689,2020.22950819673,1351000
7,4,0.08215661202,692976.478196058,684563.825347635,717075.024161716,670568.901970321,0.08226914920769,0.000112537187689998,2020.16101278689,2020.24316939891,1351000
