node1,node2,length,startLat,startLon,endLat,endLon,endNodeL,startNodeL,startYear,endYear,treeID
5,1,0.06328987432,630774.145355944,710453.1243463,635664.136375935,739045.686487967,0.06328987432,0,2020.19354072677,2020.25683060109,328000
5,6,0.013602,630774.145355944,710453.1243463,630793.480843532,710634.186384697,0.013602,0,2020.19354072677,2020.20714272677,328000
6,2,0.04968787432,630793.480843532,710634.186384697,650190.124959448,763483.958462578,0.06328987432,0.013602,2020.20714272677,2020.25683060109,328000
6,7,0.010799,630793.480843532,710634.186384697,630787.342559007,710544.842884365,0.024401,0.013602,2020.20714272677,2020.21794172677,328000
7,3,0.003369748634,630787.342559007,710544.842884365,630833.1809497,710488.906015016,0.027770748634,0.024401,2020.21794172677,2020.2213114754,328000
7,4,0.003369748634,630787.342559007,710544.842884365,622713.897443521,739914.240687457,0.027770748634,0.024401,2020.21794172677,2020.2213114754,328000
