node1,node2,length,startLat,startLon,endLat,endLon,endNodeL,startNodeL,startYear,endYear,treeID
5,1,0.06328987432,634834.447472455,738002.956428412,635664.136375935,739045.686487967,0.06328987432,0,2020.19354072677,2020.25683060109,487000
5,6,0.013602,634834.447472455,738002.956428412,634735.381417868,737757.696928711,0.013602,0,2020.19354072677,2020.20714272677,487000
6,2,0.04968787432,634735.381417868,737757.696928711,650190.124959448,763483.958462578,0.06328987432,0.013602,2020.20714272677,2020.25683060109,487000
6,7,0.010799,634735.381417868,737757.696928711,635190.457150825,738579.981410026,0.024401,0.013602,2020.20714272677,2020.21794172677,487000
7,3,0.003369748634,635190.457150825,738579.981410026,630833.1809497,710488.906015016,0.027770748634,0.024401,2020.21794172677,2020.2213114754,487000
7,4,0.003369748634,635190.457150825,738579.981410026,622713.897443521,739914.240687457,0.027770748634,0.024401,2020.21794172677,2020.2213114754,487000
