node1,node2,length,startLat,startLon,endLat,endLon,endNodeL,startNodeL,startYear,endYear,treeID
5,1,0.06328987432,635651.100724162,738895.808937938,635664.136375935,739045.686487967,0.06328987432,0,2020.19354072677,2020.25683060109,286000
5,6,0.013602,635651.100724162,738895.808937938,635625.492756128,738764.11050129,0.013602,0,2020.19354072677,2020.20714272677,286000
6,2,0.04968787432,635625.492756128,738764.11050129,650190.124959448,763483.958462578,0.06328987432,0.013602,2020.20714272677,2020.25683060109,286000
6,7,0.010799,635625.492756128,738764.11050129,635782.377872348,738883.009359054,0.024401,0.013602,2020.20714272677,2020.21794172677,286000
7,3,0.003369748634,635782.377872348,738883.009359054,630833.1809497,710488.906015016,0.027770748634,0.024401,2020.21794172677,2020.2213114754,286000
7,4,0.003369748634,635782.377872348,738883.009359054,622713.897443521,739914.240687457,0.027770748634,0.024401,2020.21794172677,2020.2213114754,286000
