node1,node2,length,startLat,startLon,endLat,endLon,endNodeL,startNodeL,startYear,endYear,treeID
5,1,0.06328987432,652281.977543544,766807.552079566,635664.136375935,739045.686487967,0.06328987432,0,2020.19354072677,2020.25683060109,953000
5,6,0.013602,652281.977543544,766807.552079566,652341.595489631,766867.019516902,0.013602,0,2020.19354072677,2020.20714272677,953000
6,2,0.04968787432,652341.595489631,766867.019516902,650190.124959448,763483.958462578,0.06328987432,0.013602,2020.20714272677,2020.25683060109,953000
6,7,0.010799,652341.595489631,766867.019516902,622582.782284694,739754.768099623,0.024401,0.013602,2020.20714272677,2020.21794172677,953000
7,3,0.003369748634,622582.782284694,739754.768099623,630833.1809497,710488.906015016,0.027770748634,0.024401,2020.21794172677,2020.2213114754,953000
7,4,0.003369748634,622582.782284694,739754.768099623,622713.897443521,739914.240687457,0.027770748634,0.024401,2020.21794172677,2020.2213114754,953000
