node1,node2,length,startLat,startLon,endLat,endLon,endNodeL,startNodeL,startYear,endYear,treeID
5,1,0.06328987432,635403.055863704,738637.992526299,635664.136375935,739045.686487967,0.06328987432,0,2020.19354072677,2020.25683060109,475000
5,6,0.013602,635403.055863704,738637.992526299,635388.641463391,738707.657282245,0.013602,0,2020.19354072677,2020.20714272677,475000
6,2,0.04968787432,635388.641463391,738707.657282245,650190.124959448,763483.958462578,0.06328987432,0.013602,2020.20714272677,2020.25683060109,475000
6,7,0.010799,635388.641463391,738707.657282245,638733.001797967,744876.678209781,0.024401,0.013602,2020.20714272677,2020.21794172677,475000
7,3,0.003369748634,638733.001797967,744876.678209781,630833.1809497,710488.906015016,0.027770748634,0.024401,2020.21794172677,2020.2213114754,475000
7,4,0.003369748634,638733.001797967,744876.678209781,622713.897443521,739914.240687457,0.027770748634,0.024401,2020.21794172677,2020.2213114754,475000
