node1,node2,length,startLat,startLon,endLat,endLon,endNodeL,startNodeL,startYear,endYear,treeID
5,1,0.06328987432,636378.987472839,740156.448131227,635664.136375935,739045.686487967,0.06328987432,0,2020.19354072677,2020.25683060109,115000
5,6,0.013602,636378.987472839,740156.448131227,624636.511035214,742141.906968167,0.013602,0,2020.19354072677,2020.20714272677,115000
6,2,0.04968787432,624636.511035214,742141.906968167,650190.124959448,763483.958462578,0.06328987432,0.013602,2020.20714272677,2020.25683060109,115000
6,7,0.010799,624636.511035214,742141.906968167,624679.92170079,741993.791137461,0.024401,0.013602,2020.20714272677,2020.21794172677,115000
7,3,0.003369748634,624679.92170079,741993.791137461,630833.1809497,710488.906015016,0.027770748634,0.024401,2020.21794172677,2020.2213114754,115000
7,4,0.003369748634,624679.92170079,741993.791137461,622713.897443521,739914.240687457,0.027770748634,0.024401,2020.21794172677,2020.2213114754,115000
