node1,node2,length,startLat,startLon,endLat,endLon,endNodeL,startNodeL,startYear,endYear,treeID
5,1,0.06328987432,634495.564694627,737813.28189693,635664.136375935,739045.686487967,0.06328987432,0,2020.19354072677,2020.25683060109,642000
5,6,0.013602,634495.564694627,737813.28189693,625836.68010924,742957.20684743,0.013602,0,2020.19354072677,2020.20714272677,642000
6,2,0.04968787432,625836.68010924,742957.20684743,650190.124959448,763483.958462578,0.06328987432,0.013602,2020.20714272677,2020.25683060109,642000
6,7,0.010799,625836.68010924,742957.20684743,622658.484720126,739875.290008369,0.024401,0.013602,2020.20714272677,2020.21794172677,642000
7,3,0.003369748634,622658.484720126,739875.290008369,630833.1809497,710488.906015016,0.027770748634,0.024401,2020.21794172677,2020.2213114754,642000
7,4,0.003369748634,622658.484720126,739875.290008369,622713.897443521,739914.240687457,0.027770748634,0.024401,2020.21794172677,2020.2213114754,642000
