node1,node2,length,startLat,startLon,endLat,endLon,endNodeL,startNodeL,startYear,endYear,treeID
5,1,0.06328987432,637251.263130656,741302.84670407,635664.136375935,739045.686487967,0.06328987432,0,2020.19354072677,2020.25683060109,397000
5,6,0.013602,637251.263130656,741302.84670407,637084.806107997,741178.095537774,0.013602,0,2020.19354072677,2020.20714272677,397000
6,2,0.04968787432,637084.806107997,741178.095537774,650190.124959448,763483.958462578,0.06328987432,0.013602,2020.20714272677,2020.25683060109,397000
6,7,0.010799,637084.806107997,741178.095537774,637151.548021566,741253.487471009,0.024401,0.013602,2020.20714272677,2020.21794172677,397000
7,3,0.003369748634,637151.548021566,741253.487471009,630833.1809497,710488.906015016,0.027770748634,0.024401,2020.21794172677,2020.2213114754,397000
7,4,0.003369748634,637151.548021566,741253.487471009,622713.897443521,739914.240687457,0.027770748634,0.024401,2020.21794172677,2020.2213114754,397000
