node1,node2,length,startLat,startLon,endLat,endLon,endNodeL,startNodeL,startYear,endYear,treeID
5,1,0.06328987432,624050.685351102,740976.481365297,635664.136375935,739045.686487967,0.06328987432,0,2020.19354072677,2020.25683060109,617000
5,6,0.013602,624050.685351102,740976.481365297,623457.496276931,740442.535385288,0.013602,0,2020.19354072677,2020.20714272677,617000
6,2,0.04968787432,623457.496276931,740442.535385288,650190.124959448,763483.958462578,0.06328987432,0.013602,2020.20714272677,2020.25683060109,617000
6,7,0.010799,623457.496276931,740442.535385288,623532.349912957,740494.347640261,0.024401,0.013602,2020.20714272677,2020.21794172677,617000
7,3,0.003369748634,623532.349912957,740494.347640261,630833.1809497,710488.906015016,0.027770748634,0.024401,2020.21794172677,2020.2213114754,617000
7,4,0.003369748634,623532.349912957,740494.347640261,622713.897443521,739914.240687457,0.027770748634,0.024401,2020.21794172677,2020.2213114754,617000
