node1,node2,length,startLat,startLon,endLat,endLon,endNodeL,startNodeL,startYear,endYear,treeID
5,1,0.06328987432,649566.492478289,762416.048820823,635664.136375935,739045.686487967,0.06328987432,0,2020.19354072677,2020.25683060109,369000
5,6,0.013602,649566.492478289,762416.048820823,649605.917755094,762669.774456859,0.013602,0,2020.19354072677,2020.20714272677,369000
6,2,0.04968787432,649605.917755094,762669.774456859,650190.124959448,763483.958462578,0.06328987432,0.013602,2020.20714272677,2020.25683060109,369000
6,7,0.010799,649605.917755094,762669.774456859,622589.392920224,739793.327140307,0.024401,0.013602,2020.20714272677,2020.21794172677,369000
7,3,0.003369748634,622589.392920224,739793.327140307,630833.1809497,710488.906015016,0.027770748634,0.024401,2020.21794172677,2020.2213114754,369000
7,4,0.003369748634,622589.392920224,739793.327140307,622713.897443521,739914.240687457,0.027770748634,0.024401,2020.21794172677,2020.2213114754,369000
