node1,node2,length,startLat,startLon,endLat,endLon,endNodeL,startNodeL,startYear,endYear,treeID
5,1,0.06328987432,635705.012380973,739019.616588408,635664.136375935,739045.686487967,0.06328987432,0,2020.19354072677,2020.25683060109,540000
5,6,0.013602,635705.012380973,739019.616588408,650901.204108242,764104.848378565,0.013602,0,2020.19354072677,2020.20714272677,540000
6,2,0.04968787432,650901.204108242,764104.848378565,650190.124959448,763483.958462578,0.06328987432,0.013602,2020.20714272677,2020.25683060109,540000
6,7,0.010799,650901.204108242,764104.848378565,650996.2962107,764229.681123145,0.024401,0.013602,2020.20714272677,2020.21794172677,540000
7,3,0.003369748634,650996.2962107,764229.681123145,630833.1809497,710488.906015016,0.027770748634,0.024401,2020.21794172677,2020.2213114754,540000
7,4,0.003369748634,650996.2962107,764229.681123145,622713.897443521,739914.240687457,0.027770748634,0.024401,2020.21794172677,2020.2213114754,540000
