node1,node2,length,startLat,startLon,endLat,endLon,endNodeL,startNodeL,startYear,endYear,treeID
5,1,0.06328987432,635644.276563466,739071.972380351,635664.136375935,739045.686487967,0.06328987432,0,2020.19354072677,2020.25683060109,160000
5,6,0.013602,635644.276563466,739071.972380351,635563.793371538,738959.755274533,0.013602,0,2020.19354072677,2020.20714272677,160000
6,2,0.04968787432,635563.793371538,738959.755274533,650190.124959448,763483.958462578,0.06328987432,0.013602,2020.20714272677,2020.25683060109,160000
6,7,0.010799,635563.793371538,738959.755274533,622835.131049509,740057.921311644,0.024401,0.013602,2020.20714272677,2020.21794172677,160000
7,3,0.003369748634,622835.131049509,740057.921311644,630833.1809497,710488.906015016,0.027770748634,0.024401,2020.21794172677,2020.2213114754,160000
7,4,0.003369748634,622835.131049509,740057.921311644,622713.897443521,739914.240687457,0.027770748634,0.024401,2020.21794172677,2020.2213114754,160000
