node1,node2,length,startLat,startLon,endLat,endLon,endNodeL,startNodeL,startYear,endYear,treeID
4,1,0.0384536721200428,642412.191742695,732809.987140207,640160.559202575,730424.776735415,0.0384536721200428,0,2020.20471572678,2020.2431693989,691000
4,5,0.013424,642412.191742695,732809.987140207,642350.930633087,732721.784284077,0.013424,0,2020.20471572678,2020.21813972678,691000
5,2,0.0414231147400428,642350.930633087,732721.784284077,642383.689066873,732762.730697307,0.0548471147400428,0.013424,2020.21813972678,2020.25956284152,691000
5,3,0.0496198360600428,642350.930633087,732721.784284077,640544.816034726,730262.119768877,0.0630438360600428,0.013424,2020.21813972678,2020.26775956284,691000
