node1,node2,length,startLat,startLon,endLat,endLon,endNodeL,startNodeL,startYear,endYear,treeID
4,1,0.0384536721200428,643232.700062609,733651.893176131,640160.559202575,730424.776735415,0.0384536721200428,0,2020.20471572678,2020.2431693989,690000
4,5,0.013424,643232.700062609,733651.893176131,643278.017281176,733693.723039848,0.013424,0,2020.20471572678,2020.21813972678,690000
5,2,0.0414231147400428,643278.017281176,733693.723039848,642383.689066873,732762.730697307,0.0548471147400428,0.013424,2020.21813972678,2020.25956284152,690000
5,3,0.0496198360600428,643278.017281176,733693.723039848,640544.816034726,730262.119768877,0.0630438360600428,0.013424,2020.21813972678,2020.26775956284,690000
