node1,node2,length,startLat,startLon,endLat,endLon,endNodeL,startNodeL,startYear,endYear,treeID
4,1,0.0384536721200428,639875.949041737,730107.490567666,640160.559202575,730424.776735415,0.0384536721200428,0,2020.20471572678,2020.2431693989,592000
4,5,0.013424,639875.949041737,730107.490567666,641627.71776144,731963.834260348,0.013424,0,2020.20471572678,2020.21813972678,592000
5,2,0.0414231147400428,641627.71776144,731963.834260348,642383.689066873,732762.730697307,0.0548471147400428,0.013424,2020.21813972678,2020.25956284152,592000
5,3,0.0496198360600428,641627.71776144,731963.834260348,640544.816034726,730262.119768877,0.0630438360600428,0.013424,2020.21813972678,2020.26775956284,592000
