node1,node2,length,startLat,startLon,endLat,endLon,endNodeL,startNodeL,startYear,endYear,treeID
4,1,0.0384536721200428,639897.521608141,730090.990462833,640160.559202575,730424.776735415,0.0384536721200428,0,2020.20471572678,2020.2431693989,644000
4,5,0.013424,639897.521608141,730090.990462833,639840.485079097,730036.150713228,0.013424,0,2020.20471572678,2020.21813972678,644000
5,2,0.0414231147400428,639840.485079097,730036.150713228,642383.689066873,732762.730697307,0.0548471147400428,0.013424,2020.21813972678,2020.25956284152,644000
5,3,0.0496198360600428,639840.485079097,730036.150713228,640544.816034726,730262.119768877,0.0630438360600428,0.013424,2020.21813972678,2020.26775956284,644000
