node1,node2,length,startLat,startLon,endLat,endLon,endNodeL,startNodeL,startYear,endYear,treeID
4,1,0.0384536721200428,641493.063954138,731752.876080613,640160.559202575,730424.776735415,0.0384536721200428,0,2020.20471572678,2020.2431693989,838000
4,5,0.013424,641493.063954138,731752.876080613,641602.47989853,731877.105523732,0.013424,0,2020.20471572678,2020.21813972678,838000
5,2,0.0414231147400428,641602.47989853,731877.105523732,642383.689066873,732762.730697307,0.0548471147400428,0.013424,2020.21813972678,2020.25956284152,838000
5,3,0.0496198360600428,641602.47989853,731877.105523732,640544.816034726,730262.119768877,0.0630438360600428,0.013424,2020.21813972678,2020.26775956284,838000
