node1,node2,length,startLat,startLon,endLat,endLon,endNodeL,startNodeL,startYear,endYear,treeID
4,1,0.0384536721200428,641773.449183976,732023.957702551,640160.559202575,730424.776735415,0.0384536721200428,0,2020.20471572678,2020.2431693989,147000
4,5,0.013424,641773.449183976,732023.957702551,642129.757895046,732449.957623224,0.013424,0,2020.20471572678,2020.21813972678,147000
5,2,0.0414231147400428,642129.757895046,732449.957623224,642383.689066873,732762.730697307,0.0548471147400428,0.013424,2020.21813972678,2020.25956284152,147000
5,3,0.0496198360600428,642129.757895046,732449.957623224,640544.816034726,730262.119768877,0.0630438360600428,0.013424,2020.21813972678,2020.26775956284,147000
