node1,node2,length,startLat,startLon,endLat,endLon,endNodeL,startNodeL,startYear,endYear,treeID
4,3,0.00300060109282,661162.939962521,645264.489639045,627506.622862934,627243.933681249,0.00300060109282,0,2020.17186278689,2020.17486338798,1756000
4,5,0.00294,661162.939962521,645264.489639045,661252.250503424,645278.313465966,0.00294,0,2020.17186278689,2020.17480278689,1756000
5,1,6.06010926399998e-05,661252.250503424,645278.313465966,734133.267421025,653008.40781776,0.00300060109264,0.00294,2020.17480278689,2020.17486338798,1756000
5,2,6.06010926399998e-05,661252.250503424,645278.313465966,661233.003805924,645262.797794086,0.00300060109264,0.00294,2020.17480278689,2020.17486338798,1756000
