node1,node2,length,startLat,startLon,endLat,endLon,endNodeL,startNodeL,startYear,endYear,treeID
4,3,0.00300060109282,660685.842656441,644997.665561132,627506.622862934,627243.933681249,0.00300060109282,0,2020.17186278689,2020.17486338798,1558000
4,5,0.00294,660685.842656441,644997.665561132,661189.54904792,645253.262816373,0.00294,0,2020.17186278689,2020.17480278689,1558000
5,1,6.06010926399998e-05,661189.54904792,645253.262816373,734133.267421025,653008.40781776,0.00300060109264,0.00294,2020.17480278689,2020.17486338798,1558000
5,2,6.06010926399998e-05,661189.54904792,645253.262816373,661233.003805924,645262.797794086,0.00300060109264,0.00294,2020.17480278689,2020.17486338798,1558000
