node1,node2,length,startLat,startLon,endLat,endLon,endNodeL,startNodeL,startYear,endYear,treeID
4,3,0.00300060109282,627508.51601927,627446.097213299,627506.622862934,627243.933681249,0.00300060109282,0,2020.17186278689,2020.17486338798,9172000
4,5,0.00294,627508.51601927,627446.097213299,627524.911142521,627386.067773068,0.00294,0,2020.17186278689,2020.17480278689,9172000
5,1,6.06010926399998e-05,627524.911142521,627386.067773068,734133.267421025,653008.40781776,0.00300060109264,0.00294,2020.17480278689,2020.17486338798,9172000
5,2,6.06010926399998e-05,627524.911142521,627386.067773068,661233.003805924,645262.797794086,0.00300060109264,0.00294,2020.17480278689,2020.17486338798,9172000
