node1,node2,length,startLat,startLon,endLat,endLon,endNodeL,startNodeL,startYear,endYear,treeID
4,3,0.00300060109282,627581.106377034,627345.837342134,627506.622862934,627243.933681249,0.00300060109282,0,2020.17186278689,2020.17486338798,8938000
4,5,0.00294,627581.106377034,627345.837342134,629001.732695271,628136.442572083,0.00294,0,2020.17186278689,2020.17480278689,8938000
5,1,6.06010926399998e-05,629001.732695271,628136.442572083,734133.267421025,653008.40781776,0.00300060109264,0.00294,2020.17480278689,2020.17486338798,8938000
5,2,6.06010926399998e-05,629001.732695271,628136.442572083,661233.003805924,645262.797794086,0.00300060109264,0.00294,2020.17480278689,2020.17486338798,8938000
