node1,node2,length,startLat,startLon,endLat,endLon,endNodeL,startNodeL,startYear,endYear,treeID
4,3,0.00300060109282,626944.966086424,626505.836448514,627506.622862934,627243.933681249,0.00300060109282,0,2020.17186278689,2020.17486338798,4060000
4,5,0.00294,626944.966086424,626505.836448514,661178.370983224,645224.171982436,0.00294,0,2020.17186278689,2020.17480278689,4060000
5,1,6.06010926399998e-05,661178.370983224,645224.171982436,734133.267421025,653008.40781776,0.00300060109264,0.00294,2020.17480278689,2020.17486338798,4060000
5,2,6.06010926399998e-05,661178.370983224,645224.171982436,661233.003805924,645262.797794086,0.00300060109264,0.00294,2020.17480278689,2020.17486338798,4060000
