node1,node2,length,startLat,startLon,endLat,endLon,endNodeL,startNodeL,startYear,endYear,treeID
4,3,0.00300060109282,624300.102467964,624035.45284229,627506.622862934,627243.933681249,0.00300060109282,0,2020.17186278689,2020.17486338798,3637000
4,5,0.00294,624300.102467964,624035.45284229,661218.395140115,645247.62840859,0.00294,0,2020.17186278689,2020.17480278689,3637000
5,1,6.06010926399998e-05,661218.395140115,645247.62840859,734133.267421025,653008.40781776,0.00300060109264,0.00294,2020.17480278689,2020.17486338798,3637000
5,2,6.06010926399998e-05,661218.395140115,645247.62840859,661233.003805924,645262.797794086,0.00300060109264,0.00294,2020.17480278689,2020.17486338798,3637000
