node1,node2,length,startLat,startLon,endLat,endLon,endNodeL,startNodeL,startYear,endYear,treeID
5,6,0.016279,623858.570827576,616621.514259835,624059.358002547,614055.101028325,0.016279,0,2020.19993472677,2020.21621372677,873000
5,7,0.016279,623858.570827576,616621.514259835,624059.358002547,614055.101028325,0.016279,0,2020.19993472677,2020.21621372677,873000
6,1,0.01056222951,624059.358002547,614055.101028325,623664.797164965,612905.713847139,0.02684122951,0.016279,2020.21621372677,2020.22677595628,873000
6,2,0.01056222951,624059.358002547,614055.101028325,625470.055509299,619953.197255755,0.02684122951,0.016279,2020.21621372677,2020.22677595628,873000
7,3,0.01056222951,624059.358002547,614055.101028325,627391.553981082,656778.186376397,0.02684122951,0.016279,2020.21621372677,2020.22677595628,873000
7,4,0.01056222951,624059.358002547,614055.101028325,623717.131475264,618295.88009146,0.02684122951,0.016279,2020.21621372677,2020.22677595628,873000
