node1,node2,length,startLat,startLon,endLat,endLon,endNodeL,startNodeL,startYear,endYear,treeID
9,1,0.0641286409730963,639441.127587186,742334.349378774,631452.569877643,759777.613056056,0.0641286409730963,0,2020.17904075793,2020.2431693989,732000
9,10,0.00909533046699999,639441.127587186,742334.349378774,639876.091291683,742653.343302941,0.00909533046699999,0,2020.17904075793,2020.1881360884,732000
10,2,0.0140497039530963,639876.091291683,742653.343302941,639164.587600401,740258.390806216,0.0231450344200963,0.00909533046699999,2020.1881360884,2020.20218579235,732000
10,11,0.006987243463,639876.091291683,742653.343302941,644954.146015343,729932.028712158,0.01608257393,0.00909533046699999,2020.1881360884,2020.19512333186,732000
11,3,0.0234559031130963,644954.146015343,729932.028712158,644441.748333136,732874.078766372,0.0395384770430963,0.01608257393,2020.19512333186,2020.21857923497,732000
11,12,0.005945680221,644954.146015343,729932.028712158,646597.941285784,733557.613678163,0.022028254151,0.01608257393,2020.19512333186,2020.20106901208,732000
12,4,0.0421003868230963,646597.941285784,733557.613678163,632764.232527767,702996.843790149,0.0641286409740963,0.022028254151,2020.20106901208,2020.2431693989,732000
12,13,0.005067836496,646597.941285784,733557.613678163,646607.958193945,733636.690057048,0.027096090647,0.022028254151,2020.20106901208,2020.20613684858,732000
13,5,0.0479615120830963,646607.958193945,733636.690057048,652188.20155005,729202.785337269,0.0750576027300963,0.027096090647,2020.20613684858,2020.25409836066,732000
13,14,0.00385216857,646607.958193945,733636.690057048,646296.815827285,735453.117943157,0.030948259217,0.027096090647,2020.20613684858,2020.20998901715,732000
14,6,0.0113224582630963,646296.815827285,735453.117943157,645586.458051312,731789.661058068,0.0422707174800963,0.030948259217,2020.20998901715,2020.22131147541,732000
14,15,0.002786317662,646296.815827285,735453.117943157,649284.817318819,737287.954018132,0.033734576879,0.030948259217,2020.20998901715,2020.21277533481,732000
15,7,0.000339419289296275,649284.817318819,737287.954018132,649483.073355096,737240.176582849,0.0340739961682963,0.033734576879,2020.21277533481,2020.2131147541,732000
15,8,0.0303940641030963,649284.817318819,737287.954018132,653900.406062806,726974.943733337,0.0641286409820963,0.033734576879,2020.21277533481,2020.24316939891,732000
