node1,node2,length,startLat,startLon,endLat,endLon,endNodeL,startNodeL,startYear,endYear,treeID
5,6,0.016279,624011.897940045,619276.901686251,623772.075482711,617894.57242808,0.016279,0,2020.19993472677,2020.21621372677,193000
5,7,0.016279,624011.897940045,619276.901686251,623772.075482711,617894.57242808,0.016279,0,2020.19993472677,2020.21621372677,193000
6,1,0.01056222951,623772.075482711,617894.57242808,623664.797164965,612905.713847139,0.02684122951,0.016279,2020.21621372677,2020.22677595628,193000
6,2,0.01056222951,623772.075482711,617894.57242808,625470.055509299,619953.197255755,0.02684122951,0.016279,2020.21621372677,2020.22677595628,193000
7,3,0.01056222951,623772.075482711,617894.57242808,627391.553981082,656778.186376397,0.02684122951,0.016279,2020.21621372677,2020.22677595628,193000
7,4,0.01056222951,623772.075482711,617894.57242808,623717.131475264,618295.88009146,0.02684122951,0.016279,2020.21621372677,2020.22677595628,193000
