node1,node2,length,startLat,startLon,endLat,endLon,endNodeL,startNodeL,startYear,endYear,treeID
9,1,0.0641286409730963,635013.176330581,748577.29053283,631452.569877643,759777.613056056,0.0641286409730963,0,2020.17904075793,2020.2431693989,423000
9,10,0.00909533046699999,635013.176330581,748577.29053283,638715.899671716,740672.842053821,0.00909533046699999,0,2020.17904075793,2020.1881360884,423000
10,2,0.0140497039530963,638715.899671716,740672.842053821,639164.587600401,740258.390806216,0.0231450344200963,0.00909533046699999,2020.1881360884,2020.20218579235,423000
10,11,0.006987243463,638715.899671716,740672.842053821,642693.946426612,735924.588032263,0.01608257393,0.00909533046699999,2020.1881360884,2020.19512333186,423000
11,3,0.0234559031130963,642693.946426612,735924.588032263,644441.748333136,732874.078766372,0.0395384770430963,0.01608257393,2020.19512333186,2020.21857923497,423000
11,12,0.005945680221,642693.946426612,735924.588032263,642481.581851341,735989.50222196,0.022028254151,0.01608257393,2020.19512333186,2020.20106901208,423000
12,4,0.0421003868230963,642481.581851341,735989.50222196,632764.232527767,702996.843790149,0.0641286409740963,0.022028254151,2020.20106901208,2020.2431693989,423000
12,13,0.005067836496,642481.581851341,735989.50222196,643520.653236281,735292.342475821,0.027096090647,0.022028254151,2020.20106901208,2020.20613684858,423000
13,5,0.0479615120830963,643520.653236281,735292.342475821,652188.20155005,729202.785337269,0.0750576027300963,0.027096090647,2020.20613684858,2020.25409836066,423000
13,14,0.00385216857,643520.653236281,735292.342475821,644974.634348785,733238.26157708,0.030948259217,0.027096090647,2020.20613684858,2020.20998901715,423000
14,6,0.0113224582630963,644974.634348785,733238.26157708,645586.458051312,731789.661058068,0.0422707174800963,0.030948259217,2020.20998901715,2020.22131147541,423000
14,15,0.002786317662,644974.634348785,733238.26157708,647969.885460743,739975.596117737,0.033734576879,0.030948259217,2020.20998901715,2020.21277533481,423000
15,7,0.000339419289296275,647969.885460743,739975.596117737,649483.073355096,737240.176582849,0.0340739961682963,0.033734576879,2020.21277533481,2020.2131147541,423000
15,8,0.0303940641030963,647969.885460743,739975.596117737,653900.406062806,726974.943733337,0.0641286409820963,0.033734576879,2020.21277533481,2020.24316939891,423000
