node1,node2,length,startLat,startLon,endLat,endLon,endNodeL,startNodeL,startYear,endYear,treeID
9,1,0.0641286409730963,628526.435795733,766060.325009066,631452.569877643,759777.613056056,0.0641286409730963,0,2020.17904075793,2020.2431693989,661000
9,10,0.00909533046699999,628526.435795733,766060.325009066,628446.882955236,766240.62495777,0.00909533046699999,0,2020.17904075793,2020.1881360884,661000
10,2,0.0140497039530963,628446.882955236,766240.62495777,639164.587600401,740258.390806216,0.0231450344200963,0.00909533046699999,2020.1881360884,2020.20218579235,661000
10,11,0.006987243463,628446.882955236,766240.62495777,644624.896543614,732399.867045023,0.01608257393,0.00909533046699999,2020.1881360884,2020.19512333186,661000
11,3,0.0234559031130963,644624.896543614,732399.867045023,644441.748333136,732874.078766372,0.0395384770430963,0.01608257393,2020.19512333186,2020.21857923497,661000
11,12,0.005945680221,644624.896543614,732399.867045023,646035.105700271,730777.182678213,0.022028254151,0.01608257393,2020.19512333186,2020.20106901208,661000
12,4,0.0421003868230963,646035.105700271,730777.182678213,632764.232527767,702996.843790149,0.0641286409740963,0.022028254151,2020.20106901208,2020.2431693989,661000
12,13,0.005067836496,646035.105700271,730777.182678213,646301.480378381,730351.294671308,0.027096090647,0.022028254151,2020.20106901208,2020.20613684858,661000
13,5,0.0479615120830963,646301.480378381,730351.294671308,652188.20155005,729202.785337269,0.0750576027300963,0.027096090647,2020.20613684858,2020.25409836066,661000
13,14,0.00385216857,646301.480378381,730351.294671308,645913.565386031,731098.345394624,0.030948259217,0.027096090647,2020.20613684858,2020.20998901715,661000
14,6,0.0113224582630963,645913.565386031,731098.345394624,645586.458051312,731789.661058068,0.0422707174800963,0.030948259217,2020.20998901715,2020.22131147541,661000
14,15,0.002786317662,645913.565386031,731098.345394624,649524.308696189,737165.783202637,0.033734576879,0.030948259217,2020.20998901715,2020.21277533481,661000
15,7,0.000339419289296275,649524.308696189,737165.783202637,649483.073355096,737240.176582849,0.0340739961682963,0.033734576879,2020.21277533481,2020.2131147541,661000
15,8,0.0303940641030963,649524.308696189,737165.783202637,653900.406062806,726974.943733337,0.0641286409820963,0.033734576879,2020.21277533481,2020.24316939891,661000
