node1,node2,length,startLat,startLon,endLat,endLon,endNodeL,startNodeL,startYear,endYear,treeID
9,1,0.0641286409730963,631093.276313402,760243.28389912,631452.569877643,759777.613056056,0.0641286409730963,0,2020.17904075793,2020.2431693989,111000
9,10,0.00909533046699999,631093.276313402,760243.28389912,637105.127681018,747141.460960429,0.00909533046699999,0,2020.17904075793,2020.1881360884,111000
10,2,0.0140497039530963,637105.127681018,747141.460960429,639164.587600401,740258.390806216,0.0231450344200963,0.00909533046699999,2020.1881360884,2020.20218579235,111000
10,11,0.006987243463,637105.127681018,747141.460960429,636250.104795067,748525.435413619,0.01608257393,0.00909533046699999,2020.1881360884,2020.19512333186,111000
11,3,0.0234559031130963,636250.104795067,748525.435413619,644441.748333136,732874.078766372,0.0395384770430963,0.01608257393,2020.19512333186,2020.21857923497,111000
11,12,0.005945680221,636250.104795067,748525.435413619,652848.312269238,728840.963246862,0.022028254151,0.01608257393,2020.19512333186,2020.20106901208,111000
12,4,0.0421003868230963,652848.312269238,728840.963246862,632764.232527767,702996.843790149,0.0641286409740963,0.022028254151,2020.20106901208,2020.2431693989,111000
12,13,0.005067836496,652848.312269238,728840.963246862,652560.438768476,728623.532285872,0.027096090647,0.022028254151,2020.20106901208,2020.20613684858,111000
13,5,0.0479615120830963,652560.438768476,728623.532285872,652188.20155005,729202.785337269,0.0750576027300963,0.027096090647,2020.20613684858,2020.25409836066,111000
13,14,0.00385216857,652560.438768476,728623.532285872,652698.776517635,728371.319766288,0.030948259217,0.027096090647,2020.20613684858,2020.20998901715,111000
14,6,0.0113224582630963,652698.776517635,728371.319766288,645586.458051312,731789.661058068,0.0422707174800963,0.030948259217,2020.20998901715,2020.22131147541,111000
14,15,0.002786317662,652698.776517635,728371.319766288,653131.146622587,727841.87550865,0.033734576879,0.030948259217,2020.20998901715,2020.21277533481,111000
15,7,0.000339419289296275,653131.146622587,727841.87550865,649483.073355096,737240.176582849,0.0340739961682963,0.033734576879,2020.21277533481,2020.2131147541,111000
15,8,0.0303940641030963,653131.146622587,727841.87550865,653900.406062806,726974.943733337,0.0641286409820963,0.033734576879,2020.21277533481,2020.24316939891,111000
