node1,node2,length,startLat,startLon,endLat,endLon,endNodeL,startNodeL,startYear,endYear,treeID
9,1,0.0641286409730963,639439.831126599,730456.789565161,631452.569877643,759777.613056056,0.0641286409730963,0,2020.17904075793,2020.2431693989,258000
9,10,0.00909533046699999,639439.831126599,730456.789565161,643238.408938581,735804.19341884,0.00909533046699999,0,2020.17904075793,2020.1881360884,258000
10,2,0.0140497039530963,643238.408938581,735804.19341884,639164.587600401,740258.390806216,0.0231450344200963,0.00909533046699999,2020.1881360884,2020.20218579235,258000
10,11,0.006987243463,643238.408938581,735804.19341884,645043.277922872,732463.610137245,0.01608257393,0.00909533046699999,2020.1881360884,2020.19512333186,258000
11,3,0.0234559031130963,645043.277922872,732463.610137245,644441.748333136,732874.078766372,0.0395384770430963,0.01608257393,2020.19512333186,2020.21857923497,258000
11,12,0.005945680221,645043.277922872,732463.610137245,645418.69885308,732408.710079206,0.022028254151,0.01608257393,2020.19512333186,2020.20106901208,258000
12,4,0.0421003868230963,645418.69885308,732408.710079206,632764.232527767,702996.843790149,0.0641286409740963,0.022028254151,2020.20106901208,2020.2431693989,258000
12,13,0.005067836496,645418.69885308,732408.710079206,651747.783886122,732042.34442425,0.027096090647,0.022028254151,2020.20106901208,2020.20613684858,258000
13,5,0.0479615120830963,651747.783886122,732042.34442425,652188.20155005,729202.785337269,0.0750576027300963,0.027096090647,2020.20613684858,2020.25409836066,258000
13,14,0.00385216857,651747.783886122,732042.34442425,650347.602434661,732067.528999985,0.030948259217,0.027096090647,2020.20613684858,2020.20998901715,258000
14,6,0.0113224582630963,650347.602434661,732067.528999985,645586.458051312,731789.661058068,0.0422707174800963,0.030948259217,2020.20998901715,2020.22131147541,258000
14,15,0.002786317662,650347.602434661,732067.528999985,650785.83624297,731907.938271452,0.033734576879,0.030948259217,2020.20998901715,2020.21277533481,258000
15,7,0.000339419289296275,650785.83624297,731907.938271452,649483.073355096,737240.176582849,0.0340739961682963,0.033734576879,2020.21277533481,2020.2131147541,258000
15,8,0.0303940641030963,650785.83624297,731907.938271452,653900.406062806,726974.943733337,0.0641286409820963,0.033734576879,2020.21277533481,2020.24316939891,258000
