node1,node2,length,startLat,startLon,endLat,endLon,endNodeL,startNodeL,startYear,endYear,treeID
9,1,0.0641286409730963,641766.116671072,736916.503682479,631452.569877643,759777.613056056,0.0641286409730963,0,2020.17904075793,2020.2431693989,881000
9,10,0.00909533046699999,641766.116671072,736916.503682479,638932.309314184,740550.524423998,0.00909533046699999,0,2020.17904075793,2020.1881360884,881000
10,2,0.0140497039530963,638932.309314184,740550.524423998,639164.587600401,740258.390806216,0.0231450344200963,0.00909533046699999,2020.1881360884,2020.20218579235,881000
10,11,0.006987243463,638932.309314184,740550.524423998,644531.720581215,732629.957748053,0.01608257393,0.00909533046699999,2020.1881360884,2020.19512333186,881000
11,3,0.0234559031130963,644531.720581215,732629.957748053,644441.748333136,732874.078766372,0.0395384770430963,0.01608257393,2020.19512333186,2020.21857923497,881000
11,12,0.005945680221,644531.720581215,732629.957748053,644451.546891283,732347.687702843,0.022028254151,0.01608257393,2020.19512333186,2020.20106901208,881000
12,4,0.0421003868230963,644451.546891283,732347.687702843,632764.232527767,702996.843790149,0.0641286409740963,0.022028254151,2020.20106901208,2020.2431693989,881000
12,13,0.005067836496,644451.546891283,732347.687702843,643961.208570848,733065.549841108,0.027096090647,0.022028254151,2020.20106901208,2020.20613684858,881000
13,5,0.0479615120830963,643961.208570848,733065.549841108,652188.20155005,729202.785337269,0.0750576027300963,0.027096090647,2020.20613684858,2020.25409836066,881000
13,14,0.00385216857,643961.208570848,733065.549841108,644838.022975663,732157.46896256,0.030948259217,0.027096090647,2020.20613684858,2020.20998901715,881000
14,6,0.0113224582630963,644838.022975663,732157.46896256,645586.458051312,731789.661058068,0.0422707174800963,0.030948259217,2020.20998901715,2020.22131147541,881000
14,15,0.002786317662,644838.022975663,732157.46896256,653444.964169885,728175.242656559,0.033734576879,0.030948259217,2020.20998901715,2020.21277533481,881000
15,7,0.000339419289296275,653444.964169885,728175.242656559,649483.073355096,737240.176582849,0.0340739961682963,0.033734576879,2020.21277533481,2020.2131147541,881000
15,8,0.0303940641030963,653444.964169885,728175.242656559,653900.406062806,726974.943733337,0.0641286409820963,0.033734576879,2020.21277533481,2020.24316939891,881000
