node1,node2,length,startLat,startLon,endLat,endLon,endNodeL,startNodeL,startYear,endYear,treeID
5,6,0.016279,625065.046934063,619538.316499836,625112.614644112,619573.351551103,0.016279,0,2020.19993472677,2020.21621372677,855000
5,7,0.016279,625065.046934063,619538.316499836,625112.614644112,619573.351551103,0.016279,0,2020.19993472677,2020.21621372677,855000
6,1,0.01056222951,625112.614644112,619573.351551103,623664.797164965,612905.713847139,0.02684122951,0.016279,2020.21621372677,2020.22677595628,855000
6,2,0.01056222951,625112.614644112,619573.351551103,625470.055509299,619953.197255755,0.02684122951,0.016279,2020.21621372677,2020.22677595628,855000
7,3,0.01056222951,625112.614644112,619573.351551103,627391.553981082,656778.186376397,0.02684122951,0.016279,2020.21621372677,2020.22677595628,855000
7,4,0.01056222951,625112.614644112,619573.351551103,623717.131475264,618295.88009146,0.02684122951,0.016279,2020.21621372677,2020.22677595628,855000
