node1,node2,length,startLat,startLon,endLat,endLon,endNodeL,startNodeL,startYear,endYear,treeID
9,1,0.0641286409730963,638676.440277283,739615.285900773,631452.569877643,759777.613056056,0.0641286409730963,0,2020.17904075793,2020.2431693989,1003000
9,10,0.00909533046699999,638676.440277283,739615.285900773,638991.895485033,739793.2217706,0.00909533046699999,0,2020.17904075793,2020.1881360884,1003000
10,2,0.0140497039530963,638991.895485033,739793.2217706,639164.587600401,740258.390806216,0.0231450344200963,0.00909533046699999,2020.1881360884,2020.20218579235,1003000
10,11,0.006987243463,638991.895485033,739793.2217706,646655.033337884,733981.029037628,0.01608257393,0.00909533046699999,2020.1881360884,2020.19512333186,1003000
11,3,0.0234559031130963,646655.033337884,733981.029037628,644441.748333136,732874.078766372,0.0395384770430963,0.01608257393,2020.19512333186,2020.21857923497,1003000
11,12,0.005945680221,646655.033337884,733981.029037628,646677.244319225,734598.066571545,0.022028254151,0.01608257393,2020.19512333186,2020.20106901208,1003000
12,4,0.0421003868230963,646677.244319225,734598.066571545,632764.232527767,702996.843790149,0.0641286409740963,0.022028254151,2020.20106901208,2020.2431693989,1003000
12,13,0.005067836496,646677.244319225,734598.066571545,646734.432871935,731322.094027754,0.027096090647,0.022028254151,2020.20106901208,2020.20613684858,1003000
13,5,0.0479615120830963,646734.432871935,731322.094027754,652188.20155005,729202.785337269,0.0750576027300963,0.027096090647,2020.20613684858,2020.25409836066,1003000
13,14,0.00385216857,646734.432871935,731322.094027754,646179.985919164,732045.30362457,0.030948259217,0.027096090647,2020.20613684858,2020.20998901715,1003000
14,6,0.0113224582630963,646179.985919164,732045.30362457,645586.458051312,731789.661058068,0.0422707174800963,0.030948259217,2020.20998901715,2020.22131147541,1003000
14,15,0.002786317662,646179.985919164,732045.30362457,649609.928842608,737077.033589102,0.033734576879,0.030948259217,2020.20998901715,2020.21277533481,1003000
15,7,0.000339419289296275,649609.928842608,737077.033589102,649483.073355096,737240.176582849,0.0340739961682963,0.033734576879,2020.21277533481,2020.2131147541,1003000
15,8,0.0303940641030963,649609.928842608,737077.033589102,653900.406062806,726974.943733337,0.0641286409820963,0.033734576879,2020.21277533481,2020.24316939891,1003000
