node1,node2,length,startLat,startLon,endLat,endLon,endNodeL,startNodeL,startYear,endYear,treeID
5,6,0.000161999999999995,638764.341436933,736238.237949936,638822.914832786,735631.452572696,0.000161999999999995,0,2020.19729108197,2020.19745308197,3655000
5,7,0.026742,638764.341436933,736238.237949936,655118.896999994,644147.585963677,0.026742,0,2020.19729108197,2020.22403308197,3655000
6,1,0.064842,638822.914832786,735631.452572696,638839.13732636,737358.121272238,0.065004,0.000161999999999995,2020.19745308197,2020.26229508197,3655000
6,2,0.048449,638822.914832786,735631.452572696,648095.480354975,751189.117838704,0.048611,0.000161999999999995,2020.19745308197,2020.24590208197,3655000
7,3,1.09999999999971e-05,655118.896999994,644147.585963677,653766.978241712,654531.150350743,0.026753,0.026742,2020.22403308197,2020.22404408197,3655000
7,4,1.09999999999971e-05,655118.896999994,644147.585963677,656679.730805332,633763.770828808,0.026753,0.026742,2020.22403308197,2020.22404408197,3655000
