node1,node2,length,startLat,startLon,endLat,endLon,endNodeL,startNodeL,startYear,endYear,treeID
5,6,0.000161999999999995,636709.047946018,748014.547204825,636784.577162054,747747.091087675,0.000161999999999995,0,2020.19729108197,2020.19745308197,4636000
5,7,0.026742,636709.047946018,748014.547204825,653804.966019868,654744.901731759,0.026742,0,2020.19729108197,2020.22403308197,4636000
6,1,0.064842,636784.577162054,747747.091087675,638839.13732636,737358.121272238,0.065004,0.000161999999999995,2020.19745308197,2020.26229508197,4636000
6,2,0.048449,636784.577162054,747747.091087675,648095.480354975,751189.117838704,0.048611,0.000161999999999995,2020.19745308197,2020.24590208197,4636000
7,3,1.09999999999971e-05,653804.966019868,654744.901731759,653766.978241712,654531.150350743,0.026753,0.026742,2020.22403308197,2020.22404408197,4636000
7,4,1.09999999999971e-05,653804.966019868,654744.901731759,656679.730805332,633763.770828808,0.026753,0.026742,2020.22403308197,2020.22404408197,4636000
