node1,node2,length,startLat,startLon,endLat,endLon,endNodeL,startNodeL,startYear,endYear,treeID
5,6,0.000161999999999995,645133.966003573,752444.355392614,645131.344635641,752432.465973584,0.000161999999999995,0,2020.19729108197,2020.19745308197,4150000
5,7,0.026742,645133.966003573,752444.355392614,656719.998265384,633811.28524766,0.026742,0,2020.19729108197,2020.22403308197,4150000
6,1,0.064842,645131.344635641,752432.465973584,638839.13732636,737358.121272238,0.065004,0.000161999999999995,2020.19745308197,2020.26229508197,4150000
6,2,0.048449,645131.344635641,752432.465973584,648095.480354975,751189.117838704,0.048611,0.000161999999999995,2020.19745308197,2020.24590208197,4150000
7,3,1.09999999999971e-05,656719.998265384,633811.28524766,653766.978241712,654531.150350743,0.026753,0.026742,2020.22403308197,2020.22404408197,4150000
7,4,1.09999999999971e-05,656719.998265384,633811.28524766,656679.730805332,633763.770828808,0.026753,0.026742,2020.22403308197,2020.22404408197,4150000
