node1,node2,length,startLat,startLon,endLat,endLon,endNodeL,startNodeL,startYear,endYear,treeID
5,6,0.000161999999999995,648322.840243285,751542.307769793,648248.044576046,751419.910165879,0.000161999999999995,0,2020.19729108197,2020.19745308197,8587000
5,7,0.026742,648322.840243285,751542.307769793,656671.341361326,633748.261440351,0.026742,0,2020.19729108197,2020.22403308197,8587000
6,1,0.064842,648248.044576046,751419.910165879,638839.13732636,737358.121272238,0.065004,0.000161999999999995,2020.19745308197,2020.26229508197,8587000
6,2,0.048449,648248.044576046,751419.910165879,648095.480354975,751189.117838704,0.048611,0.000161999999999995,2020.19745308197,2020.24590208197,8587000
7,3,1.09999999999971e-05,656671.341361326,633748.261440351,653766.978241712,654531.150350743,0.026753,0.026742,2020.22403308197,2020.22404408197,8587000
7,4,1.09999999999971e-05,656671.341361326,633748.261440351,656679.730805332,633763.770828808,0.026753,0.026742,2020.22403308197,2020.22404408197,8587000
