node1,node2,length,startLat,startLon,endLat,endLon,endNodeL,startNodeL,startYear,endYear,treeID
5,6,0.000161999999999995,653373.419044501,660211.917928414,653381.643196521,660081.257776254,0.000161999999999995,0,2020.19729108197,2020.19745308197,8191000
5,7,0.026742,653373.419044501,660211.917928414,653769.701555097,654474.362136559,0.026742,0,2020.19729108197,2020.22403308197,8191000
6,1,0.064842,653381.643196521,660081.257776254,638839.13732636,737358.121272238,0.065004,0.000161999999999995,2020.19745308197,2020.26229508197,8191000
6,2,0.048449,653381.643196521,660081.257776254,648095.480354975,751189.117838704,0.048611,0.000161999999999995,2020.19745308197,2020.24590208197,8191000
7,3,1.09999999999971e-05,653769.701555097,654474.362136559,653766.978241712,654531.150350743,0.026753,0.026742,2020.22403308197,2020.22404408197,8191000
7,4,1.09999999999971e-05,653769.701555097,654474.362136559,656679.730805332,633763.770828808,0.026753,0.026742,2020.22403308197,2020.22404408197,8191000
