node1,node2,length,startLat,startLon,endLat,endLon,endNodeL,startNodeL,startYear,endYear,treeID
5,6,0.000161999999999995,639002.096290699,737911.713040026,639041.730409822,737975.863670317,0.000161999999999995,0,2020.19729108197,2020.19745308197,5068000
5,7,0.026742,639002.096290699,737911.713040026,656689.870254318,633786.052312188,0.026742,0,2020.19729108197,2020.22403308197,5068000
6,1,0.064842,639041.730409822,737975.863670317,638839.13732636,737358.121272238,0.065004,0.000161999999999995,2020.19745308197,2020.26229508197,5068000
6,2,0.048449,639041.730409822,737975.863670317,648095.480354975,751189.117838704,0.048611,0.000161999999999995,2020.19745308197,2020.24590208197,5068000
7,3,1.09999999999971e-05,656689.870254318,633786.052312188,653766.978241712,654531.150350743,0.026753,0.026742,2020.22403308197,2020.22404408197,5068000
7,4,1.09999999999971e-05,656689.870254318,633786.052312188,656679.730805332,633763.770828808,0.026753,0.026742,2020.22403308197,2020.22404408197,5068000
