node1,node2,length,startLat,startLon,endLat,endLon,endNodeL,startNodeL,startYear,endYear,treeID
7,1,0.0142235847000365,651629.370448483,740177.469429518,652494.112754967,740199.296370904,0.0142235847000365,0,2020.18249772678,2020.19672131148,789000
7,8,0.008269,651629.370448483,740177.469429518,650140.859025105,736026.783774098,0.008269,0,2020.18249772678,2020.19076672678,789000
8,9,0.027175,650140.859025105,736026.783774098,641796.946839539,732087.368515266,0.035444,0.008269,2020.19076672678,2020.21794172678,789000
8,10,0.016815,650140.859025105,736026.783774098,649510.212880166,735634.442866735,0.025084,0.008269,2020.19076672678,2020.20758172678,789000
9,2,0.00336974863403645,641796.946839539,732087.368515266,648995.460703609,705615.101631964,0.0388137486340365,0.035444,2020.21794172678,2020.22131147541,789000
9,3,0.00336974863403645,641796.946839539,732087.368515266,641395.377176478,732318.156749794,0.0388137486340365,0.035444,2020.21794172678,2020.22131147541,789000
10,4,0.0137297486300365,649510.212880166,735634.442866735,649781.653696367,735631.223545193,0.0388137486300365,0.025084,2020.20758172678,2020.22131147541,789000
10,11,0.008325,649510.212880166,735634.442866735,631335.799145355,734354.639615448,0.033409,0.025084,2020.20758172678,2020.21590672678,789000
11,5,0.0272626721300365,631335.799145355,734354.639615448,631795.228335911,733787.474742572,0.0606716721300365,0.033409,2020.21590672678,2020.24316939891,789000
11,6,0.0436561147500365,631335.799145355,734354.639615448,667234.246269789,651824.222647266,0.0770651147500365,0.033409,2020.21590672678,2020.25956284153,789000
