node1,node2,length,startLat,startLon,endLat,endLon,endNodeL,startNodeL,startYear,endYear,treeID
7,1,0.0142235847000365,650784.956559693,738774.333324612,652494.112754967,740199.296370904,0.0142235847000365,0,2020.18249772678,2020.19672131148,802000
7,8,0.008269,650784.956559693,738774.333324612,651939.607842525,739660.354523116,0.008269,0,2020.18249772678,2020.19076672678,802000
8,9,0.027175,651939.607842525,739660.354523116,641649.791140705,732536.408863829,0.035444,0.008269,2020.19076672678,2020.21794172678,802000
8,10,0.016815,651939.607842525,739660.354523116,652803.113971607,739654.494848965,0.025084,0.008269,2020.19076672678,2020.20758172678,802000
9,2,0.00336974863403645,641649.791140705,732536.408863829,648995.460703609,705615.101631964,0.0388137486340365,0.035444,2020.21794172678,2020.22131147541,802000
9,3,0.00336974863403645,641649.791140705,732536.408863829,641395.377176478,732318.156749794,0.0388137486340365,0.035444,2020.21794172678,2020.22131147541,802000
10,4,0.0137297486300365,652803.113971607,739654.494848965,649781.653696367,735631.223545193,0.0388137486300365,0.025084,2020.20758172678,2020.22131147541,802000
10,11,0.008325,652803.113971607,739654.494848965,631837.512331175,733845.194461286,0.033409,0.025084,2020.20758172678,2020.21590672678,802000
11,5,0.0272626721300365,631837.512331175,733845.194461286,631795.228335911,733787.474742572,0.0606716721300365,0.033409,2020.21590672678,2020.24316939891,802000
11,6,0.0436561147500365,631837.512331175,733845.194461286,667234.246269789,651824.222647266,0.0770651147500365,0.033409,2020.21590672678,2020.25956284153,802000
