node1,node2,length,startLat,startLon,endLat,endLon,endNodeL,startNodeL,startYear,endYear,treeID
7,1,0.0142235847000365,652671.842149142,740278.884864091,652494.112754967,740199.296370904,0.0142235847000365,0,2020.18249772678,2020.19672131148,145000
7,8,0.008269,652671.842149142,740278.884864091,649453.987798033,735021.591786067,0.008269,0,2020.18249772678,2020.19076672678,145000
8,9,0.027175,649453.987798033,735021.591786067,641661.679488541,732792.766950526,0.035444,0.008269,2020.19076672678,2020.21794172678,145000
8,10,0.016815,649453.987798033,735021.591786067,649355.538961276,735187.300750953,0.025084,0.008269,2020.19076672678,2020.20758172678,145000
9,2,0.00336974863403645,641661.679488541,732792.766950526,648995.460703609,705615.101631964,0.0388137486340365,0.035444,2020.21794172678,2020.22131147541,145000
9,3,0.00336974863403645,641661.679488541,732792.766950526,641395.377176478,732318.156749794,0.0388137486340365,0.035444,2020.21794172678,2020.22131147541,145000
10,4,0.0137297486300365,649355.538961276,735187.300750953,649781.653696367,735631.223545193,0.0388137486300365,0.025084,2020.20758172678,2020.22131147541,145000
10,11,0.008325,649355.538961276,735187.300750953,647091.104671656,735225.480545927,0.033409,0.025084,2020.20758172678,2020.21590672678,145000
11,5,0.0272626721300365,647091.104671656,735225.480545927,631795.228335911,733787.474742572,0.0606716721300365,0.033409,2020.21590672678,2020.24316939891,145000
11,6,0.0436561147500365,647091.104671656,735225.480545927,667234.246269789,651824.222647266,0.0770651147500365,0.033409,2020.21590672678,2020.25956284153,145000
