node1,node2,length,startLat,startLon,endLat,endLon,endNodeL,startNodeL,startYear,endYear,treeID
7,1,0.0142235847000365,651984.470200519,739585.139226971,652494.112754967,740199.296370904,0.0142235847000365,0,2020.18249772678,2020.19672131148,605000
7,8,0.008269,651984.470200519,739585.139226971,651597.575678134,739357.95559876,0.008269,0,2020.18249772678,2020.19076672678,605000
8,9,0.027175,651597.575678134,739357.95559876,641303.782899358,732441.743611578,0.035444,0.008269,2020.19076672678,2020.21794172678,605000
8,10,0.016815,651597.575678134,739357.95559876,652153.042066368,738281.598011301,0.025084,0.008269,2020.19076672678,2020.20758172678,605000
9,2,0.00336974863403645,641303.782899358,732441.743611578,648995.460703609,705615.101631964,0.0388137486340365,0.035444,2020.21794172678,2020.22131147541,605000
9,3,0.00336974863403645,641303.782899358,732441.743611578,641395.377176478,732318.156749794,0.0388137486340365,0.035444,2020.21794172678,2020.22131147541,605000
10,4,0.0137297486300365,652153.042066368,738281.598011301,649781.653696367,735631.223545193,0.0388137486300365,0.025084,2020.20758172678,2020.22131147541,605000
10,11,0.008325,652153.042066368,738281.598011301,651137.4578817,741548.007947011,0.033409,0.025084,2020.20758172678,2020.21590672678,605000
11,5,0.0272626721300365,651137.4578817,741548.007947011,631795.228335911,733787.474742572,0.0606716721300365,0.033409,2020.21590672678,2020.24316939891,605000
11,6,0.0436561147500365,651137.4578817,741548.007947011,667234.246269789,651824.222647266,0.0770651147500365,0.033409,2020.21590672678,2020.25956284153,605000
