node1,node2,length,startLat,startLon,endLat,endLon,endNodeL,startNodeL,startYear,endYear,treeID
7,8,0.000523443665199991,644798.698614471,733887.556214227,644812.465820475,733958.984955919,0.000523443665199991,0,2020.1858293432,2020.18635278687,8173000
7,6,0.06826901744,644798.698614471,733887.556214227,647375.973487314,739347.303102998,0.06826901744,0,2020.1858293432,2020.25409836064,8173000
8,1,0.1715707104,644812.465820475,733958.984955919,633965.810038454,764220.092998554,0.1720941540652,0.000523443665199991,2020.18635278687,2020.35792349727,8173000
8,9,0.02669,644812.465820475,733958.984955919,645469.354518833,734939.182966383,0.0272134436652,0.000523443665199991,2020.18635278687,2020.21304278687,8173000
9,2,7.19672130399807e-05,645469.354518833,734939.182966383,645471.06018378,734925.140235915,0.02728541087824,0.0272134436652,2020.21304278687,2020.21311475408,8173000
9,10,0.02981,645469.354518833,734939.182966383,637761.887502215,732431.136297735,0.0570234436652,0.0272134436652,2020.21304278687,2020.24285278687,8173000
10,3,0.05222918033,637761.887502215,732431.136297735,637897.902587036,732947.299868404,0.1092526239952,0.0570234436652,2020.24285278687,2020.2950819672,8173000
10,11,0.00298,637761.887502215,732431.136297735,637710.316104782,732372.83551382,0.0600034436652,0.0570234436652,2020.24285278687,2020.24583278687,8173000
11,4,0.04924918033,637710.316104782,732372.83551382,637571.080615562,732449.913799461,0.1092526239952,0.0600034436652,2020.24583278687,2020.2950819672,8173000
11,5,6.88524590100048e-05,637710.316104782,732372.83551382,647132.472514753,735578.313473942,0.06007229612421,0.0600034436652,2020.24583278687,2020.24590163933,8173000
