node1,node2,length,startLat,startLon,endLat,endLon,endNodeL,startNodeL,startYear,endYear,treeID
7,8,0.000523443665199991,648831.512032223,739586.711541849,648843.797931527,739575.335614923,0.000523443665199991,0,2020.1858293432,2020.18635278687,3394000
7,6,0.06826901744,648831.512032223,739586.711541849,647375.973487314,739347.303102998,0.06826901744,0,2020.1858293432,2020.25409836064,3394000
8,1,0.1715707104,648843.797931527,739575.335614923,633965.810038454,764220.092998554,0.1720941540652,0.000523443665199991,2020.18635278687,2020.35792349727,3394000
8,9,0.02669,648843.797931527,739575.335614923,645524.587230896,734936.268500867,0.0272134436652,0.000523443665199991,2020.18635278687,2020.21304278687,3394000
9,2,7.19672130399807e-05,645524.587230896,734936.268500867,645471.06018378,734925.140235915,0.02728541087824,0.0272134436652,2020.21304278687,2020.21311475408,3394000
9,10,0.02981,645524.587230896,734936.268500867,646999.865652711,735443.915077023,0.0570234436652,0.0272134436652,2020.21304278687,2020.24285278687,3394000
10,3,0.05222918033,646999.865652711,735443.915077023,637897.902587036,732947.299868404,0.1092526239952,0.0570234436652,2020.24285278687,2020.2950819672,3394000
10,11,0.00298,646999.865652711,735443.915077023,647144.514314751,735563.146016175,0.0600034436652,0.0570234436652,2020.24285278687,2020.24583278687,3394000
11,4,0.04924918033,647144.514314751,735563.146016175,637571.080615562,732449.913799461,0.1092526239952,0.0600034436652,2020.24583278687,2020.2950819672,3394000
11,5,6.88524590100048e-05,647144.514314751,735563.146016175,647132.472514753,735578.313473942,0.06007229612421,0.0600034436652,2020.24583278687,2020.24590163933,3394000
