node1,node2,length,startLat,startLon,endLat,endLon,endNodeL,startNodeL,startYear,endYear,treeID
7,8,0.000523443665199991,645109.602881566,734880.52884714,645181.24092424,734897.614272298,0.000523443665199991,0,2020.1858293432,2020.18635278687,8857000
7,6,0.06826901744,645109.602881566,734880.52884714,647375.973487314,739347.303102998,0.06826901744,0,2020.1858293432,2020.25409836064,8857000
8,1,0.1715707104,645181.24092424,734897.614272298,633965.810038454,764220.092998554,0.1720941540652,0.000523443665199991,2020.18635278687,2020.35792349727,8857000
8,9,0.02669,645181.24092424,734897.614272298,645500.518608392,734936.326396292,0.0272134436652,0.000523443665199991,2020.18635278687,2020.21304278687,8857000
9,2,7.19672130399807e-05,645500.518608392,734936.326396292,645471.06018378,734925.140235915,0.02728541087824,0.0272134436652,2020.21304278687,2020.21311475408,8857000
9,10,0.02981,645500.518608392,734936.326396292,647285.161495854,735662.971589089,0.0570234436652,0.0272134436652,2020.21304278687,2020.24285278687,8857000
10,3,0.05222918033,647285.161495854,735662.971589089,637897.902587036,732947.299868404,0.1092526239952,0.0570234436652,2020.24285278687,2020.2950819672,8857000
10,11,0.00298,647285.161495854,735662.971589089,647151.578705071,735586.035549662,0.0600034436652,0.0570234436652,2020.24285278687,2020.24583278687,8857000
11,4,0.04924918033,647151.578705071,735586.035549662,637571.080615562,732449.913799461,0.1092526239952,0.0600034436652,2020.24583278687,2020.2950819672,8857000
11,5,6.88524590100048e-05,647151.578705071,735586.035549662,647132.472514753,735578.313473942,0.06007229612421,0.0600034436652,2020.24583278687,2020.24590163933,8857000
