node1,node2,length,startLat,startLon,endLat,endLon,endNodeL,startNodeL,startYear,endYear,treeID
7,8,0.000523443665199991,648101.392123601,739252.844953322,647810.882842702,735863.199376104,0.000523443665199991,0,2020.1858293432,2020.18635278687,9703000
7,6,0.06826901744,648101.392123601,739252.844953322,647375.973487314,739347.303102998,0.06826901744,0,2020.1858293432,2020.25409836064,9703000
8,1,0.1715707104,647810.882842702,735863.199376104,633965.810038454,764220.092998554,0.1720941540652,0.000523443665199991,2020.18635278687,2020.35792349727,9703000
8,9,0.02669,647810.882842702,735863.199376104,645419.535721387,734910.794700489,0.0272134436652,0.000523443665199991,2020.18635278687,2020.21304278687,9703000
9,2,7.19672130399807e-05,645419.535721387,734910.794700489,645471.06018378,734925.140235915,0.02728541087824,0.0272134436652,2020.21304278687,2020.21311475408,9703000
9,10,0.02981,645419.535721387,734910.794700489,647528.977399269,735687.385263458,0.0570234436652,0.0272134436652,2020.21304278687,2020.24285278687,9703000
10,3,0.05222918033,647528.977399269,735687.385263458,637897.902587036,732947.299868404,0.1092526239952,0.0570234436652,2020.24285278687,2020.2950819672,9703000
10,11,0.00298,647528.977399269,735687.385263458,647095.327245181,735567.86861144,0.0600034436652,0.0570234436652,2020.24285278687,2020.24583278687,9703000
11,4,0.04924918033,647095.327245181,735567.86861144,637571.080615562,732449.913799461,0.1092526239952,0.0600034436652,2020.24583278687,2020.2950819672,9703000
11,5,6.88524590100048e-05,647095.327245181,735567.86861144,647132.472514753,735578.313473942,0.06007229612421,0.0600034436652,2020.24583278687,2020.24590163933,9703000
