node1,node2,length,startLat,startLon,endLat,endLon,endNodeL,startNodeL,startYear,endYear,treeID
7,8,0.000523443665199991,645379.598924617,735010.492759105,645556.542344723,735076.742410706,0.000523443665199991,0,2020.1858293432,2020.18635278687,9172000
7,6,0.06826901744,645379.598924617,735010.492759105,647375.973487314,739347.303102998,0.06826901744,0,2020.1858293432,2020.25409836064,9172000
8,1,0.1715707104,645556.542344723,735076.742410706,633965.810038454,764220.092998554,0.1720941540652,0.000523443665199991,2020.18635278687,2020.35792349727,9172000
8,9,0.02669,645556.542344723,735076.742410706,645549.982082028,734934.716569002,0.0272134436652,0.000523443665199991,2020.18635278687,2020.21304278687,9172000
9,2,7.19672130399807e-05,645549.982082028,734934.716569002,645471.06018378,734925.140235915,0.02728541087824,0.0272134436652,2020.21304278687,2020.21311475408,9172000
9,10,0.02981,645549.982082028,734934.716569002,645069.282943002,734762.524428628,0.0570234436652,0.0272134436652,2020.21304278687,2020.24285278687,9172000
10,3,0.05222918033,645069.282943002,734762.524428628,637897.902587036,732947.299868404,0.1092526239952,0.0570234436652,2020.24285278687,2020.2950819672,9172000
10,11,0.00298,645069.282943002,734762.524428628,647153.198586273,735588.891810262,0.0600034436652,0.0570234436652,2020.24285278687,2020.24583278687,9172000
11,4,0.04924918033,647153.198586273,735588.891810262,637571.080615562,732449.913799461,0.1092526239952,0.0600034436652,2020.24583278687,2020.2950819672,9172000
11,5,6.88524590100048e-05,647153.198586273,735588.891810262,647132.472514753,735578.313473942,0.06007229612421,0.0600034436652,2020.24583278687,2020.24590163933,9172000
