node1,node2,length,startLat,startLon,endLat,endLon,endNodeL,startNodeL,startYear,endYear,treeID
7,8,0.000523443665199991,648235.90083622,738913.577586197,648243.037379982,738915.207862223,0.000523443665199991,0,2020.1858293432,2020.18635278687,3430000
7,6,0.06826901744,648235.90083622,738913.577586197,647375.973487314,739347.303102998,0.06826901744,0,2020.1858293432,2020.25409836064,3430000
8,1,0.1715707104,648243.037379982,738915.207862223,633965.810038454,764220.092998554,0.1720941540652,0.000523443665199991,2020.18635278687,2020.35792349727,3430000
8,9,0.02669,648243.037379982,738915.207862223,645466.105540312,734923.094852711,0.0272134436652,0.000523443665199991,2020.18635278687,2020.21304278687,3430000
9,2,7.19672130399807e-05,645466.105540312,734923.094852711,645471.06018378,734925.140235915,0.02728541087824,0.0272134436652,2020.21304278687,2020.21311475408,3430000
9,10,0.02981,645466.105540312,734923.094852711,647512.055719404,735878.743701556,0.0570234436652,0.0272134436652,2020.21304278687,2020.24285278687,3430000
10,3,0.05222918033,647512.055719404,735878.743701556,637897.902587036,732947.299868404,0.1092526239952,0.0570234436652,2020.24285278687,2020.2950819672,3430000
10,11,0.00298,647512.055719404,735878.743701556,647048.321228309,735597.168910673,0.0600034436652,0.0570234436652,2020.24285278687,2020.24583278687,3430000
11,4,0.04924918033,647048.321228309,735597.168910673,637571.080615562,732449.913799461,0.1092526239952,0.0600034436652,2020.24583278687,2020.2950819672,3430000
11,5,6.88524590100048e-05,647048.321228309,735597.168910673,647132.472514753,735578.313473942,0.06007229612421,0.0600034436652,2020.24583278687,2020.24590163933,3430000
