node1,node2,length,startLat,startLon,endLat,endLon,endNodeL,startNodeL,startYear,endYear,treeID
7,8,0.000523443665199991,645463.95869641,734868.61397666,645425.187992244,734889.717659743,0.000523443665199991,0,2020.1858293432,2020.18635278687,9010000
7,6,0.06826901744,645463.95869641,734868.61397666,647375.973487314,739347.303102998,0.06826901744,0,2020.1858293432,2020.25409836064,9010000
8,1,0.1715707104,645425.187992244,734889.717659743,633965.810038454,764220.092998554,0.1720941540652,0.000523443665199991,2020.18635278687,2020.35792349727,9010000
8,9,0.02669,645425.187992244,734889.717659743,645475.315741826,734925.904258852,0.0272134436652,0.000523443665199991,2020.18635278687,2020.21304278687,9010000
9,2,7.19672130399807e-05,645475.315741826,734925.904258852,645471.06018378,734925.140235915,0.02728541087824,0.0272134436652,2020.21304278687,2020.21311475408,9010000
9,10,0.02981,645475.315741826,734925.904258852,637888.829034692,732553.569981834,0.0570234436652,0.0272134436652,2020.21304278687,2020.24285278687,9010000
10,3,0.05222918033,637888.829034692,732553.569981834,637897.902587036,732947.299868404,0.1092526239952,0.0570234436652,2020.24285278687,2020.2950819672,9010000
10,11,0.00298,637888.829034692,732553.569981834,637697.945833012,732743.404016886,0.0600034436652,0.0570234436652,2020.24285278687,2020.24583278687,9010000
11,4,0.04924918033,637697.945833012,732743.404016886,637571.080615562,732449.913799461,0.1092526239952,0.0600034436652,2020.24583278687,2020.2950819672,9010000
11,5,6.88524590100048e-05,637697.945833012,732743.404016886,647132.472514753,735578.313473942,0.06007229612421,0.0600034436652,2020.24583278687,2020.24590163933,9010000
