node1,node2,length,startLat,startLon,endLat,endLon,endNodeL,startNodeL,startYear,endYear,treeID
7,8,0.000523443665199991,646028.545137591,738233.943460464,645618.326201102,737646.394783964,0.000523443665199991,0,2020.1858293432,2020.18635278687,1261000
7,6,0.06826901744,646028.545137591,738233.943460464,647375.973487314,739347.303102998,0.06826901744,0,2020.1858293432,2020.25409836064,1261000
8,1,0.1715707104,645618.326201102,737646.394783964,633965.810038454,764220.092998554,0.1720941540652,0.000523443665199991,2020.18635278687,2020.35792349727,1261000
8,9,0.02669,645618.326201102,737646.394783964,645547.871400564,734941.722780274,0.0272134436652,0.000523443665199991,2020.18635278687,2020.21304278687,1261000
9,2,7.19672130399807e-05,645547.871400564,734941.722780274,645471.06018378,734925.140235915,0.02728541087824,0.0272134436652,2020.21304278687,2020.21311475408,1261000
9,10,0.02981,645547.871400564,734941.722780274,644856.27369377,735107.531552842,0.0570234436652,0.0272134436652,2020.21304278687,2020.24285278687,1261000
10,3,0.05222918033,644856.27369377,735107.531552842,637897.902587036,732947.299868404,0.1092526239952,0.0570234436652,2020.24285278687,2020.2950819672,1261000
10,11,0.00298,644856.27369377,735107.531552842,647081.678700481,735555.350225097,0.0600034436652,0.0570234436652,2020.24285278687,2020.24583278687,1261000
11,4,0.04924918033,647081.678700481,735555.350225097,637571.080615562,732449.913799461,0.1092526239952,0.0600034436652,2020.24583278687,2020.2950819672,1261000
11,5,6.88524590100048e-05,647081.678700481,735555.350225097,647132.472514753,735578.313473942,0.06007229612421,0.0600034436652,2020.24583278687,2020.24590163933,1261000
