node1,node2,length,startLat,startLon,endLat,endLon,endNodeL,startNodeL,startYear,endYear,treeID
7,8,0.000523443665199991,647261.04472714,739174.942053868,647240.837826664,739133.319856167,0.000523443665199991,0,2020.1858293432,2020.18635278687,8074000
7,6,0.06826901744,647261.04472714,739174.942053868,647375.973487314,739347.303102998,0.06826901744,0,2020.1858293432,2020.25409836064,8074000
8,1,0.1715707104,647240.837826664,739133.319856167,633965.810038454,764220.092998554,0.1720941540652,0.000523443665199991,2020.18635278687,2020.35792349727,8074000
8,9,0.02669,647240.837826664,739133.319856167,645479.734533128,734938.068292666,0.0272134436652,0.000523443665199991,2020.18635278687,2020.21304278687,8074000
9,2,7.19672130399807e-05,645479.734533128,734938.068292666,645471.06018378,734925.140235915,0.02728541087824,0.0272134436652,2020.21304278687,2020.21311475408,8074000
9,10,0.02981,645479.734533128,734938.068292666,637999.475387213,732830.45968498,0.0570234436652,0.0272134436652,2020.21304278687,2020.24285278687,8074000
10,3,0.05222918033,637999.475387213,732830.45968498,637897.902587036,732947.299868404,0.1092526239952,0.0570234436652,2020.24285278687,2020.2950819672,8074000
10,11,0.00298,637999.475387213,732830.45968498,638006.801911063,732668.591346139,0.0600034436652,0.0570234436652,2020.24285278687,2020.24583278687,8074000
11,4,0.04924918033,638006.801911063,732668.591346139,637571.080615562,732449.913799461,0.1092526239952,0.0600034436652,2020.24583278687,2020.2950819672,8074000
11,5,6.88524590100048e-05,638006.801911063,732668.591346139,647132.472514753,735578.313473942,0.06007229612421,0.0600034436652,2020.24583278687,2020.24590163933,8074000
