node1,node2,length,startLat,startLon,endLat,endLon,endNodeL,startNodeL,startYear,endYear,treeID
7,8,0.000523443665199991,647082.532121396,738914.355051721,647090.628257311,738919.358748643,0.000523443665199991,0,2020.1858293432,2020.18635278687,3835000
7,6,0.06826901744,647082.532121396,738914.355051721,647375.973487314,739347.303102998,0.06826901744,0,2020.1858293432,2020.25409836064,3835000
8,1,0.1715707104,647090.628257311,738919.358748643,633965.810038454,764220.092998554,0.1720941540652,0.000523443665199991,2020.18635278687,2020.35792349727,3835000
8,9,0.02669,647090.628257311,738919.358748643,645467.93380761,734924.485674005,0.0272134436652,0.000523443665199991,2020.18635278687,2020.21304278687,3835000
9,2,7.19672130399807e-05,645467.93380761,734924.485674005,645471.06018378,734925.140235915,0.02728541087824,0.0272134436652,2020.21304278687,2020.21311475408,3835000
9,10,0.02981,645467.93380761,734924.485674005,647120.28911114,735573.810042794,0.0570234436652,0.0272134436652,2020.21304278687,2020.24285278687,3835000
10,3,0.05222918033,647120.28911114,735573.810042794,637897.902587036,732947.299868404,0.1092526239952,0.0570234436652,2020.24285278687,2020.2950819672,3835000
10,11,0.00298,647120.28911114,735573.810042794,647137.676772547,735597.102739195,0.0600034436652,0.0570234436652,2020.24285278687,2020.24583278687,3835000
11,4,0.04924918033,647137.676772547,735597.102739195,637571.080615562,732449.913799461,0.1092526239952,0.0600034436652,2020.24583278687,2020.2950819672,3835000
11,5,6.88524590100048e-05,647137.676772547,735597.102739195,647132.472514753,735578.313473942,0.06007229612421,0.0600034436652,2020.24583278687,2020.24590163933,3835000
