node1,node2,length,startLat,startLon,endLat,endLon,endNodeL,startNodeL,startYear,endYear,treeID
5,1,0.002027,621044.346504719,600337.879311759,632047.252487722,609346.008467919,0.002027,0,2020.20562327322,2020.20765027322,1261000
5,6,0.00231,621044.346504719,600337.879311759,618010.27244761,602433.218800467,0.00231,0,2020.20562327322,2020.20793327322,1261000
6,2,0.00244924044008202,618010.27244761,602433.218800467,647322.613519496,586530.117649849,0.00475924044008202,0.00231,2020.20793327322,2020.21038251366,1261000
6,7,0.00244,618010.27244761,602433.218800467,617808.90368786,602121.50904031,0.00475,0.00231,2020.20793327322,2020.21037327322,1261000
7,3,9.24044008202268e-06,617808.90368786,602121.50904031,617826.788829075,602108.032471835,0.00475924044008202,0.00475,2020.21037327322,2020.21038251366,1261000
7,4,9.24044008202268e-06,617808.90368786,602121.50904031,612702.155484843,604131.302563964,0.00475924044008202,0.00475,2020.21037327322,2020.21038251366,1261000
