node1,node2,length,startLat,startLon,endLat,endLon,endNodeL,startNodeL,startYear,endYear,treeID
5,1,0.002027,632960.651013357,609592.259877651,632047.252487722,609346.008467919,0.002027,0,2020.20562327322,2020.20765027322,2980000
5,6,0.00231,632960.651013357,609592.259877651,648380.857360558,585039.301756427,0.00231,0,2020.20562327322,2020.20793327322,2980000
6,2,0.00244924044008202,648380.857360558,585039.301756427,647322.613519496,586530.117649849,0.00475924044008202,0.00231,2020.20793327322,2020.21038251366,2980000
6,7,0.00244,648380.857360558,585039.301756427,617744.025941117,602160.827657977,0.00475,0.00231,2020.20793327322,2020.21037327322,2980000
7,3,9.24044008202268e-06,617744.025941117,602160.827657977,617826.788829075,602108.032471835,0.00475924044008202,0.00475,2020.21037327322,2020.21038251366,2980000
7,4,9.24044008202268e-06,617744.025941117,602160.827657977,612702.155484843,604131.302563964,0.00475924044008202,0.00475,2020.21037327322,2020.21038251366,2980000
