node1,node2,length,startLat,startLon,endLat,endLon,endNodeL,startNodeL,startYear,endYear,treeID
5,1,0.002027,659230.70025243,578791.268113685,632047.252487722,609346.008467919,0.002027,0,2020.20562327322,2020.20765027322,4969000
5,6,0.00231,659230.70025243,578791.268113685,655542.084626811,581869.453349837,0.00231,0,2020.20562327322,2020.20793327322,4969000
6,2,0.00244924044008202,655542.084626811,581869.453349837,647322.613519496,586530.117649849,0.00475924044008202,0.00231,2020.20793327322,2020.21038251366,4969000
6,7,0.00244,655542.084626811,581869.453349837,617828.459859168,602130.013010318,0.00475,0.00231,2020.20793327322,2020.21037327322,4969000
7,3,9.24044008202268e-06,617828.459859168,602130.013010318,617826.788829075,602108.032471835,0.00475924044008202,0.00475,2020.21037327322,2020.21038251366,4969000
7,4,9.24044008202268e-06,617828.459859168,602130.013010318,612702.155484843,604131.302563964,0.00475924044008202,0.00475,2020.21037327322,2020.21038251366,4969000
