node1,node2,length,startLat,startLon,endLat,endLon,endNodeL,startNodeL,startYear,endYear,treeID
5,1,0.002027,632080.030537011,607789.494520964,632047.252487722,609346.008467919,0.002027,0,2020.20562327322,2020.20765027322,7192000
5,6,0.00231,632080.030537011,607789.494520964,618085.446184059,601995.88257966,0.00231,0,2020.20562327322,2020.20793327322,7192000
6,2,0.00244924044008202,618085.446184059,601995.88257966,647322.613519496,586530.117649849,0.00475924044008202,0.00231,2020.20793327322,2020.21038251366,7192000
6,7,0.00244,618085.446184059,601995.88257966,617870.612526749,602008.872995673,0.00475,0.00231,2020.20793327322,2020.21037327322,7192000
7,3,9.24044008202268e-06,617870.612526749,602008.872995673,617826.788829075,602108.032471835,0.00475924044008202,0.00475,2020.21037327322,2020.21038251366,7192000
7,4,9.24044008202268e-06,617870.612526749,602008.872995673,612702.155484843,604131.302563964,0.00475924044008202,0.00475,2020.21037327322,2020.21038251366,7192000
