node1,node2,length,startLat,startLon,endLat,endLon,endNodeL,startNodeL,startYear,endYear,treeID
5,1,0.002027,631502.081686781,608985.544233939,632047.252487722,609346.008467919,0.002027,0,2020.20562327322,2020.20765027322,1342000
5,6,0.00231,631502.081686781,608985.544233939,627365.489811713,607822.93757639,0.00231,0,2020.20562327322,2020.20793327322,1342000
6,2,0.00244924044008202,627365.489811713,607822.93757639,647322.613519496,586530.117649849,0.00475924044008202,0.00231,2020.20793327322,2020.21038251366,1342000
6,7,0.00244,627365.489811713,607822.93757639,617752.638184238,602024.403334999,0.00475,0.00231,2020.20793327322,2020.21037327322,1342000
7,3,9.24044008202268e-06,617752.638184238,602024.403334999,617826.788829075,602108.032471835,0.00475924044008202,0.00475,2020.21037327322,2020.21038251366,1342000
7,4,9.24044008202268e-06,617752.638184238,602024.403334999,612702.155484843,604131.302563964,0.00475924044008202,0.00475,2020.21037327322,2020.21038251366,1342000
