node1,node2,length,startLat,startLon,endLat,endLon,endNodeL,startNodeL,startYear,endYear,treeID
5,1,0.002027,642653.725794672,588804.926118537,632047.252487722,609346.008467919,0.002027,0,2020.20562327322,2020.20765027322,7111000
5,6,0.00231,642653.725794672,588804.926118537,642343.436662245,589028.002804239,0.00231,0,2020.20562327322,2020.20793327322,7111000
6,2,0.00244924044008202,642343.436662245,589028.002804239,647322.613519496,586530.117649849,0.00475924044008202,0.00231,2020.20793327322,2020.21038251366,7111000
6,7,0.00244,642343.436662245,589028.002804239,618150.728520262,601991.564695826,0.00475,0.00231,2020.20793327322,2020.21037327322,7111000
7,3,9.24044008202268e-06,618150.728520262,601991.564695826,617826.788829075,602108.032471835,0.00475924044008202,0.00475,2020.21037327322,2020.21038251366,7111000
7,4,9.24044008202268e-06,618150.728520262,601991.564695826,612702.155484843,604131.302563964,0.00475924044008202,0.00475,2020.21037327322,2020.21038251366,7111000
