node1,node2,length,startLat,startLon,endLat,endLon,endNodeL,startNodeL,startYear,endYear,treeID
5,1,0.002027,632983.501009232,608495.98833914,632047.252487722,609346.008467919,0.002027,0,2020.20562327322,2020.20765027322,7363000
5,6,0.00231,632983.501009232,608495.98833914,617977.802941019,601830.252810463,0.00231,0,2020.20562327322,2020.20793327322,7363000
6,2,0.00244924044008202,617977.802941019,601830.252810463,647322.613519496,586530.117649849,0.00475924044008202,0.00231,2020.20793327322,2020.21038251366,7363000
6,7,0.00244,617977.802941019,601830.252810463,618165.057250134,601365.008004017,0.00475,0.00231,2020.20793327322,2020.21037327322,7363000
7,3,9.24044008202268e-06,618165.057250134,601365.008004017,617826.788829075,602108.032471835,0.00475924044008202,0.00475,2020.21037327322,2020.21038251366,7363000
7,4,9.24044008202268e-06,618165.057250134,601365.008004017,612702.155484843,604131.302563964,0.00475924044008202,0.00475,2020.21037327322,2020.21038251366,7363000
