node1,node2,length,startLat,startLon,endLat,endLon,endNodeL,startNodeL,startYear,endYear,treeID
5,1,0.002027,631875.650477094,609358.661629812,632047.252487722,609346.008467919,0.002027,0,2020.20562327322,2020.20765027322,2548000
5,6,0.00231,631875.650477094,609358.661629812,628529.396015079,606504.586777357,0.00231,0,2020.20562327322,2020.20793327322,2548000
6,2,0.00244924044008202,628529.396015079,606504.586777357,647322.613519496,586530.117649849,0.00475924044008202,0.00231,2020.20793327322,2020.21038251366,2548000
6,7,0.00244,628529.396015079,606504.586777357,617977.202527795,602199.304911525,0.00475,0.00231,2020.20793327322,2020.21037327322,2548000
7,3,9.24044008202268e-06,617977.202527795,602199.304911525,617826.788829075,602108.032471835,0.00475924044008202,0.00475,2020.21037327322,2020.21038251366,2548000
7,4,9.24044008202268e-06,617977.202527795,602199.304911525,612702.155484843,604131.302563964,0.00475924044008202,0.00475,2020.21037327322,2020.21038251366,2548000
