node1,node2,length,startLat,startLon,endLat,endLon,endNodeL,startNodeL,startYear,endYear,treeID
5,1,0.002027,643355.555487229,603868.632205183,632047.252487722,609346.008467919,0.002027,0,2020.20562327322,2020.20765027322,5545000
5,6,0.00231,643355.555487229,603868.632205183,625694.473309086,596457.074072933,0.00231,0,2020.20562327322,2020.20793327322,5545000
6,2,0.00244924044008202,625694.473309086,596457.074072933,647322.613519496,586530.117649849,0.00475924044008202,0.00231,2020.20793327322,2020.21038251366,5545000
6,7,0.00244,625694.473309086,596457.074072933,617796.320511126,602127.918326867,0.00475,0.00231,2020.20793327322,2020.21037327322,5545000
7,3,9.24044008202268e-06,617796.320511126,602127.918326867,617826.788829075,602108.032471835,0.00475924044008202,0.00475,2020.21037327322,2020.21038251366,5545000
7,4,9.24044008202268e-06,617796.320511126,602127.918326867,612702.155484843,604131.302563964,0.00475924044008202,0.00475,2020.21037327322,2020.21038251366,5545000
