node1,node2,length,startLat,startLon,endLat,endLon,endNodeL,startNodeL,startYear,endYear,treeID
5,1,0.002027,632257.905231854,608964.075856771,632047.252487722,609346.008467919,0.002027,0,2020.20562327322,2020.20765027322,3115000
5,6,0.00231,632257.905231854,608964.075856771,631116.148925354,607871.286034371,0.00231,0,2020.20562327322,2020.20793327322,3115000
6,2,0.00244924044008202,631116.148925354,607871.286034371,647322.613519496,586530.117649849,0.00475924044008202,0.00231,2020.20793327322,2020.21038251366,3115000
6,7,0.00244,631116.148925354,607871.286034371,617807.617347697,602104.620375316,0.00475,0.00231,2020.20793327322,2020.21037327322,3115000
7,3,9.24044008202268e-06,617807.617347697,602104.620375316,617826.788829075,602108.032471835,0.00475924044008202,0.00475,2020.21037327322,2020.21038251366,3115000
7,4,9.24044008202268e-06,617807.617347697,602104.620375316,612702.155484843,604131.302563964,0.00475924044008202,0.00475,2020.21037327322,2020.21038251366,3115000
