node1,node2,length,startLat,startLon,endLat,endLon,endNodeL,startNodeL,startYear,endYear,treeID
5,1,0.002027,632956.117054787,609797.248889923,632047.252487722,609346.008467919,0.002027,0,2020.20562327322,2020.20765027322,8551000
5,6,0.00231,632956.117054787,609797.248889923,633308.336048928,610073.935234771,0.00231,0,2020.20562327322,2020.20793327322,8551000
6,2,0.00244924044008202,633308.336048928,610073.935234771,647322.613519496,586530.117649849,0.00475924044008202,0.00231,2020.20793327322,2020.21038251366,8551000
6,7,0.00244,633308.336048928,610073.935234771,612798.649256097,604202.217661373,0.00475,0.00231,2020.20793327322,2020.21037327322,8551000
7,3,9.24044008202268e-06,612798.649256097,604202.217661373,617826.788829075,602108.032471835,0.00475924044008202,0.00475,2020.21037327322,2020.21038251366,8551000
7,4,9.24044008202268e-06,612798.649256097,604202.217661373,612702.155484843,604131.302563964,0.00475924044008202,0.00475,2020.21037327322,2020.21038251366,8551000
