node1,node2,length,startLat,startLon,endLat,endLon,endNodeL,startNodeL,startYear,endYear,treeID
5,1,0.002027,630381.407858953,607786.764422458,632047.252487722,609346.008467919,0.002027,0,2020.20562327322,2020.20765027322,1432000
5,6,0.00231,630381.407858953,607786.764422458,630225.885698426,607922.481689145,0.00231,0,2020.20562327322,2020.20793327322,1432000
6,2,0.00244924044008202,630225.885698426,607922.481689145,647322.613519496,586530.117649849,0.00475924044008202,0.00231,2020.20793327322,2020.21038251366,1432000
6,7,0.00244,630225.885698426,607922.481689145,617857.499445845,602124.111446988,0.00475,0.00231,2020.20793327322,2020.21037327322,1432000
7,3,9.24044008202268e-06,617857.499445845,602124.111446988,617826.788829075,602108.032471835,0.00475924044008202,0.00475,2020.21037327322,2020.21038251366,1432000
7,4,9.24044008202268e-06,617857.499445845,602124.111446988,612702.155484843,604131.302563964,0.00475924044008202,0.00475,2020.21037327322,2020.21038251366,1432000
