node1,node2,length,startLat,startLon,endLat,endLon,endNodeL,startNodeL,startYear,endYear,treeID
5,1,0.002027,612533.128139669,603833.377977613,632047.252487722,609346.008467919,0.002027,0,2020.20562327322,2020.20765027322,1612000
5,6,0.00231,612533.128139669,603833.377977613,612832.252226108,604145.43962653,0.00231,0,2020.20562327322,2020.20793327322,1612000
6,2,0.00244924044008202,612832.252226108,604145.43962653,647322.613519496,586530.117649849,0.00475924044008202,0.00231,2020.20793327322,2020.21038251366,1612000
6,7,0.00244,612832.252226108,604145.43962653,612720.394405478,604150.916125422,0.00475,0.00231,2020.20793327322,2020.21037327322,1612000
7,3,9.24044008202268e-06,612720.394405478,604150.916125422,617826.788829075,602108.032471835,0.00475924044008202,0.00475,2020.21037327322,2020.21038251366,1612000
7,4,9.24044008202268e-06,612720.394405478,604150.916125422,612702.155484843,604131.302563964,0.00475924044008202,0.00475,2020.21037327322,2020.21038251366,1612000
