node1,node2,length,startLat,startLon,endLat,endLon,endNodeL,startNodeL,startYear,endYear,treeID
5,1,0.002027,618771.626241561,601969.743560972,632047.252487722,609346.008467919,0.002027,0,2020.20562327322,2020.20765027322,6364000
5,6,0.00231,618771.626241561,601969.743560972,618437.183892284,601591.953807175,0.00231,0,2020.20562327322,2020.20793327322,6364000
6,2,0.00244924044008202,618437.183892284,601591.953807175,647322.613519496,586530.117649849,0.00475924044008202,0.00231,2020.20793327322,2020.21038251366,6364000
6,7,0.00244,618437.183892284,601591.953807175,617829.224831927,602114.769082749,0.00475,0.00231,2020.20793327322,2020.21037327322,6364000
7,3,9.24044008202268e-06,617829.224831927,602114.769082749,617826.788829075,602108.032471835,0.00475924044008202,0.00475,2020.21037327322,2020.21038251366,6364000
7,4,9.24044008202268e-06,617829.224831927,602114.769082749,612702.155484843,604131.302563964,0.00475924044008202,0.00475,2020.21037327322,2020.21038251366,6364000
