node1,node2,length,startLat,startLon,endLat,endLon,endNodeL,startNodeL,startYear,endYear,treeID
5,1,0.002027,630605.006785436,610354.152473554,632047.252487722,609346.008467919,0.002027,0,2020.20562327322,2020.20765027322,8236000
5,6,0.00231,630605.006785436,610354.152473554,621269.937897127,600233.606286961,0.00231,0,2020.20562327322,2020.20793327322,8236000
6,2,0.00244924044008202,621269.937897127,600233.606286961,647322.613519496,586530.117649849,0.00475924044008202,0.00231,2020.20793327322,2020.21038251366,8236000
6,7,0.00244,621269.937897127,600233.606286961,617862.153398645,602092.124334736,0.00475,0.00231,2020.20793327322,2020.21037327322,8236000
7,3,9.24044008202268e-06,617862.153398645,602092.124334736,617826.788829075,602108.032471835,0.00475924044008202,0.00475,2020.21037327322,2020.21038251366,8236000
7,4,9.24044008202268e-06,617862.153398645,602092.124334736,612702.155484843,604131.302563964,0.00475924044008202,0.00475,2020.21037327322,2020.21038251366,8236000
