node1,node2,length,startLat,startLon,endLat,endLon,endNodeL,startNodeL,startYear,endYear,treeID
5,1,0.002027,631583.856515387,609106.214771151,632047.252487722,609346.008467919,0.002027,0,2020.20562327322,2020.20765027322,5842000
5,6,0.00231,631583.856515387,609106.214771151,631049.076147173,608963.40190673,0.00231,0,2020.20562327322,2020.20793327322,5842000
6,2,0.00244924044008202,631049.076147173,608963.40190673,647322.613519496,586530.117649849,0.00475924044008202,0.00231,2020.20793327322,2020.21038251366,5842000
6,7,0.00244,631049.076147173,608963.40190673,612735.944316633,604148.326653985,0.00475,0.00231,2020.20793327322,2020.21037327322,5842000
7,3,9.24044008202268e-06,612735.944316633,604148.326653985,617826.788829075,602108.032471835,0.00475924044008202,0.00475,2020.21037327322,2020.21038251366,5842000
7,4,9.24044008202268e-06,612735.944316633,604148.326653985,612702.155484843,604131.302563964,0.00475924044008202,0.00475,2020.21037327322,2020.21038251366,5842000
