node1,node2,length,startLat,startLon,endLat,endLon,endNodeL,startNodeL,startYear,endYear,treeID
5,1,0.002027,648796.170394035,585582.970140332,632047.252487722,609346.008467919,0.002027,0,2020.20562327322,2020.20765027322,3025000
5,6,0.00231,648796.170394035,585582.970140332,648325.204322214,586032.927910705,0.00231,0,2020.20562327322,2020.20793327322,3025000
6,2,0.00244924044008202,648325.204322214,586032.927910705,647322.613519496,586530.117649849,0.00475924044008202,0.00231,2020.20793327322,2020.21038251366,3025000
6,7,0.00244,648325.204322214,586032.927910705,612731.532231596,604107.169280046,0.00475,0.00231,2020.20793327322,2020.21037327322,3025000
7,3,9.24044008202268e-06,612731.532231596,604107.169280046,617826.788829075,602108.032471835,0.00475924044008202,0.00475,2020.21037327322,2020.21038251366,3025000
7,4,9.24044008202268e-06,612731.532231596,604107.169280046,612702.155484843,604131.302563964,0.00475924044008202,0.00475,2020.21037327322,2020.21038251366,3025000
