node1,node2,length,startLat,startLon,endLat,endLon,endNodeL,startNodeL,startYear,endYear,treeID
5,1,0.002027,607187.963298541,602681.977230159,632047.252487722,609346.008467919,0.002027,0,2020.20562327322,2020.20765027322,2305000
5,6,0.00231,607187.963298541,602681.977230159,612840.298774041,600444.293194735,0.00231,0,2020.20562327322,2020.20793327322,2305000
6,2,0.00244924044008202,612840.298774041,600444.293194735,647322.613519496,586530.117649849,0.00475924044008202,0.00231,2020.20793327322,2020.21038251366,2305000
6,7,0.00244,612840.298774041,600444.293194735,612779.092504126,604035.015095254,0.00475,0.00231,2020.20793327322,2020.21037327322,2305000
7,3,9.24044008202268e-06,612779.092504126,604035.015095254,617826.788829075,602108.032471835,0.00475924044008202,0.00475,2020.21037327322,2020.21038251366,2305000
7,4,9.24044008202268e-06,612779.092504126,604035.015095254,612702.155484843,604131.302563964,0.00475924044008202,0.00475,2020.21037327322,2020.21038251366,2305000
