node1,node2,length,startLat,startLon,endLat,endLon,endNodeL,startNodeL,startYear,endYear,treeID
5,1,0.054103,683012.078771233,691264.399270734,721280.27614978,672102.46313337,0.054103,0,2020.18906639891,2020.24316939891,2386000
5,6,9.80000000000009e-05,683012.078771233,691264.399270734,682957.437956401,691172.738876637,9.80000000000009e-05,0,2020.18906639891,2020.18916439891,2386000
6,2,0.032147,682957.437956401,691172.738876637,710692.072436232,706114.552496834,0.032245,9.80000000000009e-05,2020.18916439891,2020.22131139891,2386000
6,7,0.000549000000000001,682957.437956401,691172.738876637,682958.064999348,691189.32318255,0.000647000000000002,9.80000000000009e-05,2020.18916439891,2020.18971339891,2386000
7,3,0.039795,682958.064999348,691189.32318255,682460.707861464,690072.960299478,0.040442,0.000647000000000002,2020.18971339891,2020.22950839891,2386000
7,4,0.050724,682958.064999348,691189.32318255,694438.711141177,708299.528446153,0.051371,0.000647000000000002,2020.18971339891,2020.24043739891,2386000
