node1,node2,length,startLat,startLon,endLat,endLon,endNodeL,startNodeL,startYear,endYear,treeID
5,1,0.054103,721273.725511508,671475.095889708,721280.27614978,672102.46313337,0.054103,0,2020.18906639891,2020.24316939891,7336000
5,6,9.80000000000009e-05,721273.725511508,671475.095889708,694447.353662352,708126.040723326,9.80000000000009e-05,0,2020.18906639891,2020.18916439891,7336000
6,2,0.032147,694447.353662352,708126.040723326,710692.072436232,706114.552496834,0.032245,9.80000000000009e-05,2020.18916439891,2020.22131139891,7336000
6,7,0.000549000000000001,694447.353662352,708126.040723326,694467.191344508,708143.610369125,0.000647000000000002,9.80000000000009e-05,2020.18916439891,2020.18971339891,7336000
7,3,0.039795,694467.191344508,708143.610369125,682460.707861464,690072.960299478,0.040442,0.000647000000000002,2020.18971339891,2020.22950839891,7336000
7,4,0.050724,694467.191344508,708143.610369125,694438.711141177,708299.528446153,0.051371,0.000647000000000002,2020.18971339891,2020.24043739891,7336000
