node1,node2,length,startLat,startLon,endLat,endLon,endNodeL,startNodeL,startYear,endYear,treeID
5,1,0.054103,694025.416845161,707532.369046455,721280.27614978,672102.46313337,0.054103,0,2020.18906639891,2020.24316939891,9559000
5,6,9.80000000000009e-05,694025.416845161,707532.369046455,694006.576735374,707482.751412183,9.80000000000009e-05,0,2020.18906639891,2020.18916439891,9559000
6,2,0.032147,694006.576735374,707482.751412183,710692.072436232,706114.552496834,0.032245,9.80000000000009e-05,2020.18916439891,2020.22131139891,9559000
6,7,0.000549000000000001,694006.576735374,707482.751412183,693984.418361867,707414.007557061,0.000647000000000002,9.80000000000009e-05,2020.18916439891,2020.18971339891,9559000
7,3,0.039795,693984.418361867,707414.007557061,682460.707861464,690072.960299478,0.040442,0.000647000000000002,2020.18971339891,2020.22950839891,9559000
7,4,0.050724,693984.418361867,707414.007557061,694438.711141177,708299.528446153,0.051371,0.000647000000000002,2020.18971339891,2020.24043739891,9559000
