node1,node2,length,startLat,startLon,endLat,endLon,endNodeL,startNodeL,startYear,endYear,treeID
5,1,0.054103,694666.904170201,708440.355102423,721280.27614978,672102.46313337,0.054103,0,2020.18906639891,2020.24316939891,4690000
5,6,9.80000000000009e-05,694666.904170201,708440.355102423,694591.663306075,708318.863593302,9.80000000000009e-05,0,2020.18906639891,2020.18916439891,4690000
6,2,0.032147,694591.663306075,708318.863593302,710692.072436232,706114.552496834,0.032245,9.80000000000009e-05,2020.18916439891,2020.22131139891,4690000
6,7,0.000549000000000001,694591.663306075,708318.863593302,694534.596435805,708331.434182541,0.000647000000000002,9.80000000000009e-05,2020.18916439891,2020.18971339891,4690000
7,3,0.039795,694534.596435805,708331.434182541,682460.707861464,690072.960299478,0.040442,0.000647000000000002,2020.18971339891,2020.22950839891,4690000
7,4,0.050724,694534.596435805,708331.434182541,694438.711141177,708299.528446153,0.051371,0.000647000000000002,2020.18971339891,2020.24043739891,4690000
