node1,node2,length,startLat,startLon,endLat,endLon,endNodeL,startNodeL,startYear,endYear,treeID
5,1,0.054103,694735.210300494,707685.363824794,721280.27614978,672102.46313337,0.054103,0,2020.18906639891,2020.24316939891,2890000
5,6,9.80000000000009e-05,694735.210300494,707685.363824794,694738.681584134,707842.648149889,9.80000000000009e-05,0,2020.18906639891,2020.18916439891,2890000
6,2,0.032147,694738.681584134,707842.648149889,710692.072436232,706114.552496834,0.032245,9.80000000000009e-05,2020.18916439891,2020.22131139891,2890000
6,7,0.000549000000000001,694738.681584134,707842.648149889,694808.340087611,707835.571991017,0.000647000000000002,9.80000000000009e-05,2020.18916439891,2020.18971339891,2890000
7,3,0.039795,694808.340087611,707835.571991017,682460.707861464,690072.960299478,0.040442,0.000647000000000002,2020.18971339891,2020.22950839891,2890000
7,4,0.050724,694808.340087611,707835.571991017,694438.711141177,708299.528446153,0.051371,0.000647000000000002,2020.18971339891,2020.24043739891,2890000
