node1,node2,length,startLat,startLon,endLat,endLon,endNodeL,startNodeL,startYear,endYear,treeID
5,1,0.054103,682101.954294043,689435.177269427,721280.27614978,672102.46313337,0.054103,0,2020.18906639891,2020.24316939891,1810000
5,6,9.80000000000009e-05,682101.954294043,689435.177269427,682160.613414434,689549.719625245,9.80000000000009e-05,0,2020.18906639891,2020.18916439891,1810000
6,2,0.032147,682160.613414434,689549.719625245,710692.072436232,706114.552496834,0.032245,9.80000000000009e-05,2020.18916439891,2020.22131139891,1810000
6,7,0.000549000000000001,682160.613414434,689549.719625245,682152.951294098,689530.87115267,0.000647000000000002,9.80000000000009e-05,2020.18916439891,2020.18971339891,1810000
7,3,0.039795,682152.951294098,689530.87115267,682460.707861464,690072.960299478,0.040442,0.000647000000000002,2020.18971339891,2020.22950839891,1810000
7,4,0.050724,682152.951294098,689530.87115267,694438.711141177,708299.528446153,0.051371,0.000647000000000002,2020.18971339891,2020.24043739891,1810000
