node1,node2,length,startLat,startLon,endLat,endLon,endNodeL,startNodeL,startYear,endYear,treeID
5,1,0.054103,682536.030786908,690279.271660376,721280.27614978,672102.46313337,0.054103,0,2020.18906639891,2020.24316939891,6472000
5,6,9.80000000000009e-05,682536.030786908,690279.271660376,682511.719916887,690264.475838197,9.80000000000009e-05,0,2020.18906639891,2020.18916439891,6472000
6,2,0.032147,682511.719916887,690264.475838197,710692.072436232,706114.552496834,0.032245,9.80000000000009e-05,2020.18916439891,2020.22131139891,6472000
6,7,0.000549000000000001,682511.719916887,690264.475838197,682451.276339507,690197.901995328,0.000647000000000002,9.80000000000009e-05,2020.18916439891,2020.18971339891,6472000
7,3,0.039795,682451.276339507,690197.901995328,682460.707861464,690072.960299478,0.040442,0.000647000000000002,2020.18971339891,2020.22950839891,6472000
7,4,0.050724,682451.276339507,690197.901995328,694438.711141177,708299.528446153,0.051371,0.000647000000000002,2020.18971339891,2020.24043739891,6472000
