node1,node2,length,startLat,startLon,endLat,endLon,endNodeL,startNodeL,startYear,endYear,treeID
4,1,0.0168792681099446,642617.500413266,739084.432064119,642324.078339003,738769.330823249,0.0168792681099446,0,2020.18530652425,2020.20218579236,722000
4,5,0.01397205572,642617.500413266,739084.432064119,646462.628290466,735453.336696647,0.01397205572,0,2020.18530652425,2020.19927857997,722000
5,2,0.000174971944244609,646462.628290466,735453.336696647,646431.892913191,735418.723830617,0.0141470276642446,0.01397205572,2020.19927857997,2020.19945355191,722000
5,3,0.0548197806899446,646462.628290466,735453.336696647,635595.259433519,735961.632471443,0.0687918364099446,0.01397205572,2020.19927857997,2020.25409836066,722000
