node1,node2,length,startLat,startLon,endLat,endLon,endNodeL,startNodeL,startYear,endYear,treeID
4,1,0.0168792681099446,642390.932249308,738877.071385108,642324.078339003,738769.330823249,0.0168792681099446,0,2020.18530652425,2020.20218579236,385000
4,5,0.01397205572,642390.932249308,738877.071385108,642316.222149156,738825.905482291,0.01397205572,0,2020.18530652425,2020.19927857997,385000
5,2,0.000174971944244609,642316.222149156,738825.905482291,646431.892913191,735418.723830617,0.0141470276642446,0.01397205572,2020.19927857997,2020.19945355191,385000
5,3,0.0548197806899446,642316.222149156,738825.905482291,635595.259433519,735961.632471443,0.0687918364099446,0.01397205572,2020.19927857997,2020.25409836066,385000
