node1,node2,length,startLat,startLon,endLat,endLon,endNodeL,startNodeL,startYear,endYear,treeID
4,1,0.0168792681099446,646666.818247305,735466.12388395,642324.078339003,738769.330823249,0.0168792681099446,0,2020.18530652425,2020.20218579236,492000
4,5,0.01397205572,646666.818247305,735466.12388395,646425.976936683,735363.387962204,0.01397205572,0,2020.18530652425,2020.19927857997,492000
5,2,0.000174971944244609,646425.976936683,735363.387962204,646431.892913191,735418.723830617,0.0141470276642446,0.01397205572,2020.19927857997,2020.19945355191,492000
5,3,0.0548197806899446,646425.976936683,735363.387962204,635595.259433519,735961.632471443,0.0687918364099446,0.01397205572,2020.19927857997,2020.25409836066,492000
