node1,node2,length,startLat,startLon,endLat,endLon,endNodeL,startNodeL,startYear,endYear,treeID
4,1,0.0168792681099446,642463.223563516,738957.946302134,642324.078339003,738769.330823249,0.0168792681099446,0,2020.18530652425,2020.20218579236,380000
4,5,0.01397205572,642463.223563516,738957.946302134,646377.867856461,735475.317333133,0.01397205572,0,2020.18530652425,2020.19927857997,380000
5,2,0.000174971944244609,646377.867856461,735475.317333133,646431.892913191,735418.723830617,0.0141470276642446,0.01397205572,2020.19927857997,2020.19945355191,380000
5,3,0.0548197806899446,646377.867856461,735475.317333133,635595.259433519,735961.632471443,0.0687918364099446,0.01397205572,2020.19927857997,2020.25409836066,380000
