node1,node2,length,startLat,startLon,endLat,endLon,endNodeL,startNodeL,startYear,endYear,treeID
4,3,0.01445579819,646582.989319243,732157.172783917,643433.286646504,728999.98079488,0.01445579819,0,2020.1904622346,2020.20491803279,171000
4,5,0.02747812582,646582.989319243,732157.172783917,649343.385797649,733078.783470917,0.02747812582,0,2020.1904622346,2020.21794036042,171000
5,1,0.003371114992,649343.385797649,733078.783470917,651726.64083224,727306.84024272,0.030849240812,0.02747812582,2020.21794036042,2020.22131147541,171000
5,2,0.003371114992,649343.385797649,733078.783470917,649362.029226327,733177.458949548,0.030849240812,0.02747812582,2020.21794036042,2020.22131147541,171000
