node1,node2,length,startLat,startLon,endLat,endLon,endNodeL,startNodeL,startYear,endYear,treeID
4,3,0.01445579819,643094.604104083,728875.230784656,643433.286646504,728999.98079488,0.01445579819,0,2020.1904622346,2020.20491803279,166000
4,5,0.02747812582,643094.604104083,728875.230784656,643082.581573293,728689.712738206,0.02747812582,0,2020.1904622346,2020.21794036042,166000
5,1,0.003371114992,643082.581573293,728689.712738206,651726.64083224,727306.84024272,0.030849240812,0.02747812582,2020.21794036042,2020.22131147541,166000
5,2,0.003371114992,643082.581573293,728689.712738206,649362.029226327,733177.458949548,0.030849240812,0.02747812582,2020.21794036042,2020.22131147541,166000
