node1,node2,length,startLat,startLon,endLat,endLon,endNodeL,startNodeL,startYear,endYear,treeID
4,3,0.01445579819,643438.816177388,729006.988688616,643433.286646504,728999.98079488,0.01445579819,0,2020.1904622346,2020.20491803279,1065000
4,5,0.02747812582,643438.816177388,729006.988688616,649342.941886285,733153.68276149,0.02747812582,0,2020.1904622346,2020.21794036042,1065000
5,1,0.003371114992,649342.941886285,733153.68276149,651726.64083224,727306.84024272,0.030849240812,0.02747812582,2020.21794036042,2020.22131147541,1065000
5,2,0.003371114992,649342.941886285,733153.68276149,649362.029226327,733177.458949548,0.030849240812,0.02747812582,2020.21794036042,2020.22131147541,1065000
