node1,node2,length,startLat,startLon,endLat,endLon,endNodeL,startNodeL,startYear,endYear,treeID
4,3,0.01445579819,649066.38418084,733180.018286204,643433.286646504,728999.98079488,0.01445579819,0,2020.1904622346,2020.20491803279,921000
4,5,0.02747812582,649066.38418084,733180.018286204,649411.486581975,733226.23583264,0.02747812582,0,2020.1904622346,2020.21794036042,921000
5,1,0.003371114992,649411.486581975,733226.23583264,651726.64083224,727306.84024272,0.030849240812,0.02747812582,2020.21794036042,2020.22131147541,921000
5,2,0.003371114992,649411.486581975,733226.23583264,649362.029226327,733177.458949548,0.030849240812,0.02747812582,2020.21794036042,2020.22131147541,921000
