node1,node2,length,startLat,startLon,endLat,endLon,endNodeL,startNodeL,startYear,endYear,treeID
6,7,0.02502485309,646922.260044592,736714.248743518,647025.924472542,736873.176478972,0.02502485309,0,2020.15778399781,2020.1828088509,1006000
6,8,0.000223815214600007,646922.260044592,736714.248743518,646882.673577503,736710.89464063,0.000223815214600007,0,2020.15778399781,2020.15800781302,1006000
7,1,0.07128950976,647025.924472542,736873.176478972,646444.156327348,735956.543014309,0.09631436285,0.02502485309,2020.1828088509,2020.25409836066,1006000
7,2,0.000251258392900008,647025.924472542,736873.176478972,653973.281993078,735569.831548714,0.0252761114829,0.02502485309,2020.1828088509,2020.18306010929,1006000
8,3,0.01685557496,646882.673577503,736710.89464063,646790.24708192,745012.319407183,0.0170793901746,0.000223815214600007,2020.15800781302,2020.17486338798,1006000
8,9,0.01378690284,646882.673577503,736710.89464063,635217.559794212,727712.5680241,0.0140107180546,0.000223815214600007,2020.15800781302,2020.17179471586,1006000
9,4,0.00580091255500001,635217.559794212,727712.5680241,635182.405974618,727659.563192284,0.0198116306096,0.0140107180546,2020.17179471586,2020.17759562842,1006000
9,5,0.000336431680600005,635217.559794212,727712.5680241,616443.504790455,650028.21605081,0.0143471497352,0.0140107180546,2020.17179471586,2020.17213114755,1006000
