node1,node2,length,startLat,startLon,endLat,endLon,endNodeL,startNodeL,startYear,endYear,treeID
6,7,0.02502485309,636623.10962804,729046.376513944,636757.029199908,729154.801345101,0.02502485309,0,2020.15778399781,2020.1828088509,914000
6,8,0.000223815214600007,636623.10962804,729046.376513944,636684.618944891,729117.164517183,0.000223815214600007,0,2020.15778399781,2020.15800781302,914000
7,1,0.07128950976,636757.029199908,729154.801345101,646444.156327348,735956.543014309,0.09631436285,0.02502485309,2020.1828088509,2020.25409836066,914000
7,2,0.000251258392900008,636757.029199908,729154.801345101,653973.281993078,735569.831548714,0.0252761114829,0.02502485309,2020.1828088509,2020.18306010929,914000
8,3,0.01685557496,636684.618944891,729117.164517183,646790.24708192,745012.319407183,0.0170793901746,0.000223815214600007,2020.15800781302,2020.17486338798,914000
8,9,0.01378690284,636684.618944891,729117.164517183,636717.989438657,729147.958267023,0.0140107180546,0.000223815214600007,2020.15800781302,2020.17179471586,914000
9,4,0.00580091255500001,636717.989438657,729147.958267023,635182.405974618,727659.563192284,0.0198116306096,0.0140107180546,2020.17179471586,2020.17759562842,914000
9,5,0.000336431680600005,636717.989438657,729147.958267023,616443.504790455,650028.21605081,0.0143471497352,0.0140107180546,2020.17179471586,2020.17213114755,914000
