node1,node2,length,startLat,startLon,endLat,endLon,endNodeL,startNodeL,startYear,endYear,treeID
6,7,0.02502485309,634133.674887754,726210.652643504,653980.361595732,735570.4498605,0.02502485309,0,2020.15778399781,2020.1828088509,255000
6,8,0.000223815214600007,634133.674887754,726210.652643504,634221.006964941,726292.913826933,0.000223815214600007,0,2020.15778399781,2020.15800781302,255000
7,1,0.07128950976,653980.361595732,735570.4498605,646444.156327348,735956.543014309,0.09631436285,0.02502485309,2020.1828088509,2020.25409836066,255000
7,2,0.000251258392900008,653980.361595732,735570.4498605,653973.281993078,735569.831548714,0.0252761114829,0.02502485309,2020.1828088509,2020.18306010929,255000
8,3,0.01685557496,634221.006964941,726292.913826933,646790.24708192,745012.319407183,0.0170793901746,0.000223815214600007,2020.15800781302,2020.17486338798,255000
8,9,0.01378690284,634221.006964941,726292.913826933,634225.208460292,726135.345238034,0.0140107180546,0.000223815214600007,2020.15800781302,2020.17179471586,255000
9,4,0.00580091255500001,634225.208460292,726135.345238034,635182.405974618,727659.563192284,0.0198116306096,0.0140107180546,2020.17179471586,2020.17759562842,255000
9,5,0.000336431680600005,634225.208460292,726135.345238034,616443.504790455,650028.21605081,0.0143471497352,0.0140107180546,2020.17179471586,2020.17213114755,255000
