node1,node2,length,startLat,startLon,endLat,endLon,endNodeL,startNodeL,startYear,endYear,treeID
5,1,0.042063,670023.350903671,545651.075042297,670735.620756515,540607.406813484,0.042063,0,2020.20930312022,2020.25136612022,2134000
5,6,0.02019,670023.350903671,545651.075042297,671026.778644603,588237.590241918,0.02019,0,2020.20930312022,2020.22949312022,2134000
6,2,1.50000000000011e-05,671026.778644603,588237.590241918,724727.837231005,565172.207501105,0.020205,0.02019,2020.22949312022,2020.22950812022,2134000
6,7,0.0082,671026.778644603,588237.590241918,667961.468554871,594292.446596259,0.02839,0.02019,2020.22949312022,2020.23769312022,2134000
7,3,1.20000000000016e-05,667961.468554871,594292.446596259,667956.911238631,594307.464236937,0.028402,0.02839,2020.23769312022,2020.23770512022,2134000
7,4,0.008209,667961.468554871,594292.446596259,635009.503655984,724497.688236032,0.036599,0.02839,2020.23769312022,2020.24590212022,2134000
