node1,node2,length,startLat,startLon,endLat,endLon,endNodeL,startNodeL,startYear,endYear,treeID
5,1,0.042063,724735.318018769,565092.105728976,670735.620756515,540607.406813484,0.042063,0,2020.20930312022,2020.25136612022,3520000
5,6,0.02019,724735.318018769,565092.105728976,724738.901316368,565171.644045311,0.02019,0,2020.20930312022,2020.22949312022,3520000
6,2,1.50000000000011e-05,724738.901316368,565171.644045311,724727.837231005,565172.207501105,0.020205,0.02019,2020.22949312022,2020.22950812022,3520000
6,7,0.0082,724738.901316368,565171.644045311,668005.915876903,594348.418965224,0.02839,0.02019,2020.22949312022,2020.23769312022,3520000
7,3,1.20000000000016e-05,668005.915876903,594348.418965224,667956.911238631,594307.464236937,0.028402,0.02839,2020.23769312022,2020.23770512022,3520000
7,4,0.008209,668005.915876903,594348.418965224,635009.503655984,724497.688236032,0.036599,0.02839,2020.23769312022,2020.24590212022,3520000
