node1,node2,length,startLat,startLon,endLat,endLon,endNodeL,startNodeL,startYear,endYear,treeID
6,7,0.0166284448,644871.485238053,725390.532882141,644806.978325607,725146.484580169,0.0166284448,0,2020.19620128198,2020.21282972678,558000
6,9,0.000220444799700001,644871.485238053,725390.532882141,644868.804074019,725391.475964932,0.000220444799700001,0,2020.19620128198,2020.19642172678,558000
7,1,0.0303396721204881,644806.978325607,725146.484580169,612821.949301956,768246.863116935,0.0469681169204881,0.0166284448,2020.21282972678,2020.2431693989,558000
7,8,0.00564099999999999,644806.978325607,725146.484580169,644957.228691997,725048.890052715,0.0222694448,0.0166284448,2020.21282972678,2020.21847072678,558000
8,2,0.0274309125604881,644957.228691997,725048.890052715,644485.073947699,723441.569504824,0.0497003573604881,0.0222694448,2020.21847072678,2020.24590163934,558000
8,3,0.0438243551804881,644957.228691997,725048.890052715,646523.180145426,736580.334371092,0.0660937999804881,0.0222694448,2020.21847072678,2020.26229508196,558000
9,4,0.0631411147404881,644868.804074019,725391.475964932,642206.218550374,755012.184872246,0.0633615595401881,0.000220444799700001,2020.19642172678,2020.25956284152,558000
9,5,0.0686055956204881,644868.804074019,725391.475964932,645088.120580768,726064.676150808,0.0688260404201881,0.000220444799700001,2020.19642172678,2020.2650273224,558000
