node1,node2,length,startLat,startLon,endLat,endLon,endNodeL,startNodeL,startYear,endYear,treeID
6,7,0.0166284448,645259.753221768,725436.205471786,645191.753781171,725328.769434552,0.0166284448,0,2020.19620128198,2020.21282972678,776000
6,9,0.000220444799700001,645259.753221768,725436.205471786,645271.62598081,725460.622961173,0.000220444799700001,0,2020.19620128198,2020.19642172678,776000
7,1,0.0303396721204881,645191.753781171,725328.769434552,612821.949301956,768246.863116935,0.0469681169204881,0.0166284448,2020.21282972678,2020.2431693989,776000
7,8,0.00564099999999999,645191.753781171,725328.769434552,645085.896381654,725002.635681461,0.0222694448,0.0166284448,2020.21282972678,2020.21847072678,776000
8,2,0.0274309125604881,645085.896381654,725002.635681461,644485.073947699,723441.569504824,0.0497003573604881,0.0222694448,2020.21847072678,2020.24590163934,776000
8,3,0.0438243551804881,645085.896381654,725002.635681461,646523.180145426,736580.334371092,0.0660937999804881,0.0222694448,2020.21847072678,2020.26229508196,776000
9,4,0.0631411147404881,645271.62598081,725460.622961173,642206.218550374,755012.184872246,0.0633615595401881,0.000220444799700001,2020.19642172678,2020.25956284152,776000
9,5,0.0686055956204881,645271.62598081,725460.622961173,645088.120580768,726064.676150808,0.0688260404201881,0.000220444799700001,2020.19642172678,2020.2650273224,776000
