node1,node2,length,startLat,startLon,endLat,endLon,endNodeL,startNodeL,startYear,endYear,treeID
6,7,0.0166284448,645107.545486244,726531.767502101,645179.236832102,725983.610497791,0.0166284448,0,2020.19620128198,2020.21282972678,266000
6,9,0.000220444799700001,645107.545486244,726531.767502101,645081.362607486,726460.116803323,0.000220444799700001,0,2020.19620128198,2020.19642172678,266000
7,1,0.0303396721204881,645179.236832102,725983.610497791,612821.949301956,768246.863116935,0.0469681169204881,0.0166284448,2020.21282972678,2020.2431693989,266000
7,8,0.00564099999999999,645179.236832102,725983.610497791,645028.988134861,725472.923292666,0.0222694448,0.0166284448,2020.21282972678,2020.21847072678,266000
8,2,0.0274309125604881,645028.988134861,725472.923292666,644485.073947699,723441.569504824,0.0497003573604881,0.0222694448,2020.21847072678,2020.24590163934,266000
8,3,0.0438243551804881,645028.988134861,725472.923292666,646523.180145426,736580.334371092,0.0660937999804881,0.0222694448,2020.21847072678,2020.26229508196,266000
9,4,0.0631411147404881,645081.362607486,726460.116803323,642206.218550374,755012.184872246,0.0633615595401881,0.000220444799700001,2020.19642172678,2020.25956284152,266000
9,5,0.0686055956204881,645081.362607486,726460.116803323,645088.120580768,726064.676150808,0.0688260404201881,0.000220444799700001,2020.19642172678,2020.2650273224,266000
