node1,node2,length,startLat,startLon,endLat,endLon,endNodeL,startNodeL,startYear,endYear,treeID
6,7,0.0166284448,645266.869583377,725478.163118624,645303.921017116,725985.985677835,0.0166284448,0,2020.19620128198,2020.21282972678,913000
6,9,0.000220444799700001,645266.869583377,725478.163118624,645260.766166731,725477.385473718,0.000220444799700001,0,2020.19620128198,2020.19642172678,913000
7,1,0.0303396721204881,645303.921017116,725985.985677835,612821.949301956,768246.863116935,0.0469681169204881,0.0166284448,2020.21282972678,2020.2431693989,913000
7,8,0.00564099999999999,645303.921017116,725985.985677835,645363.831002246,726078.227697673,0.0222694448,0.0166284448,2020.21282972678,2020.21847072678,913000
8,2,0.0274309125604881,645363.831002246,726078.227697673,644485.073947699,723441.569504824,0.0497003573604881,0.0222694448,2020.21847072678,2020.24590163934,913000
8,3,0.0438243551804881,645363.831002246,726078.227697673,646523.180145426,736580.334371092,0.0660937999804881,0.0222694448,2020.21847072678,2020.26229508196,913000
9,4,0.0631411147404881,645260.766166731,725477.385473718,642206.218550374,755012.184872246,0.0633615595401881,0.000220444799700001,2020.19642172678,2020.25956284152,913000
9,5,0.0686055956204881,645260.766166731,725477.385473718,645088.120580768,726064.676150808,0.0688260404201881,0.000220444799700001,2020.19642172678,2020.2650273224,913000
