node1,node2,length,startLat,startLon,endLat,endLon,endNodeL,startNodeL,startYear,endYear,treeID
6,7,0.0166284448,645343.942071675,725681.650587238,644972.807151447,724064.682876861,0.0166284448,0,2020.19620128198,2020.21282972678,868000
6,9,0.000220444799700001,645343.942071675,725681.650587238,645363.077215641,725724.477424001,0.000220444799700001,0,2020.19620128198,2020.19642172678,868000
7,1,0.0303396721204881,644972.807151447,724064.682876861,612821.949301956,768246.863116935,0.0469681169204881,0.0166284448,2020.21282972678,2020.2431693989,868000
7,8,0.00564099999999999,644972.807151447,724064.682876861,644810.369076047,723278.973326742,0.0222694448,0.0166284448,2020.21282972678,2020.21847072678,868000
8,2,0.0274309125604881,644810.369076047,723278.973326742,644485.073947699,723441.569504824,0.0497003573604881,0.0222694448,2020.21847072678,2020.24590163934,868000
8,3,0.0438243551804881,644810.369076047,723278.973326742,646523.180145426,736580.334371092,0.0660937999804881,0.0222694448,2020.21847072678,2020.26229508196,868000
9,4,0.0631411147404881,645363.077215641,725724.477424001,642206.218550374,755012.184872246,0.0633615595401881,0.000220444799700001,2020.19642172678,2020.25956284152,868000
9,5,0.0686055956204881,645363.077215641,725724.477424001,645088.120580768,726064.676150808,0.0688260404201881,0.000220444799700001,2020.19642172678,2020.2650273224,868000
