node1,node2,length,startLat,startLon,endLat,endLon,endNodeL,startNodeL,startYear,endYear,treeID
6,1,0.0265786885099937,641437.000123746,737735.185975546,642350.733793771,738556.576073959,0.0265786885099937,0,2020.19473278689,2020.2213114754,8830000
6,7,0.0232435343,641437.000123746,737735.185975546,649042.062749481,740566.197819817,0.0232435343,0,2020.19473278689,2020.21797632119,8830000
7,5,0.0415865203399937,649042.062749481,740566.197819817,649193.814205035,736133.169944473,0.0648300546399937,0.0232435343,2020.21797632119,2020.25956284153,8830000
7,8,0.000254054448600001,649042.062749481,740566.197819817,648842.716796699,740065.637499723,0.0234975887486,0.0232435343,2020.21797632119,2020.21823037564,8830000
8,4,0.0249390232599937,648842.716796699,740065.637499723,645821.696208402,741385.674330685,0.0484366120085937,0.0234975887486,2020.21823037564,2020.2431693989,8830000
8,9,0.000312411252299999,648842.716796699,740065.637499723,648849.590605997,740077.686091344,0.0238100000009,0.0234975887486,2020.21823037564,2020.21854278689,8830000
9,2,0.0246266120099937,648849.590605997,740077.686091344,642145.367204251,719672.722366434,0.0484366120108937,0.0238100000009,2020.21854278689,2020.2431693989,8830000
9,3,3.64480772837017e-05,648849.590605997,740077.686091344,648838.607043248,740074.017924792,0.0238464480781837,0.0238100000009,2020.21854278689,2020.21857923497,8830000
