node1,node2,length,startLat,startLon,endLat,endLon,endNodeL,startNodeL,startYear,endYear,treeID
6,1,0.0265786885099937,642699.790842242,739460.304502652,642350.733793771,738556.576073959,0.0265786885099937,0,2020.19473278689,2020.2213114754,2368000
6,7,0.0232435343,642699.790842242,739460.304502652,648804.576600326,740015.498003106,0.0232435343,0,2020.19473278689,2020.21797632119,2368000
7,5,0.0415865203399937,648804.576600326,740015.498003106,649193.814205035,736133.169944473,0.0648300546399937,0.0232435343,2020.21797632119,2020.25956284153,2368000
7,8,0.000254054448600001,648804.576600326,740015.498003106,648833.882201205,740093.096158458,0.0234975887486,0.0232435343,2020.21797632119,2020.21823037564,2368000
8,4,0.0249390232599937,648833.882201205,740093.096158458,645821.696208402,741385.674330685,0.0484366120085937,0.0234975887486,2020.21823037564,2020.2431693989,2368000
8,9,0.000312411252299999,648833.882201205,740093.096158458,648830.431220692,740080.239915468,0.0238100000009,0.0234975887486,2020.21823037564,2020.21854278689,2368000
9,2,0.0246266120099937,648830.431220692,740080.239915468,642145.367204251,719672.722366434,0.0484366120108937,0.0238100000009,2020.21854278689,2020.2431693989,2368000
9,3,3.64480772837017e-05,648830.431220692,740080.239915468,648838.607043248,740074.017924792,0.0238464480781837,0.0238100000009,2020.21854278689,2020.21857923497,2368000
