node1,node2,length,startLat,startLon,endLat,endLon,endNodeL,startNodeL,startYear,endYear,treeID
6,1,0.0265786885099937,647984.653885157,739643.643359181,642350.733793771,738556.576073959,0.0265786885099937,0,2020.19473278689,2020.2213114754,2809000
6,7,0.0232435343,647984.653885157,739643.643359181,648146.027426808,738809.092211927,0.0232435343,0,2020.19473278689,2020.21797632119,2809000
7,5,0.0415865203399937,648146.027426808,738809.092211927,649193.814205035,736133.169944473,0.0648300546399937,0.0232435343,2020.21797632119,2020.25956284153,2809000
7,8,0.000254054448600001,648146.027426808,738809.092211927,648216.505996073,738737.700187639,0.0234975887486,0.0232435343,2020.21797632119,2020.21823037564,2809000
8,4,0.0249390232599937,648216.505996073,738737.700187639,645821.696208402,741385.674330685,0.0484366120085937,0.0234975887486,2020.21823037564,2020.2431693989,2809000
8,9,0.000312411252299999,648216.505996073,738737.700187639,648832.701111072,740065.854375815,0.0238100000009,0.0234975887486,2020.21823037564,2020.21854278689,2809000
9,2,0.0246266120099937,648832.701111072,740065.854375815,642145.367204251,719672.722366434,0.0484366120108937,0.0238100000009,2020.21854278689,2020.2431693989,2809000
9,3,3.64480772837017e-05,648832.701111072,740065.854375815,648838.607043248,740074.017924792,0.0238464480781837,0.0238100000009,2020.21854278689,2020.21857923497,2809000
