node1,node2,length,startLat,startLon,endLat,endLon,endNodeL,startNodeL,startYear,endYear,treeID
6,1,0.0265786885099937,648931.740768407,740179.212848807,642350.733793771,738556.576073959,0.0265786885099937,0,2020.19473278689,2020.2213114754,8443000
6,7,0.0232435343,648931.740768407,740179.212848807,648869.105213573,740095.806202824,0.0232435343,0,2020.19473278689,2020.21797632119,8443000
7,5,0.0415865203399937,648869.105213573,740095.806202824,649193.814205035,736133.169944473,0.0648300546399937,0.0232435343,2020.21797632119,2020.25956284153,8443000
7,8,0.000254054448600001,648869.105213573,740095.806202824,648841.960041439,740077.283755937,0.0234975887486,0.0232435343,2020.21797632119,2020.21823037564,8443000
8,4,0.0249390232599937,648841.960041439,740077.283755937,645821.696208402,741385.674330685,0.0484366120085937,0.0234975887486,2020.21823037564,2020.2431693989,8443000
8,9,0.000312411252299999,648841.960041439,740077.283755937,648842.405246342,740077.043342534,0.0238100000009,0.0234975887486,2020.21823037564,2020.21854278689,8443000
9,2,0.0246266120099937,648842.405246342,740077.043342534,642145.367204251,719672.722366434,0.0484366120108937,0.0238100000009,2020.21854278689,2020.2431693989,8443000
9,3,3.64480772837017e-05,648842.405246342,740077.043342534,648838.607043248,740074.017924792,0.0238464480781837,0.0238100000009,2020.21854278689,2020.21857923497,8443000
