node1,node2,length,startLat,startLon,endLat,endLon,endNodeL,startNodeL,startYear,endYear,treeID
6,1,0.0265786885099937,642837.491706824,738834.560572232,642350.733793771,738556.576073959,0.0265786885099937,0,2020.19473278689,2020.2213114754,3349000
6,7,0.0232435343,642837.491706824,738834.560572232,649402.670599419,740077.099751837,0.0232435343,0,2020.19473278689,2020.21797632119,3349000
7,5,0.0415865203399937,649402.670599419,740077.099751837,649193.814205035,736133.169944473,0.0648300546399937,0.0232435343,2020.21797632119,2020.25956284153,3349000
7,8,0.000254054448600001,649402.670599419,740077.099751837,649352.126126535,740100.067060643,0.0234975887486,0.0232435343,2020.21797632119,2020.21823037564,3349000
8,4,0.0249390232599937,649352.126126535,740100.067060643,645821.696208402,741385.674330685,0.0484366120085937,0.0234975887486,2020.21823037564,2020.2431693989,3349000
8,9,0.000312411252299999,649352.126126535,740100.067060643,649191.572630986,740112.947270224,0.0238100000009,0.0234975887486,2020.21823037564,2020.21854278689,3349000
9,2,0.0246266120099937,649191.572630986,740112.947270224,642145.367204251,719672.722366434,0.0484366120108937,0.0238100000009,2020.21854278689,2020.2431693989,3349000
9,3,3.64480772837017e-05,649191.572630986,740112.947270224,648838.607043248,740074.017924792,0.0238464480781837,0.0238100000009,2020.21854278689,2020.21857923497,3349000
