node1,node2,length,startLat,startLon,endLat,endLon,endNodeL,startNodeL,startYear,endYear,treeID
6,1,0.0265786885099937,643911.133201536,739205.740072645,642350.733793771,738556.576073959,0.0265786885099937,0,2020.19473278689,2020.2213114754,9982000
6,7,0.0232435343,643911.133201536,739205.740072645,648798.79210517,740119.180813234,0.0232435343,0,2020.19473278689,2020.21797632119,9982000
7,5,0.0415865203399937,648798.79210517,740119.180813234,649193.814205035,736133.169944473,0.0648300546399937,0.0232435343,2020.21797632119,2020.25956284153,9982000
7,8,0.000254054448600001,648798.79210517,740119.180813234,648720.863722958,740147.004863894,0.0234975887486,0.0232435343,2020.21797632119,2020.21823037564,9982000
8,4,0.0249390232599937,648720.863722958,740147.004863894,645821.696208402,741385.674330685,0.0484366120085937,0.0234975887486,2020.21823037564,2020.2431693989,9982000
8,9,0.000312411252299999,648720.863722958,740147.004863894,648838.615239581,739977.153796257,0.0238100000009,0.0234975887486,2020.21823037564,2020.21854278689,9982000
9,2,0.0246266120099937,648838.615239581,739977.153796257,642145.367204251,719672.722366434,0.0484366120108937,0.0238100000009,2020.21854278689,2020.2431693989,9982000
9,3,3.64480772837017e-05,648838.615239581,739977.153796257,648838.607043248,740074.017924792,0.0238464480781837,0.0238100000009,2020.21854278689,2020.21857923497,9982000
