node1,node2,length,startLat,startLon,endLat,endLon,endNodeL,startNodeL,startYear,endYear,treeID
7,1,0.018599,630175.627368823,740246.136610273,654254.397301449,737410.607864571,0.018599,0,2020.17812231148,2020.19672131148,5941000
7,8,0.04074,630175.627368823,740246.136610273,638970.225750612,730012.398687161,0.04074,0,2020.17812231148,2020.21886231148,5941000
8,9,0.00244,638970.225750612,730012.398687161,639532.538683745,730165.745112771,0.04318,0.04074,2020.21886231148,2020.22130231148,5941000
8,10,0.00244,638970.225750612,730012.398687161,639532.538683745,730165.745112771,0.04318,0.04074,2020.21886231148,2020.22130231148,5941000
9,2,9.53005003646173e-06,639532.538683745,730165.745112771,639597.5345639,730155.996941926,0.0431895300500365,0.04318,2020.22130231148,2020.22131184153,5941000
9,3,9.53005003646173e-06,639532.538683745,730165.745112771,651762.810171647,734138.13737403,0.0431895300500365,0.04318,2020.22130231148,2020.22131184153,5941000
10,4,9.53005003646173e-06,639532.538683745,730165.745112771,649589.587357881,705962.666381435,0.0431895300500365,0.04318,2020.22130231148,2020.22131184153,5941000
10,11,0.02186,639532.538683745,730165.745112771,631156.402622765,732390.595658207,0.06504,0.04318,2020.22130231148,2020.24316231148,5941000
11,5,7.5300500364528e-06,631156.402622765,732390.595658207,630878.069547818,732397.810827023,0.0650475300500365,0.06504,2020.24316231148,2020.24316984153,5941000
11,6,0.0164005300500365,631156.402622765,732390.595658207,667781.602412771,652299.518075062,0.0814405300500365,0.06504,2020.24316231148,2020.25956284153,5941000
