node1,node2,length,startLat,startLon,endLat,endLon,endNodeL,startNodeL,startYear,endYear,treeID
7,1,0.018599,654640.851055287,736201.346288001,654254.397301449,737410.607864571,0.018599,0,2020.17812231148,2020.19672131148,4339000
7,8,0.04074,654640.851055287,736201.346288001,650974.759099322,732773.830101352,0.04074,0,2020.17812231148,2020.21886231148,4339000
8,9,0.00244,650974.759099322,732773.830101352,651753.533832752,734133.763103839,0.04318,0.04074,2020.21886231148,2020.22130231148,4339000
8,10,0.00244,650974.759099322,732773.830101352,651753.533832752,734133.763103839,0.04318,0.04074,2020.21886231148,2020.22130231148,4339000
9,2,9.53005003646173e-06,651753.533832752,734133.763103839,639597.5345639,730155.996941926,0.0431895300500365,0.04318,2020.22130231148,2020.22131184153,4339000
9,3,9.53005003646173e-06,651753.533832752,734133.763103839,651762.810171647,734138.13737403,0.0431895300500365,0.04318,2020.22130231148,2020.22131184153,4339000
10,4,9.53005003646173e-06,651753.533832752,734133.763103839,649589.587357881,705962.666381435,0.0431895300500365,0.04318,2020.22130231148,2020.22131184153,4339000
10,11,0.02186,651753.533832752,734133.763103839,630874.661614622,732396.298266189,0.06504,0.04318,2020.22130231148,2020.24316231148,4339000
11,5,7.5300500364528e-06,630874.661614622,732396.298266189,630878.069547818,732397.810827023,0.0650475300500365,0.06504,2020.24316231148,2020.24316984153,4339000
11,6,0.0164005300500365,630874.661614622,732396.298266189,667781.602412771,652299.518075062,0.0814405300500365,0.06504,2020.24316231148,2020.25956284153,4339000
