node1,node2,length,startLat,startLon,endLat,endLon,endNodeL,startNodeL,startYear,endYear,treeID
7,1,0.018599,654139.74713525,736018.375488898,654254.397301449,737410.607864571,0.018599,0,2020.17812231148,2020.19672131148,3295000
7,8,0.04074,654139.74713525,736018.375488898,651948.392397633,733228.431225325,0.04074,0,2020.17812231148,2020.21886231148,3295000
8,9,0.00244,651948.392397633,733228.431225325,651763.011668036,734158.90181598,0.04318,0.04074,2020.21886231148,2020.22130231148,3295000
8,10,0.00244,651948.392397633,733228.431225325,651763.011668036,734158.90181598,0.04318,0.04074,2020.21886231148,2020.22130231148,3295000
9,2,9.53005003646173e-06,651763.011668036,734158.90181598,639597.5345639,730155.996941926,0.0431895300500365,0.04318,2020.22130231148,2020.22131184153,3295000
9,3,9.53005003646173e-06,651763.011668036,734158.90181598,651762.810171647,734138.13737403,0.0431895300500365,0.04318,2020.22130231148,2020.22131184153,3295000
10,4,9.53005003646173e-06,651763.011668036,734158.90181598,649589.587357881,705962.666381435,0.0431895300500365,0.04318,2020.22130231148,2020.22131184153,3295000
10,11,0.02186,651763.011668036,734158.90181598,630892.159661191,732385.346358939,0.06504,0.04318,2020.22130231148,2020.24316231148,3295000
11,5,7.5300500364528e-06,630892.159661191,732385.346358939,630878.069547818,732397.810827023,0.0650475300500365,0.06504,2020.24316231148,2020.24316984153,3295000
11,6,0.0164005300500365,630892.159661191,732385.346358939,667781.602412771,652299.518075062,0.0814405300500365,0.06504,2020.24316231148,2020.25956284153,3295000
