node1,node2,length,startLat,startLon,endLat,endLon,endNodeL,startNodeL,startYear,endYear,treeID
6,1,0.000410999999999995,645183.288663293,734199.598240892,645109.04534342,734135.878454173,0.000410999999999995,0,2020.20723927322,2020.20765027322,9091000
6,7,0.000393000000000004,645183.288663293,734199.598240892,644948.097363307,734009.300437263,0.000393000000000004,0,2020.20723927322,2020.20763227322,9091000
7,2,0.0573957431699605,644948.097363307,734009.300437263,642316.70491857,727010.084487261,0.0577887431699605,0.000393000000000004,2020.20763227322,2020.26502801639,9091000
7,8,0.03825,644948.097363307,734009.300437263,652795.277397823,740682.782374226,0.038643,0.000393000000000004,2020.20763227322,2020.24588227322,9091000
8,3,1.97431699605205e-05,652795.277397823,740682.782374226,652737.33884595,740635.473382521,0.0386627431699605,0.038643,2020.24588227322,2020.24590201639,9091000
8,9,0.04918,652795.277397823,740682.782374226,646772.499916692,736046.22380002,0.087823,0.038643,2020.24588227322,2020.29506227322,9091000
9,4,1.97431699605205e-05,646772.499916692,736046.22380002,646736.589716631,736018.969273173,0.0878427431699605,0.087823,2020.29506227322,2020.29508201639,9091000
9,5,0.0573967431699605,646772.499916692,736046.22380002,650959.670259153,739485.205903959,0.145219743169961,0.087823,2020.29506227322,2020.35245901639,9091000
