node1,node2,length,startLat,startLon,endLat,endLon,endNodeL,startNodeL,startYear,endYear,treeID
6,1,0.000410999999999995,645154.60784406,734184.470544531,645109.04534342,734135.878454173,0.000410999999999995,0,2020.20723927322,2020.20765027322,4213000
6,7,0.000393000000000004,645154.60784406,734184.470544531,645197.717013729,734216.534466387,0.000393000000000004,0,2020.20723927322,2020.20763227322,4213000
7,2,0.0573957431699605,645197.717013729,734216.534466387,642316.70491857,727010.084487261,0.0577887431699605,0.000393000000000004,2020.20763227322,2020.26502801639,4213000
7,8,0.03825,645197.717013729,734216.534466387,652468.181155127,740419.362087436,0.038643,0.000393000000000004,2020.20763227322,2020.24588227322,4213000
8,3,1.97431699605205e-05,652468.181155127,740419.362087436,652737.33884595,740635.473382521,0.0386627431699605,0.038643,2020.24588227322,2020.24590201639,4213000
8,9,0.04918,652468.181155127,740419.362087436,647625.341044555,736735.756783805,0.087823,0.038643,2020.24588227322,2020.29506227322,4213000
9,4,1.97431699605205e-05,647625.341044555,736735.756783805,646736.589716631,736018.969273173,0.0878427431699605,0.087823,2020.29506227322,2020.29508201639,4213000
9,5,0.0573967431699605,647625.341044555,736735.756783805,650959.670259153,739485.205903959,0.145219743169961,0.087823,2020.29506227322,2020.35245901639,4213000
