node1,node2,length,startLat,startLon,endLat,endLon,endNodeL,startNodeL,startYear,endYear,treeID
6,1,0.000410999999999995,645069.65168118,734100.404058394,645109.04534342,734135.878454173,0.000410999999999995,0,2020.20723927322,2020.20765027322,1765000
6,7,0.000393000000000004,645069.65168118,734100.404058394,649384.805959171,737623.625776964,0.000393000000000004,0,2020.20723927322,2020.20763227322,1765000
7,2,0.0573957431699605,649384.805959171,737623.625776964,642316.70491857,727010.084487261,0.0577887431699605,0.000393000000000004,2020.20763227322,2020.26502801639,1765000
7,8,0.03825,649384.805959171,737623.625776964,652664.265690752,740571.373060222,0.038643,0.000393000000000004,2020.20763227322,2020.24588227322,1765000
8,3,1.97431699605205e-05,652664.265690752,740571.373060222,652737.33884595,740635.473382521,0.0386627431699605,0.038643,2020.24588227322,2020.24590201639,1765000
8,9,0.04918,652664.265690752,740571.373060222,646585.86666022,735893.510820597,0.087823,0.038643,2020.24588227322,2020.29506227322,1765000
9,4,1.97431699605205e-05,646585.86666022,735893.510820597,646736.589716631,736018.969273173,0.0878427431699605,0.087823,2020.29506227322,2020.29508201639,1765000
9,5,0.0573967431699605,646585.86666022,735893.510820597,650959.670259153,739485.205903959,0.145219743169961,0.087823,2020.29506227322,2020.35245901639,1765000
