node1,node2,length,startLat,startLon,endLat,endLon,endNodeL,startNodeL,startYear,endYear,treeID
6,1,0.000410999999999995,645733.251689322,734582.566864113,645109.04534342,734135.878454173,0.000410999999999995,0,2020.20723927322,2020.20765027322,6049000
6,7,0.000393000000000004,645733.251689322,734582.566864113,645906.498087859,734666.358647979,0.000393000000000004,0,2020.20723927322,2020.20763227322,6049000
7,2,0.0573957431699605,645906.498087859,734666.358647979,642316.70491857,727010.084487261,0.0577887431699605,0.000393000000000004,2020.20763227322,2020.26502801639,6049000
7,8,0.03825,645906.498087859,734666.358647979,652832.376374066,740730.204340009,0.038643,0.000393000000000004,2020.20763227322,2020.24588227322,6049000
8,3,1.97431699605205e-05,652832.376374066,740730.204340009,652737.33884595,740635.473382521,0.0386627431699605,0.038643,2020.24588227322,2020.24590201639,6049000
8,9,0.04918,652832.376374066,740730.204340009,646732.754569148,736014.427657789,0.087823,0.038643,2020.24588227322,2020.29506227322,6049000
9,4,1.97431699605205e-05,646732.754569148,736014.427657789,646736.589716631,736018.969273173,0.0878427431699605,0.087823,2020.29506227322,2020.29508201639,6049000
9,5,0.0573967431699605,646732.754569148,736014.427657789,650959.670259153,739485.205903959,0.145219743169961,0.087823,2020.29506227322,2020.35245901639,6049000
