node1,node2,length,startLat,startLon,endLat,endLon,endNodeL,startNodeL,startYear,endYear,treeID
6,1,0.000410999999999995,646481.503742165,735309.823613724,645109.04534342,734135.878454173,0.000410999999999995,0,2020.20723927322,2020.20765027322,7966000
6,7,0.000393000000000004,646481.503742165,735309.823613724,646469.907126072,735297.229791494,0.000393000000000004,0,2020.20723927322,2020.20763227322,7966000
7,2,0.0573957431699605,646469.907126072,735297.229791494,642316.70491857,727010.084487261,0.0577887431699605,0.000393000000000004,2020.20763227322,2020.26502801639,7966000
7,8,0.03825,646469.907126072,735297.229791494,652719.056046122,740622.581374994,0.038643,0.000393000000000004,2020.20763227322,2020.24588227322,7966000
8,3,1.97431699605205e-05,652719.056046122,740622.581374994,652737.33884595,740635.473382521,0.0386627431699605,0.038643,2020.24588227322,2020.24590201639,7966000
8,9,0.04918,652719.056046122,740622.581374994,646731.152521978,736012.418809603,0.087823,0.038643,2020.24588227322,2020.29506227322,7966000
9,4,1.97431699605205e-05,646731.152521978,736012.418809603,646736.589716631,736018.969273173,0.0878427431699605,0.087823,2020.29506227322,2020.29508201639,7966000
9,5,0.0573967431699605,646731.152521978,736012.418809603,650959.670259153,739485.205903959,0.145219743169961,0.087823,2020.29506227322,2020.35245901639,7966000
