node1,node2,length,startLat,startLon,endLat,endLon,endNodeL,startNodeL,startYear,endYear,treeID
6,1,0.000410999999999995,645314.578746513,734368.385812799,645109.04534342,734135.878454173,0.000410999999999995,0,2020.20723927322,2020.20765027322,7759000
6,7,0.000393000000000004,645314.578746513,734368.385812799,645217.58364425,734268.266869197,0.000393000000000004,0,2020.20723927322,2020.20763227322,7759000
7,2,0.0573957431699605,645217.58364425,734268.266869197,642316.70491857,727010.084487261,0.0577887431699605,0.000393000000000004,2020.20763227322,2020.26502801639,7759000
7,8,0.03825,645217.58364425,734268.266869197,647079.786637678,736381.363960816,0.038643,0.000393000000000004,2020.20763227322,2020.24588227322,7759000
8,3,1.97431699605205e-05,647079.786637678,736381.363960816,652737.33884595,740635.473382521,0.0386627431699605,0.038643,2020.24588227322,2020.24590201639,7759000
8,9,0.04918,647079.786637678,736381.363960816,646731.894989506,736012.996136812,0.087823,0.038643,2020.24588227322,2020.29506227322,7759000
9,4,1.97431699605205e-05,646731.894989506,736012.996136812,646736.589716631,736018.969273173,0.0878427431699605,0.087823,2020.29506227322,2020.29508201639,7759000
9,5,0.0573967431699605,646731.894989506,736012.996136812,650959.670259153,739485.205903959,0.145219743169961,0.087823,2020.29506227322,2020.35245901639,7759000
