node1,node2,length,startLat,startLon,endLat,endLon,endNodeL,startNodeL,startYear,endYear,treeID
6,1,0.000410999999999995,643765.949313873,733117.161151595,645109.04534342,734135.878454173,0.000410999999999995,0,2020.20723927322,2020.20765027322,1153000
6,7,0.000393000000000004,643765.949313873,733117.161151595,643669.881212421,733052.764632911,0.000393000000000004,0,2020.20723927322,2020.20763227322,1153000
7,2,0.0573957431699605,643669.881212421,733052.764632911,642316.70491857,727010.084487261,0.0577887431699605,0.000393000000000004,2020.20763227322,2020.26502801639,1153000
7,8,0.03825,643669.881212421,733052.764632911,652616.670090661,740566.736015218,0.038643,0.000393000000000004,2020.20763227322,2020.24588227322,1153000
8,3,1.97431699605205e-05,652616.670090661,740566.736015218,652737.33884595,740635.473382521,0.0386627431699605,0.038643,2020.24588227322,2020.24590201639,1153000
8,9,0.04918,652616.670090661,740566.736015218,646736.540003172,736019.463995411,0.087823,0.038643,2020.24588227322,2020.29506227322,1153000
9,4,1.97431699605205e-05,646736.540003172,736019.463995411,646736.589716631,736018.969273173,0.0878427431699605,0.087823,2020.29506227322,2020.29508201639,1153000
9,5,0.0573967431699605,646736.540003172,736019.463995411,650959.670259153,739485.205903959,0.145219743169961,0.087823,2020.29506227322,2020.35245901639,1153000
