node1,node2,length,startLat,startLon,endLat,endLon,endNodeL,startNodeL,startYear,endYear,treeID
6,1,0.000410999999999995,645595.362625663,734566.376814216,645109.04534342,734135.878454173,0.000410999999999995,0,2020.20723927322,2020.20765027322,2629000
6,7,0.000393000000000004,645595.362625663,734566.376814216,646079.626545285,735071.818908728,0.000393000000000004,0,2020.20723927322,2020.20763227322,2629000
7,2,0.0573957431699605,646079.626545285,735071.818908728,642316.70491857,727010.084487261,0.0577887431699605,0.000393000000000004,2020.20763227322,2020.26502801639,2629000
7,8,0.03825,646079.626545285,735071.818908728,652834.290407592,740715.169495263,0.038643,0.000393000000000004,2020.20763227322,2020.24588227322,2629000
8,3,1.97431699605205e-05,652834.290407592,740715.169495263,652737.33884595,740635.473382521,0.0386627431699605,0.038643,2020.24588227322,2020.24590201639,2629000
8,9,0.04918,652834.290407592,740715.169495263,646707.654857661,735991.597910012,0.087823,0.038643,2020.24588227322,2020.29506227322,2629000
9,4,1.97431699605205e-05,646707.654857661,735991.597910012,646736.589716631,736018.969273173,0.0878427431699605,0.087823,2020.29506227322,2020.29508201639,2629000
9,5,0.0573967431699605,646707.654857661,735991.597910012,650959.670259153,739485.205903959,0.145219743169961,0.087823,2020.29506227322,2020.35245901639,2629000
