node1,node2,length,startLat,startLon,endLat,endLon,endNodeL,startNodeL,startYear,endYear,treeID
6,1,0.000410999999999995,645345.403118739,734348.777994375,645109.04534342,734135.878454173,0.000410999999999995,0,2020.20723927322,2020.20765027322,5797000
6,7,0.000393000000000004,645345.403118739,734348.777994375,644811.836444347,733919.706439436,0.000393000000000004,0,2020.20723927322,2020.20763227322,5797000
7,2,0.0573957431699605,644811.836444347,733919.706439436,642316.70491857,727010.084487261,0.0577887431699605,0.000393000000000004,2020.20763227322,2020.26502801639,5797000
7,8,0.03825,644811.836444347,733919.706439436,652794.967358982,740684.443214502,0.038643,0.000393000000000004,2020.20763227322,2020.24588227322,5797000
8,3,1.97431699605205e-05,652794.967358982,740684.443214502,652737.33884595,740635.473382521,0.0386627431699605,0.038643,2020.24588227322,2020.24590201639,5797000
8,9,0.04918,652794.967358982,740684.443214502,646523.392518618,735838.711263603,0.087823,0.038643,2020.24588227322,2020.29506227322,5797000
9,4,1.97431699605205e-05,646523.392518618,735838.711263603,646736.589716631,736018.969273173,0.0878427431699605,0.087823,2020.29506227322,2020.29508201639,5797000
9,5,0.0573967431699605,646523.392518618,735838.711263603,650959.670259153,739485.205903959,0.145219743169961,0.087823,2020.29506227322,2020.35245901639,5797000
