node1,node2,length,startLat,startLon,endLat,endLon,endNodeL,startNodeL,startYear,endYear,treeID
5,1,0.0330122295098546,657697.389772904,655862.509629034,654774.927123936,650847.418745532,0.0330122295098546,0,2020.19376372677,2020.22677595628,1052000
5,6,0.013414,657697.389772904,655862.509629034,691687.824880326,710775.819661423,0.013414,0,2020.19376372677,2020.20717772677,1052000
6,2,0.0223304699498546,691687.824880326,710775.819661423,691482.71461555,710334.860132735,0.0357444699498546,0.013414,2020.20717772677,2020.22950819672,1052000
6,7,0.009485,691687.824880326,710775.819661423,690732.623441932,709117.414408291,0.022899,0.013414,2020.20717772677,2020.21666272677,1052000
7,3,0.0101132295098546,690732.623441932,709117.414408291,672247.746021549,678427.600480799,0.0330122295098546,0.022899,2020.21666272677,2020.22677595628,1052000
7,4,0.0128454699498546,690732.623441932,709117.414408291,685512.168242078,705009.987339636,0.0357444699498546,0.022899,2020.21666272677,2020.22950819672,1052000
