node1,node2,length,startLat,startLon,endLat,endLon,endNodeL,startNodeL,startYear,endYear,treeID
5,1,0.0330122295098546,656882.374645246,654295.724721012,654774.927123936,650847.418745532,0.0330122295098546,0,2020.19376372677,2020.22677595628,402000
5,6,0.013414,656882.374645246,654295.724721012,655792.33575947,652678.652200039,0.013414,0,2020.19376372677,2020.20717772677,402000
6,2,0.0223304699498546,655792.33575947,652678.652200039,691482.71461555,710334.860132735,0.0357444699498546,0.013414,2020.20717772677,2020.22950819672,402000
6,7,0.009485,655792.33575947,652678.652200039,660427.214461279,660061.627281832,0.022899,0.013414,2020.20717772677,2020.21666272677,402000
7,3,0.0101132295098546,660427.214461279,660061.627281832,672247.746021549,678427.600480799,0.0330122295098546,0.022899,2020.21666272677,2020.22677595628,402000
7,4,0.0128454699498546,660427.214461279,660061.627281832,685512.168242078,705009.987339636,0.0357444699498546,0.022899,2020.21666272677,2020.22950819672,402000
