node1,node2,length,startLat,startLon,endLat,endLon,endNodeL,startNodeL,startYear,endYear,treeID
5,1,0.0330122295098546,664441.752653917,666177.850085944,654774.927123936,650847.418745532,0.0330122295098546,0,2020.19376372677,2020.22677595628,1057000
5,6,0.013414,664441.752653917,666177.850085944,675896.911538954,684593.042379386,0.013414,0,2020.19376372677,2020.20717772677,1057000
6,2,0.0223304699498546,675896.911538954,684593.042379386,691482.71461555,710334.860132735,0.0357444699498546,0.013414,2020.20717772677,2020.22950819672,1057000
6,7,0.009485,675896.911538954,684593.042379386,671400.405379834,677096.763712788,0.022899,0.013414,2020.20717772677,2020.21666272677,1057000
7,3,0.0101132295098546,671400.405379834,677096.763712788,672247.746021549,678427.600480799,0.0330122295098546,0.022899,2020.21666272677,2020.22677595628,1057000
7,4,0.0128454699498546,671400.405379834,677096.763712788,685512.168242078,705009.987339636,0.0357444699498546,0.022899,2020.21666272677,2020.22950819672,1057000
