node1,node2,length,startLat,startLon,endLat,endLon,endNodeL,startNodeL,startYear,endYear,treeID
5,1,0.0330122295098546,659646.545714708,658609.780492366,654774.927123936,650847.418745532,0.0330122295098546,0,2020.19376372677,2020.22677595628,323000
5,6,0.013414,659646.545714708,658609.780492366,672646.45076579,679040.804947588,0.013414,0,2020.19376372677,2020.20717772677,323000
6,2,0.0223304699498546,672646.45076579,679040.804947588,691482.71461555,710334.860132735,0.0357444699498546,0.013414,2020.20717772677,2020.22950819672,323000
6,7,0.009485,672646.45076579,679040.804947588,672097.66932656,678158.421961877,0.022899,0.013414,2020.20717772677,2020.21666272677,323000
7,3,0.0101132295098546,672097.66932656,678158.421961877,672247.746021549,678427.600480799,0.0330122295098546,0.022899,2020.21666272677,2020.22677595628,323000
7,4,0.0128454699498546,672097.66932656,678158.421961877,685512.168242078,705009.987339636,0.0357444699498546,0.022899,2020.21666272677,2020.22950819672,323000
