node1,node2,length,startLat,startLon,endLat,endLon,endNodeL,startNodeL,startYear,endYear,treeID
5,1,0.0330122295098546,672459.164392458,678658.955719388,654774.927123936,650847.418745532,0.0330122295098546,0,2020.19376372677,2020.22677595628,859000
5,6,0.013414,672459.164392458,678658.955719388,673193.897213916,679761.986910859,0.013414,0,2020.19376372677,2020.20717772677,859000
6,2,0.0223304699498546,673193.897213916,679761.986910859,691482.71461555,710334.860132735,0.0357444699498546,0.013414,2020.20717772677,2020.22950819672,859000
6,7,0.009485,673193.897213916,679761.986910859,672313.520031625,678445.833350088,0.022899,0.013414,2020.20717772677,2020.21666272677,859000
7,3,0.0101132295098546,672313.520031625,678445.833350088,672247.746021549,678427.600480799,0.0330122295098546,0.022899,2020.21666272677,2020.22677595628,859000
7,4,0.0128454699498546,672313.520031625,678445.833350088,685512.168242078,705009.987339636,0.0357444699498546,0.022899,2020.21666272677,2020.22950819672,859000
