node1,node2,length,startLat,startLon,endLat,endLon,endNodeL,startNodeL,startYear,endYear,treeID
5,1,0.0330122295098546,683749.681037319,702341.318676864,654774.927123936,650847.418745532,0.0330122295098546,0,2020.19376372677,2020.22677595628,599000
5,6,0.013414,683749.681037319,702341.318676864,683991.95468527,702880.123595498,0.013414,0,2020.19376372677,2020.20717772677,599000
6,2,0.0223304699498546,683991.95468527,702880.123595498,691482.71461555,710334.860132735,0.0357444699498546,0.013414,2020.20717772677,2020.22950819672,599000
6,7,0.009485,683991.95468527,702880.123595498,684679.334875852,703154.432788735,0.022899,0.013414,2020.20717772677,2020.21666272677,599000
7,3,0.0101132295098546,684679.334875852,703154.432788735,672247.746021549,678427.600480799,0.0330122295098546,0.022899,2020.21666272677,2020.22677595628,599000
7,4,0.0128454699498546,684679.334875852,703154.432788735,685512.168242078,705009.987339636,0.0357444699498546,0.022899,2020.21666272677,2020.22950819672,599000
