node1,node2,length,startLat,startLon,endLat,endLon,endNodeL,startNodeL,startYear,endYear,treeID
5,1,0.0330122295098546,660143.114156626,659938.669072876,654774.927123936,650847.418745532,0.0330122295098546,0,2020.19376372677,2020.22677595628,154000
5,6,0.013414,660143.114156626,659938.669072876,661827.658132591,662732.392480003,0.013414,0,2020.19376372677,2020.20717772677,154000
6,2,0.0223304699498546,661827.658132591,662732.392480003,691482.71461555,710334.860132735,0.0357444699498546,0.013414,2020.20717772677,2020.22950819672,154000
6,7,0.009485,661827.658132591,662732.392480003,669585.523419842,675919.846634041,0.022899,0.013414,2020.20717772677,2020.21666272677,154000
7,3,0.0101132295098546,669585.523419842,675919.846634041,672247.746021549,678427.600480799,0.0330122295098546,0.022899,2020.21666272677,2020.22677595628,154000
7,4,0.0128454699498546,669585.523419842,675919.846634041,685512.168242078,705009.987339636,0.0357444699498546,0.022899,2020.21666272677,2020.22950819672,154000
