node1,node2,length,startLat,startLon,endLat,endLon,endNodeL,startNodeL,startYear,endYear,treeID
5,1,0.0330122295098546,654794.477517859,650777.55973537,654774.927123936,650847.418745532,0.0330122295098546,0,2020.19376372677,2020.22677595628,732000
5,6,0.013414,654794.477517859,650777.55973537,686053.142522468,705242.298616816,0.013414,0,2020.19376372677,2020.20717772677,732000
6,2,0.0223304699498546,686053.142522468,705242.298616816,691482.71461555,710334.860132735,0.0357444699498546,0.013414,2020.20717772677,2020.22950819672,732000
6,7,0.009485,686053.142522468,705242.298616816,686015.521265164,705177.353933124,0.022899,0.013414,2020.20717772677,2020.21666272677,732000
7,3,0.0101132295098546,686015.521265164,705177.353933124,672247.746021549,678427.600480799,0.0330122295098546,0.022899,2020.21666272677,2020.22677595628,732000
7,4,0.0128454699498546,686015.521265164,705177.353933124,685512.168242078,705009.987339636,0.0357444699498546,0.022899,2020.21666272677,2020.22950819672,732000
