node1,node2,length,startLat,startLon,endLat,endLon,endNodeL,startNodeL,startYear,endYear,treeID
5,1,0.0330122295098546,661048.531413218,662740.673781332,654774.927123936,650847.418745532,0.0330122295098546,0,2020.19376372677,2020.22677595628,749000
5,6,0.013414,661048.531413218,662740.673781332,685869.941862845,705470.077638219,0.013414,0,2020.19376372677,2020.20717772677,749000
6,2,0.0223304699498546,685869.941862845,705470.077638219,691482.71461555,710334.860132735,0.0357444699498546,0.013414,2020.20717772677,2020.22950819672,749000
6,7,0.009485,685869.941862845,705470.077638219,684967.799562134,703935.894860613,0.022899,0.013414,2020.20717772677,2020.21666272677,749000
7,3,0.0101132295098546,684967.799562134,703935.894860613,672247.746021549,678427.600480799,0.0330122295098546,0.022899,2020.21666272677,2020.22677595628,749000
7,4,0.0128454699498546,684967.799562134,703935.894860613,685512.168242078,705009.987339636,0.0357444699498546,0.022899,2020.21666272677,2020.22950819672,749000
