node1,node2,length,startLat,startLon,endLat,endLon,endNodeL,startNodeL,startYear,endYear,treeID
5,1,0.0330122295098546,656445.495276057,652923.173048868,654774.927123936,650847.418745532,0.0330122295098546,0,2020.19376372677,2020.22677595628,160000
5,6,0.013414,656445.495276057,652923.173048868,669862.021560284,674707.345141647,0.013414,0,2020.19376372677,2020.20717772677,160000
6,2,0.0223304699498546,669862.021560284,674707.345141647,691482.71461555,710334.860132735,0.0357444699498546,0.013414,2020.20717772677,2020.22950819672,160000
6,7,0.009485,669862.021560284,674707.345141647,670218.453889034,675269.863096626,0.022899,0.013414,2020.20717772677,2020.21666272677,160000
7,3,0.0101132295098546,670218.453889034,675269.863096626,672247.746021549,678427.600480799,0.0330122295098546,0.022899,2020.21666272677,2020.22677595628,160000
7,4,0.0128454699498546,670218.453889034,675269.863096626,685512.168242078,705009.987339636,0.0357444699498546,0.022899,2020.21666272677,2020.22950819672,160000
