node1,node2,length,startLat,startLon,endLat,endLon,endNodeL,startNodeL,startYear,endYear,treeID
5,1,0.0330122295098546,672122.870844153,678151.052876619,654774.927123936,650847.418745532,0.0330122295098546,0,2020.19376372677,2020.22677595628,825000
5,6,0.013414,672122.870844153,678151.052876619,672067.324875448,678080.005949588,0.013414,0,2020.19376372677,2020.20717772677,825000
6,2,0.0223304699498546,672067.324875448,678080.005949588,691482.71461555,710334.860132735,0.0357444699498546,0.013414,2020.20717772677,2020.22950819672,825000
6,7,0.009485,672067.324875448,678080.005949588,672004.50166917,678005.827425625,0.022899,0.013414,2020.20717772677,2020.21666272677,825000
7,3,0.0101132295098546,672004.50166917,678005.827425625,672247.746021549,678427.600480799,0.0330122295098546,0.022899,2020.21666272677,2020.22677595628,825000
7,4,0.0128454699498546,672004.50166917,678005.827425625,685512.168242078,705009.987339636,0.0357444699498546,0.022899,2020.21666272677,2020.22950819672,825000
