node1,node2,length,startLat,startLon,endLat,endLon,endNodeL,startNodeL,startYear,endYear,treeID
5,1,0.0330122295098546,688822.859001165,708930.420759835,654774.927123936,650847.418745532,0.0330122295098546,0,2020.19376372677,2020.22677595628,923000
5,6,0.013414,688822.859001165,708930.420759835,686625.017626751,706569.093143456,0.013414,0,2020.19376372677,2020.20717772677,923000
6,2,0.0223304699498546,686625.017626751,706569.093143456,691482.71461555,710334.860132735,0.0357444699498546,0.013414,2020.20717772677,2020.22950819672,923000
6,7,0.009485,686625.017626751,706569.093143456,686699.486912603,706663.048593865,0.022899,0.013414,2020.20717772677,2020.21666272677,923000
7,3,0.0101132295098546,686699.486912603,706663.048593865,672247.746021549,678427.600480799,0.0330122295098546,0.022899,2020.21666272677,2020.22677595628,923000
7,4,0.0128454699498546,686699.486912603,706663.048593865,685512.168242078,705009.987339636,0.0357444699498546,0.022899,2020.21666272677,2020.22950819672,923000
