node1,node2,length,startLat,startLon,endLat,endLon,endNodeL,startNodeL,startYear,endYear,treeID
5,1,0.0330122295098546,672570.271280366,678750.671567269,654774.927123936,650847.418745532,0.0330122295098546,0,2020.19376372677,2020.22677595628,1073000
5,6,0.013414,672570.271280366,678750.671567269,676126.992461537,684705.331768479,0.013414,0,2020.19376372677,2020.20717772677,1073000
6,2,0.0223304699498546,676126.992461537,684705.331768479,691482.71461555,710334.860132735,0.0357444699498546,0.013414,2020.20717772677,2020.22950819672,1073000
6,7,0.009485,676126.992461537,684705.331768479,670743.136055076,675943.496029958,0.022899,0.013414,2020.20717772677,2020.21666272677,1073000
7,3,0.0101132295098546,670743.136055076,675943.496029958,672247.746021549,678427.600480799,0.0330122295098546,0.022899,2020.21666272677,2020.22677595628,1073000
7,4,0.0128454699498546,670743.136055076,675943.496029958,685512.168242078,705009.987339636,0.0357444699498546,0.022899,2020.21666272677,2020.22950819672,1073000
