node1,node2,length,startLat,startLon,endLat,endLon,endNodeL,startNodeL,startYear,endYear,treeID
5,1,0.0330122295098546,654913.665955002,650954.671637217,654774.927123936,650847.418745532,0.0330122295098546,0,2020.19376372677,2020.22677595628,693000
5,6,0.013414,654913.665955002,650954.671637217,686521.305168019,706283.324718001,0.013414,0,2020.19376372677,2020.20717772677,693000
6,2,0.0223304699498546,686521.305168019,706283.324718001,691482.71461555,710334.860132735,0.0357444699498546,0.013414,2020.20717772677,2020.22950819672,693000
6,7,0.009485,686521.305168019,706283.324718001,685505.078292585,705016.596412324,0.022899,0.013414,2020.20717772677,2020.21666272677,693000
7,3,0.0101132295098546,685505.078292585,705016.596412324,672247.746021549,678427.600480799,0.0330122295098546,0.022899,2020.21666272677,2020.22677595628,693000
7,4,0.0128454699498546,685505.078292585,705016.596412324,685512.168242078,705009.987339636,0.0357444699498546,0.022899,2020.21666272677,2020.22950819672,693000
