node1,node2,length,startLat,startLon,endLat,endLon,endNodeL,startNodeL,startYear,endYear,treeID
4,3,0.002451,645116.921521823,747550.169402401,617795.612772019,715689.948299712,0.002451,0,2020.17241238798,2020.17486338798,4033000
4,5,0.00244,645116.921521823,747550.169402401,645107.938146634,747546.214676081,0.00244,0,2020.17241238798,2020.17485238798,4033000
5,1,1.10000000000002e-05,645107.938146634,747546.214676081,645108.706499476,747519.353380428,0.002451,0.00244,2020.17485238798,2020.17486338798,4033000
5,2,1.10000000000002e-05,645107.938146634,747546.214676081,651729.57933524,749643.37131055,0.002451,0.00244,2020.17485238798,2020.17486338798,4033000
