node1,node2,length,startLat,startLon,endLat,endLon,endNodeL,startNodeL,startYear,endYear,treeID
4,3,0.002451,620719.838800832,719111.50047575,617795.612772019,715689.948299712,0.002451,0,2020.17241238798,2020.17486338798,9631000
4,5,0.00244,620719.838800832,719111.50047575,645080.537706821,747486.823838808,0.00244,0,2020.17241238798,2020.17485238798,9631000
5,1,1.10000000000002e-05,645080.537706821,747486.823838808,645108.706499476,747519.353380428,0.002451,0.00244,2020.17485238798,2020.17486338798,9631000
5,2,1.10000000000002e-05,645080.537706821,747486.823838808,651729.57933524,749643.37131055,0.002451,0.00244,2020.17485238798,2020.17486338798,9631000
