node1,node2,length,startLat,startLon,endLat,endLon,endNodeL,startNodeL,startYear,endYear,treeID
4,3,0.002451,620645.190911595,719009.959370297,617795.612772019,715689.948299712,0.002451,0,2020.17241238798,2020.17486338798,5563000
4,5,0.00244,620645.190911595,719009.959370297,645264.330706019,747701.147671145,0.00244,0,2020.17241238798,2020.17485238798,5563000
5,1,1.10000000000002e-05,645264.330706019,747701.147671145,645108.706499476,747519.353380428,0.002451,0.00244,2020.17485238798,2020.17486338798,5563000
5,2,1.10000000000002e-05,645264.330706019,747701.147671145,651729.57933524,749643.37131055,0.002451,0.00244,2020.17485238798,2020.17486338798,5563000
