node1,node2,length,startLat,startLon,endLat,endLon,endNodeL,startNodeL,startYear,endYear,treeID
4,3,0.002451,644969.527707593,747372.820211763,617795.612772019,715689.948299712,0.002451,0,2020.17241238798,2020.17486338798,3862000
4,5,0.00244,644969.527707593,747372.820211763,645101.239161849,747508.67924123,0.00244,0,2020.17241238798,2020.17485238798,3862000
5,1,1.10000000000002e-05,645101.239161849,747508.67924123,645108.706499476,747519.353380428,0.002451,0.00244,2020.17485238798,2020.17486338798,3862000
5,2,1.10000000000002e-05,645101.239161849,747508.67924123,651729.57933524,749643.37131055,0.002451,0.00244,2020.17485238798,2020.17486338798,3862000
