node1,node2,length,startLat,startLon,endLat,endLon,endNodeL,startNodeL,startYear,endYear,treeID
4,3,0.002451,645816.459185302,748342.959990212,617795.612772019,715689.948299712,0.002451,0,2020.17241238798,2020.17486338798,1414000
4,5,0.00244,645816.459185302,748342.959990212,645253.67638322,747687.994011715,0.00244,0,2020.17241238798,2020.17485238798,1414000
5,1,1.10000000000002e-05,645253.67638322,747687.994011715,645108.706499476,747519.353380428,0.002451,0.00244,2020.17485238798,2020.17486338798,1414000
5,2,1.10000000000002e-05,645253.67638322,747687.994011715,651729.57933524,749643.37131055,0.002451,0.00244,2020.17485238798,2020.17486338798,1414000
