node1,node2,length,startLat,startLon,endLat,endLon,endNodeL,startNodeL,startYear,endYear,treeID
4,3,0.002451,617438.375614618,715279.384538479,617795.612772019,715689.948299712,0.002451,0,2020.17241238798,2020.17486338798,2962000
4,5,0.00244,617438.375614618,715279.384538479,645145.826920728,747562.216783433,0.00244,0,2020.17241238798,2020.17485238798,2962000
5,1,1.10000000000002e-05,645145.826920728,747562.216783433,645108.706499476,747519.353380428,0.002451,0.00244,2020.17485238798,2020.17486338798,2962000
5,2,1.10000000000002e-05,645145.826920728,747562.216783433,651729.57933524,749643.37131055,0.002451,0.00244,2020.17485238798,2020.17486338798,2962000
