node1,node2,length,startLat,startLon,endLat,endLon,endNodeL,startNodeL,startYear,endYear,treeID
4,3,0.002451,615422.393032782,712950.571529971,617795.612772019,715689.948299712,0.002451,0,2020.17241238798,2020.17486338798,4897000
4,5,0.00244,615422.393032782,712950.571529971,645105.430972358,747515.128784661,0.00244,0,2020.17241238798,2020.17485238798,4897000
5,1,1.10000000000002e-05,645105.430972358,747515.128784661,645108.706499476,747519.353380428,0.002451,0.00244,2020.17485238798,2020.17486338798,4897000
5,2,1.10000000000002e-05,645105.430972358,747515.128784661,651729.57933524,749643.37131055,0.002451,0.00244,2020.17485238798,2020.17486338798,4897000
