node1,node2,length,startLat,startLon,endLat,endLon,endNodeL,startNodeL,startYear,endYear,treeID
8,9,0.000172435739500001,669850.557842299,653588.664158053,669803.692903085,652804.823349076,0.000172435739500001,0,2020.14191129103,2020.14208372677,190000
8,11,4.28972689300033e-05,669850.557842299,653588.664158053,669733.136453649,653478.8604723,4.28972689300033e-05,0,2020.14191129103,2020.1419541883,190000
9,1,0.0382441420798326,669803.692903085,652804.823349076,618568.793380168,688017.417188009,0.0384165778193326,0.000172435739500001,2020.14208372677,2020.18032786885,190000
9,10,0.02153570551,669803.692903085,652804.823349076,670457.802591244,647880.860372494,0.0217081412495,0.000172435739500001,2020.14208372677,2020.16361943228,190000
10,2,0.00304723438383259,670457.802591244,647880.860372494,677374.201270582,674304.159195716,0.0247553756333326,0.0217081412495,2020.16361943228,2020.16666666666,190000
10,3,0.000314993946932587,670457.802591244,647880.860372494,670451.709793149,647903.035046094,0.0220231351964326,0.0217081412495,2020.16361943228,2020.16393442623,190000
11,12,0.006010538471,669733.136453649,653478.8604723,669499.058923973,672430.215827273,0.00605343573993,4.28972689300033e-05,2020.1419541883,2020.14796472677,190000
11,13,0.000129538470600002,669733.136453649,653478.8604723,669460.58511028,655053.238127897,0.000172435739530005,4.28972689300033e-05,2020.1419541883,2020.14208372677,190000
12,4,0.0241664207698326,669499.058923973,672430.215827273,691715.64633695,629230.896211029,0.0302198565097626,0.00605343573993,2020.14796472677,2020.17213114754,190000
12,5,0.0268986611998326,669499.058923973,672430.215827273,673281.133412683,672420.179389172,0.0329520969397626,0.00605343573993,2020.14796472677,2020.17486338797,190000
13,6,0.0874244699498326,669460.58511028,655053.238127897,668483.402305548,690356.465806893,0.0875969056893626,0.000172435739530005,2020.14208372677,2020.22950819672,190000
13,7,0.0327796611998326,669460.58511028,655053.238127897,725042.204907635,574761.136255512,0.0329520969393626,0.000172435739530005,2020.14208372677,2020.17486338797,190000
