node1,node2,length,startLat,startLon,endLat,endLon,endNodeL,startNodeL,startYear,endYear,treeID
8,9,0.000172435739500001,677418.09443869,671329.239978987,677483.906742606,671234.28936013,0.000172435739500001,0,2020.14191129103,2020.14208372677,623000
8,11,4.28972689300033e-05,677418.09443869,671329.239978987,677417.163914297,671287.696667264,4.28972689300033e-05,0,2020.14191129103,2020.1419541883,623000
9,1,0.0382441420798326,677483.906742606,671234.28936013,618568.793380168,688017.417188009,0.0384165778193326,0.000172435739500001,2020.14208372677,2020.18032786885,623000
9,10,0.02153570551,677483.906742606,671234.28936013,677340.019940699,673814.249997666,0.0217081412495,0.000172435739500001,2020.14208372677,2020.16361943228,623000
10,2,0.00304723438383259,677340.019940699,673814.249997666,677374.201270582,674304.159195716,0.0247553756333326,0.0217081412495,2020.16361943228,2020.16666666666,623000
10,3,0.000314993946932587,677340.019940699,673814.249997666,670451.709793149,647903.035046094,0.0220231351964326,0.0217081412495,2020.16361943228,2020.16393442623,623000
11,12,0.006010538471,677417.163914297,671287.696667264,677320.303935135,671847.387538018,0.00605343573993,4.28972689300033e-05,2020.1419541883,2020.14796472677,623000
11,13,0.000129538470600002,677417.163914297,671287.696667264,673231.906280598,680895.416765722,0.000172435739530005,4.28972689300033e-05,2020.1419541883,2020.14208372677,623000
12,4,0.0241664207698326,677320.303935135,671847.387538018,691715.64633695,629230.896211029,0.0302198565097626,0.00605343573993,2020.14796472677,2020.17213114754,623000
12,5,0.0268986611998326,677320.303935135,671847.387538018,673281.133412683,672420.179389172,0.0329520969397626,0.00605343573993,2020.14796472677,2020.17486338797,623000
13,6,0.0874244699498326,673231.906280598,680895.416765722,668483.402305548,690356.465806893,0.0875969056893626,0.000172435739530005,2020.14208372677,2020.22950819672,623000
13,7,0.0327796611998326,673231.906280598,680895.416765722,725042.204907635,574761.136255512,0.0329520969393626,0.000172435739530005,2020.14208372677,2020.17486338797,623000
