node1,node2,length,startLat,startLon,endLat,endLon,endNodeL,startNodeL,startYear,endYear,treeID
8,9,0.000172435739500001,673392.826758525,678462.583582968,673294.680092829,678522.882491949,0.000172435739500001,0,2020.14191129103,2020.14208372677,461000
8,11,4.28972689300033e-05,673392.826758525,678462.583582968,673548.045949803,678214.611290583,4.28972689300033e-05,0,2020.14191129103,2020.1419541883,461000
9,1,0.0382441420798326,673294.680092829,678522.882491949,618568.793380168,688017.417188009,0.0384165778193326,0.000172435739500001,2020.14208372677,2020.18032786885,461000
9,10,0.02153570551,673294.680092829,678522.882491949,676960.004387982,674436.305987929,0.0217081412495,0.000172435739500001,2020.14208372677,2020.16361943228,461000
10,2,0.00304723438383259,676960.004387982,674436.305987929,677374.201270582,674304.159195716,0.0247553756333326,0.0217081412495,2020.16361943228,2020.16666666666,461000
10,3,0.000314993946932587,676960.004387982,674436.305987929,670451.709793149,647903.035046094,0.0220231351964326,0.0217081412495,2020.16361943228,2020.16393442623,461000
11,12,0.006010538471,673548.045949803,678214.611290583,672775.686734812,679032.565582981,0.00605343573993,4.28972689300033e-05,2020.1419541883,2020.14796472677,461000
11,13,0.000129538470600002,673548.045949803,678214.611290583,673495.764582237,678291.380874489,0.000172435739530005,4.28972689300033e-05,2020.1419541883,2020.14208372677,461000
12,4,0.0241664207698326,672775.686734812,679032.565582981,691715.64633695,629230.896211029,0.0302198565097626,0.00605343573993,2020.14796472677,2020.17213114754,461000
12,5,0.0268986611998326,672775.686734812,679032.565582981,673281.133412683,672420.179389172,0.0329520969397626,0.00605343573993,2020.14796472677,2020.17486338797,461000
13,6,0.0874244699498326,673495.764582237,678291.380874489,668483.402305548,690356.465806893,0.0875969056893626,0.000172435739530005,2020.14208372677,2020.22950819672,461000
13,7,0.0327796611998326,673495.764582237,678291.380874489,725042.204907635,574761.136255512,0.0329520969393626,0.000172435739530005,2020.14208372677,2020.17486338797,461000
