node1,node2,length,startLat,startLon,endLat,endLon,endNodeL,startNodeL,startYear,endYear,treeID
6,7,0.000593717496999997,657584.219748787,605061.6892636,657791.464426223,604782.753064767,0.000593717496999997,0,2020.18509906938,2020.18569278688,4375000
6,9,0.0415737175,657584.219748787,605061.6892636,643294.516178643,626639.283099049,0.0415737175,0,2020.18509906938,2020.22667278688,4375000
7,3,9.95628485009267e-05,657791.464426223,604782.753064767,658172.037540291,604037.942598071,0.000693280345500924,0.000593717496999997,2020.18569278688,2020.18579234973,4375000
7,8,0.0261,657791.464426223,604782.753064767,648092.465325736,623105.476923395,0.026693717497,0.000593717496999997,2020.18569278688,2020.21179278688,4375000
8,1,0.0149831694069509,648092.465325736,623105.476923395,647415.587498695,623534.441842359,0.0416768869039509,0.026693717497,2020.21179278688,2020.22677595629,4375000
8,2,0.0177154098469509,648092.465325736,623105.476923395,669360.539243602,685267.530192934,0.0444091273439509,0.026693717497,2020.21179278688,2020.22950819673,4375000
9,4,0.000103169405850922,643294.516178643,626639.283099049,644597.363492185,625834.584655766,0.0416768869058509,0.0415737175,2020.22667278688,2020.22677595629,4375000
9,5,0.0137643715869509,643294.516178643,626639.283099049,644574.184639154,612288.169547445,0.0553380890869509,0.0415737175,2020.22667278688,2020.24043715847,4375000
