node1,node2,length,startLat,startLon,endLat,endLon,endNodeL,startNodeL,startYear,endYear,treeID
6,7,0.000593717496999997,648049.702371774,623939.359208953,648114.147826484,624104.393428035,0.000593717496999997,0,2020.18509906938,2020.18569278688,7849000
6,9,0.0415737175,648049.702371774,623939.359208953,644586.27153304,625802.673277812,0.0415737175,0,2020.18509906938,2020.22667278688,7849000
7,3,9.95628485009267e-05,648114.147826484,624104.393428035,658172.037540291,604037.942598071,0.000693280345500924,0.000593717496999997,2020.18569278688,2020.18579234973,7849000
7,8,0.0261,648114.147826484,624104.393428035,647251.75651022,623081.257080036,0.026693717497,0.000593717496999997,2020.18569278688,2020.21179278688,7849000
8,1,0.0149831694069509,647251.75651022,623081.257080036,647415.587498695,623534.441842359,0.0416768869039509,0.026693717497,2020.21179278688,2020.22677595629,7849000
8,2,0.0177154098469509,647251.75651022,623081.257080036,669360.539243602,685267.530192934,0.0444091273439509,0.026693717497,2020.21179278688,2020.22950819673,7849000
9,4,0.000103169405850922,644586.27153304,625802.673277812,644597.363492185,625834.584655766,0.0416768869058509,0.0415737175,2020.22667278688,2020.22677595629,7849000
9,5,0.0137643715869509,644586.27153304,625802.673277812,644574.184639154,612288.169547445,0.0553380890869509,0.0415737175,2020.22667278688,2020.24043715847,7849000
