node1,node2,length,startLat,startLon,endLat,endLon,endNodeL,startNodeL,startYear,endYear,treeID
6,7,0.000593717496999997,644602.366021381,625767.727489858,646878.184420862,624450.288489475,0.000593717496999997,0,2020.18509906938,2020.18569278688,1009000
6,9,0.0415737175,644602.366021381,625767.727489858,644585.222666395,625964.366512279,0.0415737175,0,2020.18509906938,2020.22667278688,1009000
7,3,9.95628485009267e-05,646878.184420862,624450.288489475,658172.037540291,604037.942598071,0.000693280345500924,0.000593717496999997,2020.18569278688,2020.18579234973,1009000
7,8,0.0261,646878.184420862,624450.288489475,647090.891858114,625193.363940203,0.026693717497,0.000593717496999997,2020.18569278688,2020.21179278688,1009000
8,1,0.0149831694069509,647090.891858114,625193.363940203,647415.587498695,623534.441842359,0.0416768869039509,0.026693717497,2020.21179278688,2020.22677595629,1009000
8,2,0.0177154098469509,647090.891858114,625193.363940203,669360.539243602,685267.530192934,0.0444091273439509,0.026693717497,2020.21179278688,2020.22950819673,1009000
9,4,0.000103169405850922,644585.222666395,625964.366512279,644597.363492185,625834.584655766,0.0416768869058509,0.0415737175,2020.22667278688,2020.22677595629,1009000
9,5,0.0137643715869509,644585.222666395,625964.366512279,644574.184639154,612288.169547445,0.0553380890869509,0.0415737175,2020.22667278688,2020.24043715847,1009000
