node1,node2,length,startLat,startLon,endLat,endLon,endNodeL,startNodeL,startYear,endYear,treeID
6,7,0.000593717496999997,647506.379113902,622846.294551948,647601.27253532,623041.24767307,0.000593717496999997,0,2020.18509906938,2020.18569278688,7057000
6,9,0.0415737175,647506.379113902,622846.294551948,644589.920526406,625853.693116441,0.0415737175,0,2020.18509906938,2020.22667278688,7057000
7,3,9.95628485009267e-05,647601.27253532,623041.24767307,658172.037540291,604037.942598071,0.000693280345500924,0.000593717496999997,2020.18569278688,2020.18579234973,7057000
7,8,0.0261,647601.27253532,623041.24767307,647533.070263277,623229.415571073,0.026693717497,0.000593717496999997,2020.18569278688,2020.21179278688,7057000
8,1,0.0149831694069509,647533.070263277,623229.415571073,647415.587498695,623534.441842359,0.0416768869039509,0.026693717497,2020.21179278688,2020.22677595629,7057000
8,2,0.0177154098469509,647533.070263277,623229.415571073,669360.539243602,685267.530192934,0.0444091273439509,0.026693717497,2020.21179278688,2020.22950819673,7057000
9,4,0.000103169405850922,644589.920526406,625853.693116441,644597.363492185,625834.584655766,0.0416768869058509,0.0415737175,2020.22667278688,2020.22677595629,7057000
9,5,0.0137643715869509,644589.920526406,625853.693116441,644574.184639154,612288.169547445,0.0553380890869509,0.0415737175,2020.22667278688,2020.24043715847,7057000
