node1,node2,length,startLat,startLon,endLat,endLon,endNodeL,startNodeL,startYear,endYear,treeID
6,7,0.000593717496999997,658252.448467487,604420.817878428,658172.350048107,603933.730094197,0.000593717496999997,0,2020.18509906938,2020.18569278688,3916000
6,9,0.0415737175,658252.448467487,604420.817878428,644601.090362362,625847.141016284,0.0415737175,0,2020.18509906938,2020.22667278688,3916000
7,3,9.95628485009267e-05,658172.350048107,603933.730094197,658172.037540291,604037.942598071,0.000693280345500924,0.000593717496999997,2020.18569278688,2020.18579234973,3916000
7,8,0.0261,658172.350048107,603933.730094197,657684.283614619,610394.579393563,0.026693717497,0.000593717496999997,2020.18569278688,2020.21179278688,3916000
8,1,0.0149831694069509,657684.283614619,610394.579393563,647415.587498695,623534.441842359,0.0416768869039509,0.026693717497,2020.21179278688,2020.22677595629,3916000
8,2,0.0177154098469509,657684.283614619,610394.579393563,669360.539243602,685267.530192934,0.0444091273439509,0.026693717497,2020.21179278688,2020.22950819673,3916000
9,4,0.000103169405850922,644601.090362362,625847.141016284,644597.363492185,625834.584655766,0.0416768869058509,0.0415737175,2020.22667278688,2020.22677595629,3916000
9,5,0.0137643715869509,644601.090362362,625847.141016284,644574.184639154,612288.169547445,0.0553380890869509,0.0415737175,2020.22667278688,2020.24043715847,3916000
