node1,node2,length,startLat,startLon,endLat,endLon,endNodeL,startNodeL,startYear,endYear,treeID
6,7,0.000593717496999997,647087.930400868,624727.526744389,646722.652655838,624110.412698423,0.000593717496999997,0,2020.18509906938,2020.18569278688,6742000
6,9,0.0415737175,647087.930400868,624727.526744389,644508.96696331,625933.21887581,0.0415737175,0,2020.18509906938,2020.22667278688,6742000
7,3,9.95628485009267e-05,646722.652655838,624110.412698423,658172.037540291,604037.942598071,0.000693280345500924,0.000593717496999997,2020.18569278688,2020.18579234973,6742000
7,8,0.0261,646722.652655838,624110.412698423,647666.911530483,622861.119419011,0.026693717497,0.000593717496999997,2020.18569278688,2020.21179278688,6742000
8,1,0.0149831694069509,647666.911530483,622861.119419011,647415.587498695,623534.441842359,0.0416768869039509,0.026693717497,2020.21179278688,2020.22677595629,6742000
8,2,0.0177154098469509,647666.911530483,622861.119419011,669360.539243602,685267.530192934,0.0444091273439509,0.026693717497,2020.21179278688,2020.22950819673,6742000
9,4,0.000103169405850922,644508.96696331,625933.21887581,644597.363492185,625834.584655766,0.0416768869058509,0.0415737175,2020.22667278688,2020.22677595629,6742000
9,5,0.0137643715869509,644508.96696331,625933.21887581,644574.184639154,612288.169547445,0.0553380890869509,0.0415737175,2020.22667278688,2020.24043715847,6742000
