node1,node2,length,startLat,startLon,endLat,endLon,endNodeL,startNodeL,startYear,endYear,treeID
6,7,0.000593717496999997,647386.138325665,624017.624158421,647373.249995338,624032.147504519,0.000593717496999997,0,2020.18509906938,2020.18569278688,3655000
6,9,0.0415737175,647386.138325665,624017.624158421,644600.846678271,625839.718172561,0.0415737175,0,2020.18509906938,2020.22667278688,3655000
7,3,9.95628485009267e-05,647373.249995338,624032.147504519,658172.037540291,604037.942598071,0.000693280345500924,0.000593717496999997,2020.18569278688,2020.18579234973,3655000
7,8,0.0261,647373.249995338,624032.147504519,647490.566232798,623890.27746039,0.026693717497,0.000593717496999997,2020.18569278688,2020.21179278688,3655000
8,1,0.0149831694069509,647490.566232798,623890.27746039,647415.587498695,623534.441842359,0.0416768869039509,0.026693717497,2020.21179278688,2020.22677595629,3655000
8,2,0.0177154098469509,647490.566232798,623890.27746039,669360.539243602,685267.530192934,0.0444091273439509,0.026693717497,2020.21179278688,2020.22950819673,3655000
9,4,0.000103169405850922,644600.846678271,625839.718172561,644597.363492185,625834.584655766,0.0416768869058509,0.0415737175,2020.22667278688,2020.22677595629,3655000
9,5,0.0137643715869509,644600.846678271,625839.718172561,644574.184639154,612288.169547445,0.0553380890869509,0.0415737175,2020.22667278688,2020.24043715847,3655000
