node1,node2,length,startLat,startLon,endLat,endLon,endNodeL,startNodeL,startYear,endYear,treeID
6,7,0.000593717496999997,647369.128637676,623597.005556651,647569.276141147,623504.380305465,0.000593717496999997,0,2020.18509906938,2020.18569278688,3664000
6,9,0.0415737175,647369.128637676,623597.005556651,644618.590681592,625635.053819817,0.0415737175,0,2020.18509906938,2020.22667278688,3664000
7,3,9.95628485009267e-05,647569.276141147,623504.380305465,658172.037540291,604037.942598071,0.000693280345500924,0.000593717496999997,2020.18569278688,2020.18579234973,3664000
7,8,0.0261,647569.276141147,623504.380305465,647171.864358204,624558.108283259,0.026693717497,0.000593717496999997,2020.18569278688,2020.21179278688,3664000
8,1,0.0149831694069509,647171.864358204,624558.108283259,647415.587498695,623534.441842359,0.0416768869039509,0.026693717497,2020.21179278688,2020.22677595629,3664000
8,2,0.0177154098469509,647171.864358204,624558.108283259,669360.539243602,685267.530192934,0.0444091273439509,0.026693717497,2020.21179278688,2020.22950819673,3664000
9,4,0.000103169405850922,644618.590681592,625635.053819817,644597.363492185,625834.584655766,0.0416768869058509,0.0415737175,2020.22667278688,2020.22677595629,3664000
9,5,0.0137643715869509,644618.590681592,625635.053819817,644574.184639154,612288.169547445,0.0553380890869509,0.0415737175,2020.22667278688,2020.24043715847,3664000
