node1,node2,length,startLat,startLon,endLat,endLon,endNodeL,startNodeL,startYear,endYear,treeID
6,7,0.000593717496999997,646934.265892869,624270.266455271,647326.965425916,623815.305474113,0.000593717496999997,0,2020.18509906938,2020.18569278688,5023000
6,9,0.0415737175,646934.265892869,624270.266455271,644711.003455579,626271.123001573,0.0415737175,0,2020.18509906938,2020.22667278688,5023000
7,3,9.95628485009267e-05,647326.965425916,623815.305474113,658172.037540291,604037.942598071,0.000693280345500924,0.000593717496999997,2020.18569278688,2020.18579234973,5023000
7,8,0.0261,647326.965425916,623815.305474113,646353.612566021,625677.02539407,0.026693717497,0.000593717496999997,2020.18569278688,2020.21179278688,5023000
8,1,0.0149831694069509,646353.612566021,625677.02539407,647415.587498695,623534.441842359,0.0416768869039509,0.026693717497,2020.21179278688,2020.22677595629,5023000
8,2,0.0177154098469509,646353.612566021,625677.02539407,669360.539243602,685267.530192934,0.0444091273439509,0.026693717497,2020.21179278688,2020.22950819673,5023000
9,4,0.000103169405850922,644711.003455579,626271.123001573,644597.363492185,625834.584655766,0.0416768869058509,0.0415737175,2020.22667278688,2020.22677595629,5023000
9,5,0.0137643715869509,644711.003455579,626271.123001573,644574.184639154,612288.169547445,0.0553380890869509,0.0415737175,2020.22667278688,2020.24043715847,5023000
