node1,node2,length,startLat,startLon,endLat,endLon,endNodeL,startNodeL,startYear,endYear,treeID
6,1,0.0349702295098483,652238.338188736,607606.407709096,649242.580807531,610672.997071241,0.0349702295098483,0,2020.19180572677,2020.22677595628,366000
6,7,0.00912499999999999,652238.338188736,607606.407709096,652765.067014103,607618.378326882,0.00912499999999999,0,2020.19180572677,2020.20093072677,366000
7,8,0.00796300000000001,652765.067014103,607618.378326882,645732.73706157,730842.424946576,0.017088,0.00912499999999999,2020.20093072677,2020.20889372677,366000
7,9,0.016288,652765.067014103,607618.378326882,623264.584517377,610716.832196865,0.025413,0.00912499999999999,2020.20093072677,2020.21721872677,366000
8,2,0.0588658360698483,645732.73706157,730842.424946576,649501.981056796,732128.344082864,0.0759538360698483,0.017088,2020.20889372677,2020.26775956284,366000
8,3,0.0588658360698483,645732.73706157,730842.424946576,645359.742554832,731274.801005945,0.0759538360698483,0.017088,2020.20889372677,2020.26775956284,366000
9,4,0.00682498907084834,623264.584517377,610716.832196865,624078.720304264,612740.729090639,0.0322379890708483,0.025413,2020.21721872677,2020.22404371584,366000
9,5,0.00955722950784833,623264.584517377,610716.832196865,624777.471675191,609832.92034725,0.0349702295078483,0.025413,2020.21721872677,2020.22677595628,366000
