node1,node2,length,startLat,startLon,endLat,endLon,endNodeL,startNodeL,startYear,endYear,treeID
6,1,0.0349702295098483,623203.93110354,611637.528443387,649242.580807531,610672.997071241,0.0349702295098483,0,2020.19180572677,2020.22677595628,927000
6,7,0.00912499999999999,623203.93110354,611637.528443387,623208.887864989,611678.545309772,0.00912499999999999,0,2020.19180572677,2020.20093072677,927000
7,8,0.00796300000000001,623208.887864989,611678.545309772,645093.661177175,731038.598746545,0.017088,0.00912499999999999,2020.20093072677,2020.20889372677,927000
7,9,0.016288,623208.887864989,611678.545309772,623254.094036745,611655.659469405,0.025413,0.00912499999999999,2020.20093072677,2020.21721872677,927000
8,2,0.0588658360698483,645093.661177175,731038.598746545,649501.981056796,732128.344082864,0.0759538360698483,0.017088,2020.20889372677,2020.26775956284,927000
8,3,0.0588658360698483,645093.661177175,731038.598746545,645359.742554832,731274.801005945,0.0759538360698483,0.017088,2020.20889372677,2020.26775956284,927000
9,4,0.00682498907084834,623254.094036745,611655.659469405,624078.720304264,612740.729090639,0.0322379890708483,0.025413,2020.21721872677,2020.22404371584,927000
9,5,0.00955722950784833,623254.094036745,611655.659469405,624777.471675191,609832.92034725,0.0349702295078483,0.025413,2020.21721872677,2020.22677595628,927000
