node1,node2,length,startLat,startLon,endLat,endLon,endNodeL,startNodeL,startYear,endYear,treeID
6,1,0.0349702295098483,624124.628031347,611993.166994999,649242.580807531,610672.997071241,0.0349702295098483,0,2020.19180572677,2020.22677595628,567000
6,7,0.00912499999999999,624124.628031347,611993.166994999,624040.865053182,611421.978364544,0.00912499999999999,0,2020.19180572677,2020.20093072677,567000
7,8,0.00796300000000001,624040.865053182,611421.978364544,649640.998831483,731450.002940424,0.017088,0.00912499999999999,2020.20093072677,2020.20889372677,567000
7,9,0.016288,624040.865053182,611421.978364544,624057.21385491,612531.656519667,0.025413,0.00912499999999999,2020.20093072677,2020.21721872677,567000
8,2,0.0588658360698483,649640.998831483,731450.002940424,649501.981056796,732128.344082864,0.0759538360698483,0.017088,2020.20889372677,2020.26775956284,567000
8,3,0.0588658360698483,649640.998831483,731450.002940424,645359.742554832,731274.801005945,0.0759538360698483,0.017088,2020.20889372677,2020.26775956284,567000
9,4,0.00682498907084834,624057.21385491,612531.656519667,624078.720304264,612740.729090639,0.0322379890708483,0.025413,2020.21721872677,2020.22404371584,567000
9,5,0.00955722950784833,624057.21385491,612531.656519667,624777.471675191,609832.92034725,0.0349702295078483,0.025413,2020.21721872677,2020.22677595628,567000
