node1,node2,length,startLat,startLon,endLat,endLon,endNodeL,startNodeL,startYear,endYear,treeID
6,1,0.0349702295098483,645701.269148425,730047.966018773,649242.580807531,610672.997071241,0.0349702295098483,0,2020.19180572677,2020.22677595628,479000
6,7,0.00912499999999999,645701.269148425,730047.966018773,645622.482603973,729565.196652745,0.00912499999999999,0,2020.19180572677,2020.20093072677,479000
7,8,0.00796300000000001,645622.482603973,729565.196652745,645576.820542553,730003.505503993,0.017088,0.00912499999999999,2020.20093072677,2020.20889372677,479000
7,9,0.016288,645622.482603973,729565.196652745,623983.934383837,613146.91794383,0.025413,0.00912499999999999,2020.20093072677,2020.21721872677,479000
8,2,0.0588658360698483,645576.820542553,730003.505503993,649501.981056796,732128.344082864,0.0759538360698483,0.017088,2020.20889372677,2020.26775956284,479000
8,3,0.0588658360698483,645576.820542553,730003.505503993,645359.742554832,731274.801005945,0.0759538360698483,0.017088,2020.20889372677,2020.26775956284,479000
9,4,0.00682498907084834,623983.934383837,613146.91794383,624078.720304264,612740.729090639,0.0322379890708483,0.025413,2020.21721872677,2020.22404371584,479000
9,5,0.00955722950784833,623983.934383837,613146.91794383,624777.471675191,609832.92034725,0.0349702295078483,0.025413,2020.21721872677,2020.22677595628,479000
