node1,node2,length,startLat,startLon,endLat,endLon,endNodeL,startNodeL,startYear,endYear,treeID
6,1,0.0349702295098483,645257.325008327,730712.212244524,649242.580807531,610672.997071241,0.0349702295098483,0,2020.19180572677,2020.22677595628,179000
6,7,0.00912499999999999,645257.325008327,730712.212244524,645287.922482791,730859.255953306,0.00912499999999999,0,2020.19180572677,2020.20093072677,179000
7,8,0.00796300000000001,645287.922482791,730859.255953306,645322.091271533,731129.915536759,0.017088,0.00912499999999999,2020.20093072677,2020.20889372677,179000
7,9,0.016288,645287.922482791,730859.255953306,624080.778354759,612336.772317422,0.025413,0.00912499999999999,2020.20093072677,2020.21721872677,179000
8,2,0.0588658360698483,645322.091271533,731129.915536759,649501.981056796,732128.344082864,0.0759538360698483,0.017088,2020.20889372677,2020.26775956284,179000
8,3,0.0588658360698483,645322.091271533,731129.915536759,645359.742554832,731274.801005945,0.0759538360698483,0.017088,2020.20889372677,2020.26775956284,179000
9,4,0.00682498907084834,624080.778354759,612336.772317422,624078.720304264,612740.729090639,0.0322379890708483,0.025413,2020.21721872677,2020.22404371584,179000
9,5,0.00955722950784833,624080.778354759,612336.772317422,624777.471675191,609832.92034725,0.0349702295078483,0.025413,2020.21721872677,2020.22677595628,179000
