node1,node2,length,startLat,startLon,endLat,endLon,endNodeL,startNodeL,startYear,endYear,treeID
6,1,0.0349702295098483,649554.876897099,610724.675913191,649242.580807531,610672.997071241,0.0349702295098483,0,2020.19180572677,2020.22677595628,749000
6,7,0.00912499999999999,649554.876897099,610724.675913191,645913.273798906,609340.488342442,0.00912499999999999,0,2020.19180572677,2020.20093072677,749000
7,8,0.00796300000000001,645913.273798906,609340.488342442,649822.712996209,732172.274730003,0.017088,0.00912499999999999,2020.20093072677,2020.20889372677,749000
7,9,0.016288,645913.273798906,609340.488342442,624777.229988721,609795.143095435,0.025413,0.00912499999999999,2020.20093072677,2020.21721872677,749000
8,2,0.0588658360698483,649822.712996209,732172.274730003,649501.981056796,732128.344082864,0.0759538360698483,0.017088,2020.20889372677,2020.26775956284,749000
8,3,0.0588658360698483,649822.712996209,732172.274730003,645359.742554832,731274.801005945,0.0759538360698483,0.017088,2020.20889372677,2020.26775956284,749000
9,4,0.00682498907084834,624777.229988721,609795.143095435,624078.720304264,612740.729090639,0.0322379890708483,0.025413,2020.21721872677,2020.22404371584,749000
9,5,0.00955722950784833,624777.229988721,609795.143095435,624777.471675191,609832.92034725,0.0349702295078483,0.025413,2020.21721872677,2020.22677595628,749000
