node1,node2,length,startLat,startLon,endLat,endLon,endNodeL,startNodeL,startYear,endYear,treeID
6,1,0.0349702295098483,626368.29939031,609486.960466164,649242.580807531,610672.997071241,0.0349702295098483,0,2020.19180572677,2020.22677595628,414000
6,7,0.00912499999999999,626368.29939031,609486.960466164,624817.44501377,609970.212143368,0.00912499999999999,0,2020.19180572677,2020.20093072677,414000
7,8,0.00796300000000001,624817.44501377,609970.212143368,647163.142823013,731606.178000715,0.017088,0.00912499999999999,2020.20093072677,2020.20889372677,414000
7,9,0.016288,624817.44501377,609970.212143368,624885.478799757,610270.937675988,0.025413,0.00912499999999999,2020.20093072677,2020.21721872677,414000
8,2,0.0588658360698483,647163.142823013,731606.178000715,649501.981056796,732128.344082864,0.0759538360698483,0.017088,2020.20889372677,2020.26775956284,414000
8,3,0.0588658360698483,647163.142823013,731606.178000715,645359.742554832,731274.801005945,0.0759538360698483,0.017088,2020.20889372677,2020.26775956284,414000
9,4,0.00682498907084834,624885.478799757,610270.937675988,624078.720304264,612740.729090639,0.0322379890708483,0.025413,2020.21721872677,2020.22404371584,414000
9,5,0.00955722950784833,624885.478799757,610270.937675988,624777.471675191,609832.92034725,0.0349702295078483,0.025413,2020.21721872677,2020.22677595628,414000
