node1,node2,length,startLat,startLon,endLat,endLon,endNodeL,startNodeL,startYear,endYear,treeID
6,1,0.0349702295098483,625021.086596461,609874.702482051,649242.580807531,610672.997071241,0.0349702295098483,0,2020.19180572677,2020.22677595628,591000
6,7,0.00912499999999999,625021.086596461,609874.702482051,625016.818298735,609875.222791074,0.00912499999999999,0,2020.19180572677,2020.20093072677,591000
7,8,0.00796300000000001,625016.818298735,609875.222791074,649540.465785143,731840.408493585,0.017088,0.00912499999999999,2020.20093072677,2020.20889372677,591000
7,9,0.016288,625016.818298735,609875.222791074,624902.052880574,609878.187977082,0.025413,0.00912499999999999,2020.20093072677,2020.21721872677,591000
8,2,0.0588658360698483,649540.465785143,731840.408493585,649501.981056796,732128.344082864,0.0759538360698483,0.017088,2020.20889372677,2020.26775956284,591000
8,3,0.0588658360698483,649540.465785143,731840.408493585,645359.742554832,731274.801005945,0.0759538360698483,0.017088,2020.20889372677,2020.26775956284,591000
9,4,0.00682498907084834,624902.052880574,609878.187977082,624078.720304264,612740.729090639,0.0322379890708483,0.025413,2020.21721872677,2020.22404371584,591000
9,5,0.00955722950784833,624902.052880574,609878.187977082,624777.471675191,609832.92034725,0.0349702295078483,0.025413,2020.21721872677,2020.22677595628,591000
