node1,node2,length,startLat,startLon,endLat,endLon,endNodeL,startNodeL,startYear,endYear,treeID
6,1,0.0349702295098483,642046.613960647,728309.21751269,649242.580807531,610672.997071241,0.0349702295098483,0,2020.19180572677,2020.22677595628,1090000
6,7,0.00912499999999999,642046.613960647,728309.21751269,642011.862460005,727848.380674382,0.00912499999999999,0,2020.19180572677,2020.20093072677,1090000
7,8,0.00796300000000001,642011.862460005,727848.380674382,642230.967587852,728334.414921529,0.017088,0.00912499999999999,2020.20093072677,2020.20889372677,1090000
7,9,0.016288,642011.862460005,727848.380674382,625550.959858665,610600.226514035,0.025413,0.00912499999999999,2020.20093072677,2020.21721872677,1090000
8,2,0.0588658360698483,642230.967587852,728334.414921529,649501.981056796,732128.344082864,0.0759538360698483,0.017088,2020.20889372677,2020.26775956284,1090000
8,3,0.0588658360698483,642230.967587852,728334.414921529,645359.742554832,731274.801005945,0.0759538360698483,0.017088,2020.20889372677,2020.26775956284,1090000
9,4,0.00682498907084834,625550.959858665,610600.226514035,624078.720304264,612740.729090639,0.0322379890708483,0.025413,2020.21721872677,2020.22404371584,1090000
9,5,0.00955722950784833,625550.959858665,610600.226514035,624777.471675191,609832.92034725,0.0349702295078483,0.025413,2020.21721872677,2020.22677595628,1090000
