node1,node2,length,startLat,startLon,endLat,endLon,endNodeL,startNodeL,startYear,endYear,treeID
6,1,0.0349702295098483,624033.533273021,612785.243750051,649242.580807531,610672.997071241,0.0349702295098483,0,2020.19180572677,2020.22677595628,1030000
6,7,0.00912499999999999,624033.533273021,612785.243750051,624390.256857492,612694.215979552,0.00912499999999999,0,2020.19180572677,2020.20093072677,1030000
7,8,0.00796300000000001,624390.256857492,612694.215979552,645660.257705046,731341.275844776,0.017088,0.00912499999999999,2020.20093072677,2020.20889372677,1030000
7,9,0.016288,624390.256857492,612694.215979552,624019.658739843,612670.300364064,0.025413,0.00912499999999999,2020.20093072677,2020.21721872677,1030000
8,2,0.0588658360698483,645660.257705046,731341.275844776,649501.981056796,732128.344082864,0.0759538360698483,0.017088,2020.20889372677,2020.26775956284,1030000
8,3,0.0588658360698483,645660.257705046,731341.275844776,645359.742554832,731274.801005945,0.0759538360698483,0.017088,2020.20889372677,2020.26775956284,1030000
9,4,0.00682498907084834,624019.658739843,612670.300364064,624078.720304264,612740.729090639,0.0322379890708483,0.025413,2020.21721872677,2020.22404371584,1030000
9,5,0.00955722950784833,624019.658739843,612670.300364064,624777.471675191,609832.92034725,0.0349702295078483,0.025413,2020.21721872677,2020.22677595628,1030000
