node1,node2,length,startLat,startLon,endLat,endLon,endNodeL,startNodeL,startYear,endYear,treeID
5,1,0.00297939891390979,675123.551563395,673848.2532508,675131.360607453,673854.344700199,0.00297939891390979,0,2020.15822278688,2020.1612021858,7723000
5,6,0.00287,675123.551563395,673848.2532508,675196.968296631,673982.240355231,0.00287,0,2020.15822278688,2020.16109278688,7723000
6,2,0.0137706010969098,675196.968296631,673982.240355231,667202.118959204,649036.999647786,0.0166406010969098,0.00287,2020.16109278688,2020.17486338798,7723000
6,7,0.07094,675196.968296631,673982.240355231,621205.731770424,661101.084202971,0.07381,0.00287,2020.16109278688,2020.23203278688,7723000
7,3,0.000207650280009797,621205.731770424,661101.084202971,621202.698852554,661108.938247038,0.0740176502800098,0.07381,2020.23203278688,2020.23224043716,7723000
7,4,0.0029398907169098,621205.731770424,661101.084202971,620951.790775269,657483.549722316,0.0767498907169098,0.07381,2020.23203278688,2020.2349726776,7723000
