node1,node2,length,startLat,startLon,endLat,endLon,endNodeL,startNodeL,startYear,endYear,treeID
5,1,0.00297939891390979,675176.16203289,673897.468414416,675131.360607453,673854.344700199,0.00297939891390979,0,2020.15822278688,2020.1612021858,1909000
5,6,0.00287,675176.16203289,673897.468414416,667933.289219185,647961.49331006,0.00287,0,2020.15822278688,2020.16109278688,1909000
6,2,0.0137706010969098,667933.289219185,647961.49331006,667202.118959204,649036.999647786,0.0166406010969098,0.00287,2020.16109278688,2020.17486338798,1909000
6,7,0.07094,667933.289219185,647961.49331006,621188.582881503,661104.246499583,0.07381,0.00287,2020.16109278688,2020.23203278688,1909000
7,3,0.000207650280009797,621188.582881503,661104.246499583,621202.698852554,661108.938247038,0.0740176502800098,0.07381,2020.23203278688,2020.23224043716,1909000
7,4,0.0029398907169098,621188.582881503,661104.246499583,620951.790775269,657483.549722316,0.0767498907169098,0.07381,2020.23203278688,2020.2349726776,1909000
