node1,node2,length,startLat,startLon,endLat,endLon,endNodeL,startNodeL,startYear,endYear,treeID
5,1,0.00297939891390979,675085.294043757,673727.381341699,675131.360607453,673854.344700199,0.00297939891390979,0,2020.15822278688,2020.1612021858,7696000
5,6,0.00287,675085.294043757,673727.381341699,674810.461895292,673352.798509819,0.00287,0,2020.15822278688,2020.16109278688,7696000
6,2,0.0137706010969098,674810.461895292,673352.798509819,667202.118959204,649036.999647786,0.0166406010969098,0.00287,2020.16109278688,2020.17486338798,7696000
6,7,0.07094,674810.461895292,673352.798509819,621192.777582361,661088.673124896,0.07381,0.00287,2020.16109278688,2020.23203278688,7696000
7,3,0.000207650280009797,621192.777582361,661088.673124896,621202.698852554,661108.938247038,0.0740176502800098,0.07381,2020.23203278688,2020.23224043716,7696000
7,4,0.0029398907169098,621192.777582361,661088.673124896,620951.790775269,657483.549722316,0.0767498907169098,0.07381,2020.23203278688,2020.2349726776,7696000
