node1,node2,length,startLat,startLon,endLat,endLon,endNodeL,startNodeL,startYear,endYear,treeID
5,1,0.00297939891390979,675102.348007749,673982.199678001,675131.360607453,673854.344700199,0.00297939891390979,0,2020.15822278688,2020.1612021858,7030000
5,6,0.00287,675102.348007749,673982.199678001,675270.024767945,673344.085560207,0.00287,0,2020.15822278688,2020.16109278688,7030000
6,2,0.0137706010969098,675270.024767945,673344.085560207,667202.118959204,649036.999647786,0.0166406010969098,0.00287,2020.16109278688,2020.17486338798,7030000
6,7,0.07094,675270.024767945,673344.085560207,621152.883697416,661108.278590105,0.07381,0.00287,2020.16109278688,2020.23203278688,7030000
7,3,0.000207650280009797,621152.883697416,661108.278590105,621202.698852554,661108.938247038,0.0740176502800098,0.07381,2020.23203278688,2020.23224043716,7030000
7,4,0.0029398907169098,621152.883697416,661108.278590105,620951.790775269,657483.549722316,0.0767498907169098,0.07381,2020.23203278688,2020.2349726776,7030000
