node1,node2,length,startLat,startLon,endLat,endLon,endNodeL,startNodeL,startYear,endYear,treeID
5,1,0.00297939891390979,668173.865973003,649638.434129434,675131.360607453,673854.344700199,0.00297939891390979,0,2020.15822278688,2020.1612021858,9190000
5,6,0.00287,668173.865973003,649638.434129434,668013.541133262,650806.79680054,0.00287,0,2020.15822278688,2020.16109278688,9190000
6,2,0.0137706010969098,668013.541133262,650806.79680054,667202.118959204,649036.999647786,0.0166406010969098,0.00287,2020.16109278688,2020.17486338798,9190000
6,7,0.07094,668013.541133262,650806.79680054,621131.652663131,658101.8233533,0.07381,0.00287,2020.16109278688,2020.23203278688,9190000
7,3,0.000207650280009797,621131.652663131,658101.8233533,621202.698852554,661108.938247038,0.0740176502800098,0.07381,2020.23203278688,2020.23224043716,9190000
7,4,0.0029398907169098,621131.652663131,658101.8233533,620951.790775269,657483.549722316,0.0767498907169098,0.07381,2020.23203278688,2020.2349726776,9190000
