node1,node2,length,startLat,startLon,endLat,endLon,endNodeL,startNodeL,startYear,endYear,treeID
5,1,0.00297939891390979,667248.795692324,648791.242920332,675131.360607453,673854.344700199,0.00297939891390979,0,2020.15822278688,2020.1612021858,1837000
5,6,0.00287,667248.795692324,648791.242920332,667210.550646967,648859.978585206,0.00287,0,2020.15822278688,2020.16109278688,1837000
6,2,0.0137706010969098,667210.550646967,648859.978585206,667202.118959204,649036.999647786,0.0166406010969098,0.00287,2020.16109278688,2020.17486338798,1837000
6,7,0.07094,667210.550646967,648859.978585206,621192.796803297,661142.678196417,0.07381,0.00287,2020.16109278688,2020.23203278688,1837000
7,3,0.000207650280009797,621192.796803297,661142.678196417,621202.698852554,661108.938247038,0.0740176502800098,0.07381,2020.23203278688,2020.23224043716,1837000
7,4,0.0029398907169098,621192.796803297,661142.678196417,620951.790775269,657483.549722316,0.0767498907169098,0.07381,2020.23203278688,2020.2349726776,1837000
