node1,node2,length,startLat,startLon,endLat,endLon,endNodeL,startNodeL,startYear,endYear,treeID
5,1,0.002479,645122.381801191,734924.70641353,652246.657914525,727210.553996886,0.002479,0,2020.21883247541,2020.22131147541,1972000
5,6,0.00244,645122.381801191,734924.70641353,645247.090155482,735276.123250027,0.00244,0,2020.21883247541,2020.22127247541,1972000
6,2,3.94808701596073e-05,645247.090155482,735276.123250027,645270.614728,735350.046703848,0.00247948087015961,0.00244,2020.22127247541,2020.22131195628,1972000
6,7,0.00546,645247.090155482,735276.123250027,628434.979451308,622143.984858487,0.0079,0.00244,2020.22127247541,2020.22673247541,1972000
7,3,4.34808701596061e-05,628434.979451308,622143.984858487,628435.170160801,622065.977038471,0.00794348087015961,0.0079,2020.22673247541,2020.22677595628,1972000
7,4,4.34808701596061e-05,628434.979451308,622143.984858487,626098.094044828,608465.363657807,0.00794348087015961,0.0079,2020.22673247541,2020.22677595628,1972000
