node1,node2,length,startLat,startLon,endLat,endLon,endNodeL,startNodeL,startYear,endYear,treeID
5,1,0.002479,644987.283068954,735460.984230676,652246.657914525,727210.553996886,0.002479,0,2020.21883247541,2020.22131147541,5392000
5,6,0.00244,644987.283068954,735460.984230676,645296.760310467,735500.183405154,0.00244,0,2020.21883247541,2020.22127247541,5392000
6,2,3.94808701596073e-05,645296.760310467,735500.183405154,645270.614728,735350.046703848,0.00247948087015961,0.00244,2020.22127247541,2020.22131195628,5392000
6,7,0.00546,645296.760310467,735500.183405154,628377.515293751,621980.789981016,0.0079,0.00244,2020.22127247541,2020.22673247541,5392000
7,3,4.34808701596061e-05,628377.515293751,621980.789981016,628435.170160801,622065.977038471,0.00794348087015961,0.0079,2020.22673247541,2020.22677595628,5392000
7,4,4.34808701596061e-05,628377.515293751,621980.789981016,626098.094044828,608465.363657807,0.00794348087015961,0.0079,2020.22673247541,2020.22677595628,5392000
