node1,node2,length,startLat,startLon,endLat,endLon,endNodeL,startNodeL,startYear,endYear,treeID
5,1,0.002479,629699.564659533,621335.826816214,652246.657914525,727210.553996886,0.002479,0,2020.21883247541,2020.22131147541,9775000
5,6,0.00244,629699.564659533,621335.826816214,630447.140739237,623876.733463876,0.00244,0,2020.21883247541,2020.22127247541,9775000
6,2,3.94808701596073e-05,630447.140739237,623876.733463876,645270.614728,735350.046703848,0.00247948087015961,0.00244,2020.22127247541,2020.22131195628,9775000
6,7,0.00546,630447.140739237,623876.733463876,625823.641583201,606888.309314083,0.0079,0.00244,2020.22127247541,2020.22673247541,9775000
7,3,4.34808701596061e-05,625823.641583201,606888.309314083,628435.170160801,622065.977038471,0.00794348087015961,0.0079,2020.22673247541,2020.22677595628,9775000
7,4,4.34808701596061e-05,625823.641583201,606888.309314083,626098.094044828,608465.363657807,0.00794348087015961,0.0079,2020.22673247541,2020.22677595628,9775000
