node1,node2,length,startLat,startLon,endLat,endLon,endNodeL,startNodeL,startYear,endYear,treeID
5,1,0.002479,645188.760824715,734832.277522661,652246.657914525,727210.553996886,0.002479,0,2020.21883247541,2020.22131147541,2728000
5,6,0.00244,645188.760824715,734832.277522661,645234.207468189,735602.358599377,0.00244,0,2020.21883247541,2020.22127247541,2728000
6,2,3.94808701596073e-05,645234.207468189,735602.358599377,645270.614728,735350.046703848,0.00247948087015961,0.00244,2020.22127247541,2020.22131195628,2728000
6,7,0.00546,645234.207468189,735602.358599377,626151.247956312,608540.197760512,0.0079,0.00244,2020.22127247541,2020.22673247541,2728000
7,3,4.34808701596061e-05,626151.247956312,608540.197760512,628435.170160801,622065.977038471,0.00794348087015961,0.0079,2020.22673247541,2020.22677595628,2728000
7,4,4.34808701596061e-05,626151.247956312,608540.197760512,626098.094044828,608465.363657807,0.00794348087015961,0.0079,2020.22673247541,2020.22677595628,2728000
