node1,node2,length,startLat,startLon,endLat,endLon,endNodeL,startNodeL,startYear,endYear,treeID
5,1,0.002479,652043.136967415,727706.577760819,652246.657914525,727210.553996886,0.002479,0,2020.21883247541,2020.22131147541,7570000
5,6,0.00244,652043.136967415,727706.577760819,651911.570725608,728119.938978699,0.00244,0,2020.21883247541,2020.22127247541,7570000
6,2,3.94808701596073e-05,651911.570725608,728119.938978699,645270.614728,735350.046703848,0.00247948087015961,0.00244,2020.22127247541,2020.22131195628,7570000
6,7,0.00546,651911.570725608,728119.938978699,626050.993493289,608097.266379196,0.0079,0.00244,2020.22127247541,2020.22673247541,7570000
7,3,4.34808701596061e-05,626050.993493289,608097.266379196,628435.170160801,622065.977038471,0.00794348087015961,0.0079,2020.22673247541,2020.22677595628,7570000
7,4,4.34808701596061e-05,626050.993493289,608097.266379196,626098.094044828,608465.363657807,0.00794348087015961,0.0079,2020.22673247541,2020.22677595628,7570000
