node1,node2,length,startLat,startLon,endLat,endLon,endNodeL,startNodeL,startYear,endYear,treeID
5,1,0.002479,652178.216844932,727482.163100468,652246.657914525,727210.553996886,0.002479,0,2020.21883247541,2020.22131147541,5626000
5,6,0.00244,652178.216844932,727482.163100468,645077.195532421,734836.179155251,0.00244,0,2020.21883247541,2020.22127247541,5626000
6,2,3.94808701596073e-05,645077.195532421,734836.179155251,645270.614728,735350.046703848,0.00247948087015961,0.00244,2020.22127247541,2020.22131195628,5626000
6,7,0.00546,645077.195532421,734836.179155251,628446.273725003,622101.893472443,0.0079,0.00244,2020.22127247541,2020.22673247541,5626000
7,3,4.34808701596061e-05,628446.273725003,622101.893472443,628435.170160801,622065.977038471,0.00794348087015961,0.0079,2020.22673247541,2020.22677595628,5626000
7,4,4.34808701596061e-05,628446.273725003,622101.893472443,626098.094044828,608465.363657807,0.00794348087015961,0.0079,2020.22673247541,2020.22677595628,5626000
