node1,node2,length,startLat,startLon,endLat,endLon,endNodeL,startNodeL,startYear,endYear,treeID
5,1,0.002479,653553.774937057,729356.408080995,652246.657914525,727210.553996886,0.002479,0,2020.21883247541,2020.22131147541,4078000
5,6,0.00244,653553.774937057,729356.408080995,645380.500306154,735230.834875272,0.00244,0,2020.21883247541,2020.22127247541,4078000
6,2,3.94808701596073e-05,645380.500306154,735230.834875272,645270.614728,735350.046703848,0.00247948087015961,0.00244,2020.22127247541,2020.22131195628,4078000
6,7,0.00546,645380.500306154,735230.834875272,626097.389937451,608358.428497812,0.0079,0.00244,2020.22127247541,2020.22673247541,4078000
7,3,4.34808701596061e-05,626097.389937451,608358.428497812,628435.170160801,622065.977038471,0.00794348087015961,0.0079,2020.22673247541,2020.22677595628,4078000
7,4,4.34808701596061e-05,626097.389937451,608358.428497812,626098.094044828,608465.363657807,0.00794348087015961,0.0079,2020.22673247541,2020.22677595628,4078000
