node1,node2,length,startLat,startLon,endLat,endLon,endNodeL,startNodeL,startYear,endYear,treeID
5,1,0.002479,645265.979424557,735565.359462324,652246.657914525,727210.553996886,0.002479,0,2020.21883247541,2020.22131147541,5581000
5,6,0.00244,645265.979424557,735565.359462324,645246.440603632,735519.652194133,0.00244,0,2020.21883247541,2020.22127247541,5581000
6,2,3.94808701596073e-05,645246.440603632,735519.652194133,645270.614728,735350.046703848,0.00247948087015961,0.00244,2020.22127247541,2020.22131195628,5581000
6,7,0.00546,645246.440603632,735519.652194133,628427.629710729,621284.343732899,0.0079,0.00244,2020.22127247541,2020.22673247541,5581000
7,3,4.34808701596061e-05,628427.629710729,621284.343732899,628435.170160801,622065.977038471,0.00794348087015961,0.0079,2020.22673247541,2020.22677595628,5581000
7,4,4.34808701596061e-05,628427.629710729,621284.343732899,626098.094044828,608465.363657807,0.00794348087015961,0.0079,2020.22673247541,2020.22677595628,5581000
