node1,node2,length,startLat,startLon,endLat,endLon,endNodeL,startNodeL,startYear,endYear,treeID
5,1,0.002479,642294.34146314,705794.828969176,652246.657914525,727210.553996886,0.002479,0,2020.21883247541,2020.22131147541,1594000
5,6,0.00244,642294.34146314,705794.828969176,645122.523717942,736544.949867025,0.00244,0,2020.21883247541,2020.22127247541,1594000
6,2,3.94808701596073e-05,645122.523717942,736544.949867025,645270.614728,735350.046703848,0.00247948087015961,0.00244,2020.22127247541,2020.22131195628,1594000
6,7,0.00546,645122.523717942,736544.949867025,628090.763186282,619268.520896762,0.0079,0.00244,2020.22127247541,2020.22673247541,1594000
7,3,4.34808701596061e-05,628090.763186282,619268.520896762,628435.170160801,622065.977038471,0.00794348087015961,0.0079,2020.22673247541,2020.22677595628,1594000
7,4,4.34808701596061e-05,628090.763186282,619268.520896762,626098.094044828,608465.363657807,0.00794348087015961,0.0079,2020.22673247541,2020.22677595628,1594000
