node1,node2,length,startLat,startLon,endLat,endLon,endNodeL,startNodeL,startYear,endYear,treeID
4,1,0.000195102532471264,653946.929556072,600572.530072801,653946.509208026,600567.735874213,0.000195102532471264,0,2020.18559724718,2020.18579234972,1026000
4,5,0.0241954796,653946.929556072,600572.530072801,647083.179468981,621750.377216098,0.0241954796,0,2020.18559724718,2020.20979272678,1026000
5,2,0.0169832294962713,647083.179468981,621750.377216098,641981.057445359,626757.0034375,0.0411787090962713,0.0241954796,2020.20979272678,2020.22677595628,1026000
5,3,0.0169832294962713,647083.179468981,621750.377216098,648007.975863998,620287.392767377,0.0411787090962713,0.0241954796,2020.20979272678,2020.22677595628,1026000
