node1,node2,length,startLat,startLon,endLat,endLon,endNodeL,startNodeL,startYear,endYear,treeID
4,1,0.000195102532471264,653964.283298558,600577.39763334,653946.509208026,600567.735874213,0.000195102532471264,0,2020.18559724718,2020.18579234972,153000
4,5,0.0241954796,653964.283298558,600577.39763334,647863.605136667,620200.171832433,0.0241954796,0,2020.18559724718,2020.20979272678,153000
5,2,0.0169832294962713,647863.605136667,620200.171832433,641981.057445359,626757.0034375,0.0411787090962713,0.0241954796,2020.20979272678,2020.22677595628,153000
5,3,0.0169832294962713,647863.605136667,620200.171832433,648007.975863998,620287.392767377,0.0411787090962713,0.0241954796,2020.20979272678,2020.22677595628,153000
