node1,node2,length,startLat,startLon,endLat,endLon,endNodeL,startNodeL,startYear,endYear,treeID
4,1,0.000195102532471264,653949.892914951,600548.506257683,653946.509208026,600567.735874213,0.000195102532471264,0,2020.18559724718,2020.18579234972,1075000
4,5,0.0241954796,653949.892914951,600548.506257683,647735.842418068,621685.6383242,0.0241954796,0,2020.18559724718,2020.20979272678,1075000
5,2,0.0169832294962713,647735.842418068,621685.6383242,641981.057445359,626757.0034375,0.0411787090962713,0.0241954796,2020.20979272678,2020.22677595628,1075000
5,3,0.0169832294962713,647735.842418068,621685.6383242,648007.975863998,620287.392767377,0.0411787090962713,0.0241954796,2020.20979272678,2020.22677595628,1075000
