node1,node2,length,startLat,startLon,endLat,endLon,endNodeL,startNodeL,startYear,endYear,treeID
4,1,0.000195102532471264,654010.396545257,600155.60848141,653946.509208026,600567.735874213,0.000195102532471264,0,2020.18559724718,2020.18579234972,698000
4,5,0.0241954796,654010.396545257,600155.60848141,651314.495225939,607181.17957203,0.0241954796,0,2020.18559724718,2020.20979272678,698000
5,2,0.0169832294962713,651314.495225939,607181.17957203,641981.057445359,626757.0034375,0.0411787090962713,0.0241954796,2020.20979272678,2020.22677595628,698000
5,3,0.0169832294962713,651314.495225939,607181.17957203,648007.975863998,620287.392767377,0.0411787090962713,0.0241954796,2020.20979272678,2020.22677595628,698000
