node1,node2,length,startLat,startLon,endLat,endLon,endNodeL,startNodeL,startYear,endYear,treeID
4,1,0.000195102532471264,654000.142132515,600496.904574048,653946.509208026,600567.735874213,0.000195102532471264,0,2020.18559724718,2020.18579234972,444000
4,5,0.0241954796,654000.142132515,600496.904574048,642363.381780748,626482.938823519,0.0241954796,0,2020.18559724718,2020.20979272678,444000
5,2,0.0169832294962713,642363.381780748,626482.938823519,641981.057445359,626757.0034375,0.0411787090962713,0.0241954796,2020.20979272678,2020.22677595628,444000
5,3,0.0169832294962713,642363.381780748,626482.938823519,648007.975863998,620287.392767377,0.0411787090962713,0.0241954796,2020.20979272678,2020.22677595628,444000
