node1,node2,length,startLat,startLon,endLat,endLon,endNodeL,startNodeL,startYear,endYear,treeID
4,1,0.000195102532471264,654495.803761882,600307.604256444,653946.509208026,600567.735874213,0.000195102532471264,0,2020.18559724718,2020.18579234972,639000
4,5,0.0241954796,654495.803761882,600307.604256444,648236.350981085,620152.497532313,0.0241954796,0,2020.18559724718,2020.20979272678,639000
5,2,0.0169832294962713,648236.350981085,620152.497532313,641981.057445359,626757.0034375,0.0411787090962713,0.0241954796,2020.20979272678,2020.22677595628,639000
5,3,0.0169832294962713,648236.350981085,620152.497532313,648007.975863998,620287.392767377,0.0411787090962713,0.0241954796,2020.20979272678,2020.22677595628,639000
