node1,node2,length,startLat,startLon,endLat,endLon,endNodeL,startNodeL,startYear,endYear,treeID
4,1,4.54098357936875e-05,645474.112385397,573176.890077134,645423.613366834,573071.722838234,4.54098357936875e-05,0,2020.22946278688,2020.22950819672,7237000
4,5,0.03825,645474.112385397,573176.890077134,635181.448711023,597702.570415562,0.03825,0,2020.22946278688,2020.26771278688,7237000
5,2,4.67759560136907e-05,635181.448711023,597702.570415562,635124.009204583,597792.650503128,0.0382967759560137,0.03825,2020.26771278688,2020.26775956284,7237000
5,3,4.67759560136907e-05,635181.448711023,597702.570415562,635683.20049172,596922.54040868,0.0382967759560137,0.03825,2020.26771278688,2020.26775956284,7237000
