node1,node2,length,startLat,startLon,endLat,endLon,endNodeL,startNodeL,startYear,endYear,treeID
4,1,4.54098357936875e-05,645105.272503152,573978.122318244,645423.613366834,573071.722838234,4.54098357936875e-05,0,2020.22946278688,2020.22950819672,8551000
4,5,0.03825,645105.272503152,573978.122318244,635332.616375865,597690.231126059,0.03825,0,2020.22946278688,2020.26771278688,8551000
5,2,4.67759560136907e-05,635332.616375865,597690.231126059,635124.009204583,597792.650503128,0.0382967759560137,0.03825,2020.26771278688,2020.26775956284,8551000
5,3,4.67759560136907e-05,635332.616375865,597690.231126059,635683.20049172,596922.54040868,0.0382967759560137,0.03825,2020.26771278688,2020.26775956284,8551000
