node1,node2,length,startLat,startLon,endLat,endLon,endNodeL,startNodeL,startYear,endYear,treeID
4,1,4.54098357936875e-05,645450.440766568,572956.181744076,645423.613366834,573071.722838234,4.54098357936875e-05,0,2020.22946278688,2020.22950819672,3925000
4,5,0.03825,645450.440766568,572956.181744076,634933.619086924,598421.481196934,0.03825,0,2020.22946278688,2020.26771278688,3925000
5,2,4.67759560136907e-05,634933.619086924,598421.481196934,635124.009204583,597792.650503128,0.0382967759560137,0.03825,2020.26771278688,2020.26775956284,3925000
5,3,4.67759560136907e-05,634933.619086924,598421.481196934,635683.20049172,596922.54040868,0.0382967759560137,0.03825,2020.26771278688,2020.26775956284,3925000
