node1,node2,length,startLat,startLon,endLat,endLon,endNodeL,startNodeL,startYear,endYear,treeID
6,7,0.01653599315,644607.935419218,721877.716009594,644582.138965728,722417.869218236,0.01653599315,0,2020.19629337083,2020.21282936398,289000
6,9,0.000128015380999991,644607.935419218,721877.716009594,644605.048090378,721914.684943662,0.000128015380999991,0,2020.19629337083,2020.19642138621,289000
7,1,0.0303400349191881,644582.138965728,722417.869218236,612821.949301956,768246.863116935,0.0468760280691881,0.01653599315,2020.21282936398,2020.2431693989,289000
7,8,0.005641223091,644582.138965728,722417.869218236,644483.9261467,722129.097899214,0.022177216241,0.01653599315,2020.21282936398,2020.21847058707,289000
8,2,0.0274310522691881,644483.9261467,722129.097899214,644485.073947699,723441.569504824,0.0496082685101881,0.022177216241,2020.21847058707,2020.24590163934,289000
8,3,0.0438244948891881,644483.9261467,722129.097899214,646523.180145426,736580.334371092,0.0660017111301881,0.022177216241,2020.21847058707,2020.26229508196,289000
9,4,0.0631414553091881,644605.048090378,721914.684943662,642206.218550374,755012.184872246,0.0632694706901881,0.000128015380999991,2020.19642138621,2020.25956284152,289000
9,5,0.0686059361891881,644605.048090378,721914.684943662,645088.120580768,726064.676150808,0.0687339515701881,0.000128015380999991,2020.19642138621,2020.2650273224,289000
