node1,node2,length,startLat,startLon,endLat,endLon,endNodeL,startNodeL,startYear,endYear,treeID
6,7,0.01653599315,644948.086376241,725951.306164038,644797.583258476,725903.071732376,0.01653599315,0,2020.19629337083,2020.21282936398,796000
6,9,0.000128015380999991,644948.086376241,725951.306164038,644949.79939226,725956.665949928,0.000128015380999991,0,2020.19629337083,2020.19642138621,796000
7,1,0.0303400349191881,644797.583258476,725903.071732376,612821.949301956,768246.863116935,0.0468760280691881,0.01653599315,2020.21282936398,2020.2431693989,796000
7,8,0.005641223091,644797.583258476,725903.071732376,644869.761326799,726157.772795667,0.022177216241,0.01653599315,2020.21282936398,2020.21847058707,796000
8,2,0.0274310522691881,644869.761326799,726157.772795667,644485.073947699,723441.569504824,0.0496082685101881,0.022177216241,2020.21847058707,2020.24590163934,796000
8,3,0.0438244948891881,644869.761326799,726157.772795667,646523.180145426,736580.334371092,0.0660017111301881,0.022177216241,2020.21847058707,2020.26229508196,796000
9,4,0.0631414553091881,644949.79939226,725956.665949928,642206.218550374,755012.184872246,0.0632694706901881,0.000128015380999991,2020.19642138621,2020.25956284152,796000
9,5,0.0686059361891881,644949.79939226,725956.665949928,645088.120580768,726064.676150808,0.0687339515701881,0.000128015380999991,2020.19642138621,2020.2650273224,796000
