node1,node2,length,startLat,startLon,endLat,endLon,endNodeL,startNodeL,startYear,endYear,treeID
6,7,0.01653599315,644894.150488349,723892.082686499,644554.489672134,723154.254965247,0.01653599315,0,2020.19629337083,2020.21282936398,619000
6,9,0.000128015380999991,644894.150488349,723892.082686499,644866.244320434,723885.941713586,0.000128015380999991,0,2020.19629337083,2020.19642138621,619000
7,1,0.0303400349191881,644554.489672134,723154.254965247,612821.949301956,768246.863116935,0.0468760280691881,0.01653599315,2020.21282936398,2020.2431693989,619000
7,8,0.005641223091,644554.489672134,723154.254965247,644617.130681167,723590.648923338,0.022177216241,0.01653599315,2020.21282936398,2020.21847058707,619000
8,2,0.0274310522691881,644617.130681167,723590.648923338,644485.073947699,723441.569504824,0.0496082685101881,0.022177216241,2020.21847058707,2020.24590163934,619000
8,3,0.0438244948891881,644617.130681167,723590.648923338,646523.180145426,736580.334371092,0.0660017111301881,0.022177216241,2020.21847058707,2020.26229508196,619000
9,4,0.0631414553091881,644866.244320434,723885.941713586,642206.218550374,755012.184872246,0.0632694706901881,0.000128015380999991,2020.19642138621,2020.25956284152,619000
9,5,0.0686059361891881,644866.244320434,723885.941713586,645088.120580768,726064.676150808,0.0687339515701881,0.000128015380999991,2020.19642138621,2020.2650273224,619000
