node1,node2,length,startLat,startLon,endLat,endLon,endNodeL,startNodeL,startYear,endYear,treeID
6,7,0.01653599315,644867.815808936,726258.041810926,644926.789403977,726507.273116382,0.01653599315,0,2020.19629337083,2020.21282936398,425000
6,9,0.000128015380999991,644867.815808936,726258.041810926,644881.300003475,726275.13046055,0.000128015380999991,0,2020.19629337083,2020.19642138621,425000
7,1,0.0303400349191881,644926.789403977,726507.273116382,612821.949301956,768246.863116935,0.0468760280691881,0.01653599315,2020.21282936398,2020.2431693989,425000
7,8,0.005641223091,644926.789403977,726507.273116382,644318.919891463,723970.360497708,0.022177216241,0.01653599315,2020.21282936398,2020.21847058707,425000
8,2,0.0274310522691881,644318.919891463,723970.360497708,644485.073947699,723441.569504824,0.0496082685101881,0.022177216241,2020.21847058707,2020.24590163934,425000
8,3,0.0438244948891881,644318.919891463,723970.360497708,646523.180145426,736580.334371092,0.0660017111301881,0.022177216241,2020.21847058707,2020.26229508196,425000
9,4,0.0631414553091881,644881.300003475,726275.13046055,642206.218550374,755012.184872246,0.0632694706901881,0.000128015380999991,2020.19642138621,2020.25956284152,425000
9,5,0.0686059361891881,644881.300003475,726275.13046055,645088.120580768,726064.676150808,0.0687339515701881,0.000128015380999991,2020.19642138621,2020.2650273224,425000
