node1,node2,length,startLat,startLon,endLat,endLon,endNodeL,startNodeL,startYear,endYear,treeID
6,7,0.01653599315,644459.499498475,720999.998619176,644538.144269776,722904.238301149,0.01653599315,0,2020.19629337083,2020.21282936398,389000
6,9,0.000128015380999991,644459.499498475,720999.998619176,644454.134335788,720904.437602581,0.000128015380999991,0,2020.19629337083,2020.19642138621,389000
7,1,0.0303400349191881,644538.144269776,722904.238301149,612821.949301956,768246.863116935,0.0468760280691881,0.01653599315,2020.21282936398,2020.2431693989,389000
7,8,0.005641223091,644538.144269776,722904.238301149,644963.106270158,727037.907564649,0.022177216241,0.01653599315,2020.21282936398,2020.21847058707,389000
8,2,0.0274310522691881,644963.106270158,727037.907564649,644485.073947699,723441.569504824,0.0496082685101881,0.022177216241,2020.21847058707,2020.24590163934,389000
8,3,0.0438244948891881,644963.106270158,727037.907564649,646523.180145426,736580.334371092,0.0660017111301881,0.022177216241,2020.21847058707,2020.26229508196,389000
9,4,0.0631414553091881,644454.134335788,720904.437602581,642206.218550374,755012.184872246,0.0632694706901881,0.000128015380999991,2020.19642138621,2020.25956284152,389000
9,5,0.0686059361891881,644454.134335788,720904.437602581,645088.120580768,726064.676150808,0.0687339515701881,0.000128015380999991,2020.19642138621,2020.2650273224,389000
