node1,node2,length,startLat,startLon,endLat,endLon,endNodeL,startNodeL,startYear,endYear,treeID
6,7,0.01653599315,644726.714679693,725526.596986939,644232.038613009,723220.917636646,0.01653599315,0,2020.19629337083,2020.21282936398,202000
6,9,0.000128015380999991,644726.714679693,725526.596986939,644723.192189619,725523.526542228,0.000128015380999991,0,2020.19629337083,2020.19642138621,202000
7,1,0.0303400349191881,644232.038613009,723220.917636646,612821.949301956,768246.863116935,0.0468760280691881,0.01653599315,2020.21282936398,2020.2431693989,202000
7,8,0.005641223091,644232.038613009,723220.917636646,644332.260153984,723045.007558826,0.022177216241,0.01653599315,2020.21282936398,2020.21847058707,202000
8,2,0.0274310522691881,644332.260153984,723045.007558826,644485.073947699,723441.569504824,0.0496082685101881,0.022177216241,2020.21847058707,2020.24590163934,202000
8,3,0.0438244948891881,644332.260153984,723045.007558826,646523.180145426,736580.334371092,0.0660017111301881,0.022177216241,2020.21847058707,2020.26229508196,202000
9,4,0.0631414553091881,644723.192189619,725523.526542228,642206.218550374,755012.184872246,0.0632694706901881,0.000128015380999991,2020.19642138621,2020.25956284152,202000
9,5,0.0686059361891881,644723.192189619,725523.526542228,645088.120580768,726064.676150808,0.0687339515701881,0.000128015380999991,2020.19642138621,2020.2650273224,202000
