node1,node2,length,startLat,startLon,endLat,endLon,endNodeL,startNodeL,startYear,endYear,treeID
6,7,0.01653599315,645165.403938897,726176.521433277,645136.316965017,725920.96163613,0.01653599315,0,2020.19629337083,2020.21282936398,905000
6,9,0.000128015380999991,645165.403938897,726176.521433277,645161.407665836,726128.763995339,0.000128015380999991,0,2020.19629337083,2020.19642138621,905000
7,1,0.0303400349191881,645136.316965017,725920.96163613,612821.949301956,768246.863116935,0.0468760280691881,0.01653599315,2020.21282936398,2020.2431693989,905000
7,8,0.005641223091,645136.316965017,725920.96163613,645223.672342942,726259.92817527,0.022177216241,0.01653599315,2020.21282936398,2020.21847058707,905000
8,2,0.0274310522691881,645223.672342942,726259.92817527,644485.073947699,723441.569504824,0.0496082685101881,0.022177216241,2020.21847058707,2020.24590163934,905000
8,3,0.0438244948891881,645223.672342942,726259.92817527,646523.180145426,736580.334371092,0.0660017111301881,0.022177216241,2020.21847058707,2020.26229508196,905000
9,4,0.0631414553091881,645161.407665836,726128.763995339,642206.218550374,755012.184872246,0.0632694706901881,0.000128015380999991,2020.19642138621,2020.25956284152,905000
9,5,0.0686059361891881,645161.407665836,726128.763995339,645088.120580768,726064.676150808,0.0687339515701881,0.000128015380999991,2020.19642138621,2020.2650273224,905000
