node1,node2,length,startLat,startLon,endLat,endLon,endNodeL,startNodeL,startYear,endYear,treeID
6,7,0.01653599315,644891.296869813,729431.567025421,644927.091450935,728659.188369807,0.01653599315,0,2020.19629337083,2020.21282936398,269000
6,9,0.000128015380999991,644891.296869813,729431.567025421,644876.384940926,729382.351586754,0.000128015380999991,0,2020.19629337083,2020.19642138621,269000
7,1,0.0303400349191881,644927.091450935,728659.188369807,612821.949301956,768246.863116935,0.0468760280691881,0.01653599315,2020.21282936398,2020.2431693989,269000
7,8,0.005641223091,644927.091450935,728659.188369807,645131.684904792,727932.459014539,0.022177216241,0.01653599315,2020.21282936398,2020.21847058707,269000
8,2,0.0274310522691881,645131.684904792,727932.459014539,644485.073947699,723441.569504824,0.0496082685101881,0.022177216241,2020.21847058707,2020.24590163934,269000
8,3,0.0438244948891881,645131.684904792,727932.459014539,646523.180145426,736580.334371092,0.0660017111301881,0.022177216241,2020.21847058707,2020.26229508196,269000
9,4,0.0631414553091881,644876.384940926,729382.351586754,642206.218550374,755012.184872246,0.0632694706901881,0.000128015380999991,2020.19642138621,2020.25956284152,269000
9,5,0.0686059361891881,644876.384940926,729382.351586754,645088.120580768,726064.676150808,0.0687339515701881,0.000128015380999991,2020.19642138621,2020.2650273224,269000
