node1,node2,length,startLat,startLon,endLat,endLon,endNodeL,startNodeL,startYear,endYear,treeID
6,7,0.01653599315,644832.25570067,727859.328498971,644686.698807214,727468.37403779,0.01653599315,0,2020.19629337083,2020.21282936398,853000
6,9,0.000128015380999991,644832.25570067,727859.328498971,644827.035330227,727836.279584268,0.000128015380999991,0,2020.19629337083,2020.19642138621,853000
7,1,0.0303400349191881,644686.698807214,727468.37403779,612821.949301956,768246.863116935,0.0468760280691881,0.01653599315,2020.21282936398,2020.2431693989,853000
7,8,0.005641223091,644686.698807214,727468.37403779,644755.321144186,727348.980711702,0.022177216241,0.01653599315,2020.21282936398,2020.21847058707,853000
8,2,0.0274310522691881,644755.321144186,727348.980711702,644485.073947699,723441.569504824,0.0496082685101881,0.022177216241,2020.21847058707,2020.24590163934,853000
8,3,0.0438244948891881,644755.321144186,727348.980711702,646523.180145426,736580.334371092,0.0660017111301881,0.022177216241,2020.21847058707,2020.26229508196,853000
9,4,0.0631414553091881,644827.035330227,727836.279584268,642206.218550374,755012.184872246,0.0632694706901881,0.000128015380999991,2020.19642138621,2020.25956284152,853000
9,5,0.0686059361891881,644827.035330227,727836.279584268,645088.120580768,726064.676150808,0.0687339515701881,0.000128015380999991,2020.19642138621,2020.2650273224,853000
