node1,node2,length,startLat,startLon,endLat,endLon,endNodeL,startNodeL,startYear,endYear,treeID
5,1,0.05064333333,723519.210689914,564858.339683124,670375.797845628,542928.770713763,0.05064333333,0,2020.20072278689,2020.25136612022,3718000
5,6,0.02875,723519.210689914,564858.339683124,723908.314497427,564094.991137686,0.02875,0,2020.20072278689,2020.22947278689,3718000
6,2,3.54098360199999e-05,723908.314497427,564094.991137686,723903.032148424,564090.304925777,0.02878540983602,0.02875,2020.22947278689,2020.22950819673,3718000
6,7,0.0082,723908.314497427,564094.991137686,671319.238494609,595185.462211185,0.03695,0.02875,2020.22947278689,2020.23767278689,3718000
7,3,3.21311473999997e-05,671319.238494609,595185.462211185,671325.382063158,595187.671512907,0.0369821311474,0.03695,2020.23767278689,2020.23770491804,3718000
7,4,0.008228852459,671319.238494609,595185.462211185,635259.408005411,726329.836719614,0.045178852459,0.03695,2020.23767278689,2020.24590163935,3718000
