node1,node2,length,startLat,startLon,endLat,endLon,endNodeL,startNodeL,startYear,endYear,treeID
5,1,0.05064333333,671859.334883495,595446.891098767,670375.797845628,542928.770713763,0.05064333333,0,2020.20072278689,2020.25136612022,8092000
5,6,0.02875,671859.334883495,595446.891098767,671598.274937395,595685.561398007,0.02875,0,2020.20072278689,2020.22947278689,8092000
6,2,3.54098360199999e-05,671598.274937395,595685.561398007,723903.032148424,564090.304925777,0.02878540983602,0.02875,2020.22947278689,2020.22950819673,8092000
6,7,0.0082,671598.274937395,595685.561398007,671323.171048884,595218.199173416,0.03695,0.02875,2020.22947278689,2020.23767278689,8092000
7,3,3.21311473999997e-05,671323.171048884,595218.199173416,671325.382063158,595187.671512907,0.0369821311474,0.03695,2020.23767278689,2020.23770491804,8092000
7,4,0.008228852459,671323.171048884,595218.199173416,635259.408005411,726329.836719614,0.045178852459,0.03695,2020.23767278689,2020.24590163935,8092000
