node1,node2,length,startLat,startLon,endLat,endLon,endNodeL,startNodeL,startYear,endYear,treeID
5,1,0.05064333333,669507.769620506,543036.481806933,670375.797845628,542928.770713763,0.05064333333,0,2020.20072278689,2020.25136612022,7480000
5,6,0.02875,669507.769620506,543036.481806933,723903.865983531,564079.254578122,0.02875,0,2020.20072278689,2020.22947278689,7480000
6,2,3.54098360199999e-05,723903.865983531,564079.254578122,723903.032148424,564090.304925777,0.02878540983602,0.02875,2020.22947278689,2020.22950819673,7480000
6,7,0.0082,723903.865983531,564079.254578122,671324.403371559,595241.227024919,0.03695,0.02875,2020.22947278689,2020.23767278689,7480000
7,3,3.21311473999997e-05,671324.403371559,595241.227024919,671325.382063158,595187.671512907,0.0369821311474,0.03695,2020.23767278689,2020.23770491804,7480000
7,4,0.008228852459,671324.403371559,595241.227024919,635259.408005411,726329.836719614,0.045178852459,0.03695,2020.23767278689,2020.24590163935,7480000
