node1,node2,length,startLat,startLon,endLat,endLon,endNodeL,startNodeL,startYear,endYear,treeID
5,1,0.05064333333,670146.413613244,543149.80262289,670375.797845628,542928.770713763,0.05064333333,0,2020.20072278689,2020.25136612022,5977000
5,6,0.02875,670146.413613244,543149.80262289,723904.367430303,564086.465915717,0.02875,0,2020.20072278689,2020.22947278689,5977000
6,2,3.54098360199999e-05,723904.367430303,564086.465915717,723903.032148424,564090.304925777,0.02878540983602,0.02875,2020.22947278689,2020.22950819673,5977000
6,7,0.0082,723904.367430303,564086.465915717,671262.497293269,594980.440896894,0.03695,0.02875,2020.22947278689,2020.23767278689,5977000
7,3,3.21311473999997e-05,671262.497293269,594980.440896894,671325.382063158,595187.671512907,0.0369821311474,0.03695,2020.23767278689,2020.23770491804,5977000
7,4,0.008228852459,671262.497293269,594980.440896894,635259.408005411,726329.836719614,0.045178852459,0.03695,2020.23767278689,2020.24590163935,5977000
