node1,node2,length,startLat,startLon,endLat,endLon,endNodeL,startNodeL,startYear,endYear,treeID
9,1,0.0641286721300963,640492.805249395,739543.223541257,631452.569877643,759777.613056056,0.0641286721300963,0,2020.17904072678,2020.24316939891,829000
9,10,0.00909500000000001,640492.805249395,739543.223541257,640150.708441346,739265.115472057,0.00909500000000001,0,2020.17904072678,2020.18813572678,829000
10,2,0.0140500655700963,640150.708441346,739265.115472057,639164.587600401,740258.390806216,0.0231450655700963,0.00909500000000001,2020.18813572678,2020.20218579235,829000
10,11,0.00698699999999999,640150.708441346,739265.115472057,645139.926999431,732001.571465909,0.016082,0.00909500000000001,2020.18813572678,2020.19512272678,829000
11,3,0.0234565082000963,645139.926999431,732001.571465909,644441.748333136,732874.078766372,0.0395385082000963,0.016082,2020.19512272678,2020.21857923498,829000
11,12,0.005946,645139.926999431,732001.571465909,652804.70275725,727010.666771098,0.022028,0.016082,2020.19512272678,2020.20106872678,829000
12,4,0.0421006721300963,652804.70275725,727010.666771098,632764.232527767,702996.843790149,0.0641286721300963,0.022028,2020.20106872678,2020.24316939891,829000
12,13,0.005068,652804.70275725,727010.666771098,651745.929020521,730886.841260799,0.027096,0.022028,2020.20106872678,2020.20613672678,829000
13,5,0.0479616338800963,651745.929020521,730886.841260799,652188.20155005,729202.785337269,0.0750576338800963,0.027096,2020.20613672678,2020.25409836066,829000
13,14,0.00385200000000001,651745.929020521,730886.841260799,652528.230044635,730605.381699918,0.030948,0.027096,2020.20613672678,2020.20998872678,829000
14,6,0.0113227486300963,652528.230044635,730605.381699918,645586.458051312,731789.661058068,0.0422707486300963,0.030948,2020.20998872678,2020.22131147541,829000
14,15,0.003126,652528.230044635,730605.381699918,649482.748677422,737240.937745516,0.034074,0.030948,2020.20998872678,2020.21311472678,829000
15,7,2.73225279831535e-08,649482.748677422,737240.937745516,649483.073355096,737240.176582849,0.034074027322528,0.034074,2020.21311472678,2020.2131147541,829000
15,8,0.0300546721300963,649482.748677422,737240.937745516,653900.406062806,726974.943733337,0.0641286721300963,0.034074,2020.21311472678,2020.24316939891,829000
