node1,node2,length,startLat,startLon,endLat,endLon,endNodeL,startNodeL,startYear,endYear,treeID
9,1,0.0641286721300963,631989.105046188,759570.469159566,631452.569877643,759777.613056056,0.0641286721300963,0,2020.17904072678,2020.24316939891,536000
9,10,0.00909500000000001,631989.105046188,759570.469159566,639157.396270409,740375.645379091,0.00909500000000001,0,2020.17904072678,2020.18813572678,536000
10,2,0.0140500655700963,639157.396270409,740375.645379091,639164.587600401,740258.390806216,0.0231450655700963,0.00909500000000001,2020.18813572678,2020.20218579235,536000
10,11,0.00698699999999999,639157.396270409,740375.645379091,644493.445472849,732477.667028889,0.016082,0.00909500000000001,2020.18813572678,2020.19512272678,536000
11,3,0.0234565082000963,644493.445472849,732477.667028889,644441.748333136,732874.078766372,0.0395385082000963,0.016082,2020.19512272678,2020.21857923498,536000
11,12,0.005946,644493.445472849,732477.667028889,644895.437479769,732892.086068507,0.022028,0.016082,2020.19512272678,2020.20106872678,536000
12,4,0.0421006721300963,644895.437479769,732892.086068507,632764.232527767,702996.843790149,0.0641286721300963,0.022028,2020.20106872678,2020.24316939891,536000
12,13,0.005068,644895.437479769,732892.086068507,645268.156395496,731951.749572604,0.027096,0.022028,2020.20106872678,2020.20613672678,536000
13,5,0.0479616338800963,645268.156395496,731951.749572604,652188.20155005,729202.785337269,0.0750576338800963,0.027096,2020.20613672678,2020.25409836066,536000
13,14,0.00385200000000001,645268.156395496,731951.749572604,645358.89233729,731769.375149378,0.030948,0.027096,2020.20613672678,2020.20998872678,536000
14,6,0.0113227486300963,645358.89233729,731769.375149378,645586.458051312,731789.661058068,0.0422707486300963,0.030948,2020.20998872678,2020.22131147541,536000
14,15,0.003126,645358.89233729,731769.375149378,649483.161949538,737239.675004433,0.034074,0.030948,2020.20998872678,2020.21311472678,536000
15,7,2.73225279831535e-08,649483.161949538,737239.675004433,649483.073355096,737240.176582849,0.034074027322528,0.034074,2020.21311472678,2020.2131147541,536000
15,8,0.0300546721300963,649483.161949538,737239.675004433,653900.406062806,726974.943733337,0.0641286721300963,0.034074,2020.21311472678,2020.24316939891,536000
