node1,node2,length,startLat,startLon,endLat,endLon,endNodeL,startNodeL,startYear,endYear,treeID
9,1,0.0641286721300963,637324.947831821,738949.476835494,631452.569877643,759777.613056056,0.0641286721300963,0,2020.17904072678,2020.24316939891,398000
9,10,0.00909500000000001,637324.947831821,738949.476835494,640355.283763188,739360.097091716,0.00909500000000001,0,2020.17904072678,2020.18813572678,398000
10,2,0.0140500655700963,640355.283763188,739360.097091716,639164.587600401,740258.390806216,0.0231450655700963,0.00909500000000001,2020.18813572678,2020.20218579235,398000
10,11,0.00698699999999999,640355.283763188,739360.097091716,644342.949788397,732476.561348634,0.016082,0.00909500000000001,2020.18813572678,2020.19512272678,398000
11,3,0.0234565082000963,644342.949788397,732476.561348634,644441.748333136,732874.078766372,0.0395385082000963,0.016082,2020.19512272678,2020.21857923498,398000
11,12,0.005946,644342.949788397,732476.561348634,644259.973912781,732614.14259348,0.022028,0.016082,2020.19512272678,2020.20106872678,398000
12,4,0.0421006721300963,644259.973912781,732614.14259348,632764.232527767,702996.843790149,0.0641286721300963,0.022028,2020.20106872678,2020.24316939891,398000
12,13,0.005068,644259.973912781,732614.14259348,645252.182318278,731948.3171948,0.027096,0.022028,2020.20106872678,2020.20613672678,398000
13,5,0.0479616338800963,645252.182318278,731948.3171948,652188.20155005,729202.785337269,0.0750576338800963,0.027096,2020.20613672678,2020.25409836066,398000
13,14,0.00385200000000001,645252.182318278,731948.3171948,645277.291287578,731818.278342563,0.030948,0.027096,2020.20613672678,2020.20998872678,398000
14,6,0.0113227486300963,645277.291287578,731818.278342563,645586.458051312,731789.661058068,0.0422707486300963,0.030948,2020.20998872678,2020.22131147541,398000
14,15,0.003126,645277.291287578,731818.278342563,649482.09086548,737239.963671167,0.034074,0.030948,2020.20998872678,2020.21311472678,398000
15,7,2.73225279831535e-08,649482.09086548,737239.963671167,649483.073355096,737240.176582849,0.034074027322528,0.034074,2020.21311472678,2020.2131147541,398000
15,8,0.0300546721300963,649482.09086548,737239.963671167,653900.406062806,726974.943733337,0.0641286721300963,0.034074,2020.21311472678,2020.24316939891,398000
