node1,node2,length,startLat,startLon,endLat,endLon,endNodeL,startNodeL,startYear,endYear,treeID
9,1,0.0641286721300963,640509.226067182,740626.267757507,631452.569877643,759777.613056056,0.0641286721300963,0,2020.17904072678,2020.24316939891,923000
9,10,0.00909500000000001,640509.226067182,740626.267757507,639535.432439266,741476.052008246,0.00909500000000001,0,2020.17904072678,2020.18813572678,923000
10,2,0.0140500655700963,639535.432439266,741476.052008246,639164.587600401,740258.390806216,0.0231450655700963,0.00909500000000001,2020.18813572678,2020.20218579235,923000
10,11,0.00698699999999999,639535.432439266,741476.052008246,644925.015172043,731240.837671724,0.016082,0.00909500000000001,2020.18813572678,2020.19512272678,923000
11,3,0.0234565082000963,644925.015172043,731240.837671724,644441.748333136,732874.078766372,0.0395385082000963,0.016082,2020.19512272678,2020.21857923498,923000
11,12,0.005946,644925.015172043,731240.837671724,644831.632102609,731209.011642153,0.022028,0.016082,2020.19512272678,2020.20106872678,923000
12,4,0.0421006721300963,644831.632102609,731209.011642153,632764.232527767,702996.843790149,0.0641286721300963,0.022028,2020.20106872678,2020.24316939891,923000
12,13,0.005068,644831.632102609,731209.011642153,645082.10762997,733184.369543663,0.027096,0.022028,2020.20106872678,2020.20613672678,923000
13,5,0.0479616338800963,645082.10762997,733184.369543663,652188.20155005,729202.785337269,0.0750576338800963,0.027096,2020.20613672678,2020.25409836066,923000
13,14,0.00385200000000001,645082.10762997,733184.369543663,645136.144395131,733311.644797733,0.030948,0.027096,2020.20613672678,2020.20998872678,923000
14,6,0.0113227486300963,645136.144395131,733311.644797733,645586.458051312,731789.661058068,0.0422707486300963,0.030948,2020.20998872678,2020.22131147541,923000
14,15,0.003126,645136.144395131,733311.644797733,649483.302816065,737240.398979158,0.034074,0.030948,2020.20998872678,2020.21311472678,923000
15,7,2.73225279831535e-08,649483.302816065,737240.398979158,649483.073355096,737240.176582849,0.034074027322528,0.034074,2020.21311472678,2020.2131147541,923000
15,8,0.0300546721300963,649483.302816065,737240.398979158,653900.406062806,726974.943733337,0.0641286721300963,0.034074,2020.21311472678,2020.24316939891,923000
