node1,node2,length,startLat,startLon,endLat,endLon,endNodeL,startNodeL,startYear,endYear,treeID
9,1,0.0641286721300963,630811.546961008,758561.568594995,631452.569877643,759777.613056056,0.0641286721300963,0,2020.17904072678,2020.24316939891,924000
9,10,0.00909500000000001,630811.546961008,758561.568594995,638938.73277439,739031.939923747,0.00909500000000001,0,2020.17904072678,2020.18813572678,924000
10,2,0.0140500655700963,638938.73277439,739031.939923747,639164.587600401,740258.390806216,0.0231450655700963,0.00909500000000001,2020.18813572678,2020.20218579235,924000
10,11,0.00698699999999999,638938.73277439,739031.939923747,644860.0985463,732043.581737431,0.016082,0.00909500000000001,2020.18813572678,2020.19512272678,924000
11,3,0.0234565082000963,644860.0985463,732043.581737431,644441.748333136,732874.078766372,0.0395385082000963,0.016082,2020.19512272678,2020.21857923498,924000
11,12,0.005946,644860.0985463,732043.581737431,644594.025745328,731386.454452001,0.022028,0.016082,2020.19512272678,2020.20106872678,924000
12,4,0.0421006721300963,644594.025745328,731386.454452001,632764.232527767,702996.843790149,0.0641286721300963,0.022028,2020.20106872678,2020.24316939891,924000
12,13,0.005068,644594.025745328,731386.454452001,644840.12423813,731421.449412563,0.027096,0.022028,2020.20106872678,2020.20613672678,924000
13,5,0.0479616338800963,644840.12423813,731421.449412563,652188.20155005,729202.785337269,0.0750576338800963,0.027096,2020.20613672678,2020.25409836066,924000
13,14,0.00385200000000001,644840.12423813,731421.449412563,644916.296179332,731542.55825403,0.030948,0.027096,2020.20613672678,2020.20998872678,924000
14,6,0.0113227486300963,644916.296179332,731542.55825403,645586.458051312,731789.661058068,0.0422707486300963,0.030948,2020.20998872678,2020.22131147541,924000
14,15,0.003126,644916.296179332,731542.55825403,649483.18566076,737241.89734312,0.034074,0.030948,2020.20998872678,2020.21311472678,924000
15,7,2.73225279831535e-08,649483.18566076,737241.89734312,649483.073355096,737240.176582849,0.034074027322528,0.034074,2020.21311472678,2020.2131147541,924000
15,8,0.0300546721300963,649483.18566076,737241.89734312,653900.406062806,726974.943733337,0.0641286721300963,0.034074,2020.21311472678,2020.24316939891,924000
