node1,node2,length,startLat,startLon,endLat,endLon,endNodeL,startNodeL,startYear,endYear,treeID
9,1,0.0641286721300963,630483.094610672,759560.89271101,631452.569877643,759777.613056056,0.0641286721300963,0,2020.17904072678,2020.24316939891,1064000
9,10,0.00909500000000001,630483.094610672,759560.89271101,639067.733298222,741447.106327135,0.00909500000000001,0,2020.17904072678,2020.18813572678,1064000
10,2,0.0140500655700963,639067.733298222,741447.106327135,639164.587600401,740258.390806216,0.0231450655700963,0.00909500000000001,2020.18813572678,2020.20218579235,1064000
10,11,0.00698699999999999,639067.733298222,741447.106327135,644624.396783092,732726.665372617,0.016082,0.00909500000000001,2020.18813572678,2020.19512272678,1064000
11,3,0.0234565082000963,644624.396783092,732726.665372617,644441.748333136,732874.078766372,0.0395385082000963,0.016082,2020.19512272678,2020.21857923498,1064000
11,12,0.005946,644624.396783092,732726.665372617,645664.481523466,732053.201944042,0.022028,0.016082,2020.19512272678,2020.20106872678,1064000
12,4,0.0421006721300963,645664.481523466,732053.201944042,632764.232527767,702996.843790149,0.0641286721300963,0.022028,2020.20106872678,2020.24316939891,1064000
12,13,0.005068,645664.481523466,732053.201944042,645820.161597801,732009.91746708,0.027096,0.022028,2020.20106872678,2020.20613672678,1064000
13,5,0.0479616338800963,645820.161597801,732009.91746708,652188.20155005,729202.785337269,0.0750576338800963,0.027096,2020.20613672678,2020.25409836066,1064000
13,14,0.00385200000000001,645820.161597801,732009.91746708,645552.380770679,731999.236823812,0.030948,0.027096,2020.20613672678,2020.20998872678,1064000
14,6,0.0113227486300963,645552.380770679,731999.236823812,645586.458051312,731789.661058068,0.0422707486300963,0.030948,2020.20998872678,2020.22131147541,1064000
14,15,0.003126,645552.380770679,731999.236823812,649483.082864356,737240.606407486,0.034074,0.030948,2020.20998872678,2020.21311472678,1064000
15,7,2.73225279831535e-08,649483.082864356,737240.606407486,649483.073355096,737240.176582849,0.034074027322528,0.034074,2020.21311472678,2020.2131147541,1064000
15,8,0.0300546721300963,649483.082864356,737240.606407486,653900.406062806,726974.943733337,0.0641286721300963,0.034074,2020.21311472678,2020.24316939891,1064000
