node1,node2,length,startLat,startLon,endLat,endLon,endNodeL,startNodeL,startYear,endYear,treeID
9,1,0.0641286721300963,640018.427411848,741280.58620223,631452.569877643,759777.613056056,0.0641286721300963,0,2020.17904072678,2020.24316939891,1055000
9,10,0.00909500000000001,640018.427411848,741280.58620223,640451.555139261,738838.340669911,0.00909500000000001,0,2020.17904072678,2020.18813572678,1055000
10,2,0.0140500655700963,640451.555139261,738838.340669911,639164.587600401,740258.390806216,0.0231450655700963,0.00909500000000001,2020.18813572678,2020.20218579235,1055000
10,11,0.00698699999999999,640451.555139261,738838.340669911,641688.144367255,738916.541055874,0.016082,0.00909500000000001,2020.18813572678,2020.19512272678,1055000
11,3,0.0234565082000963,641688.144367255,738916.541055874,644441.748333136,732874.078766372,0.0395385082000963,0.016082,2020.19512272678,2020.21857923498,1055000
11,12,0.005946,641688.144367255,738916.541055874,644630.357157889,734083.505296372,0.022028,0.016082,2020.19512272678,2020.20106872678,1055000
12,4,0.0421006721300963,644630.357157889,734083.505296372,632764.232527767,702996.843790149,0.0641286721300963,0.022028,2020.20106872678,2020.24316939891,1055000
12,13,0.005068,644630.357157889,734083.505296372,644904.251098742,735022.175910881,0.027096,0.022028,2020.20106872678,2020.20613672678,1055000
13,5,0.0479616338800963,644904.251098742,735022.175910881,652188.20155005,729202.785337269,0.0750576338800963,0.027096,2020.20613672678,2020.25409836066,1055000
13,14,0.00385200000000001,644904.251098742,735022.175910881,643947.66387102,735470.476412525,0.030948,0.027096,2020.20613672678,2020.20998872678,1055000
14,6,0.0113227486300963,643947.66387102,735470.476412525,645586.458051312,731789.661058068,0.0422707486300963,0.030948,2020.20998872678,2020.22131147541,1055000
14,15,0.003126,643947.66387102,735470.476412525,649480.227506198,737242.096185985,0.034074,0.030948,2020.20998872678,2020.21311472678,1055000
15,7,2.73225279831535e-08,649480.227506198,737242.096185985,649483.073355096,737240.176582849,0.034074027322528,0.034074,2020.21311472678,2020.2131147541,1055000
15,8,0.0300546721300963,649480.227506198,737242.096185985,653900.406062806,726974.943733337,0.0641286721300963,0.034074,2020.21311472678,2020.24316939891,1055000
