node1,node2,length,startLat,startLon,endLat,endLon,endNodeL,startNodeL,startYear,endYear,treeID
9,1,0.0641286721300963,644280.003088526,733103.10325003,631452.569877643,759777.613056056,0.0641286721300963,0,2020.17904072678,2020.24316939891,409000
9,10,0.00909500000000001,644280.003088526,733103.10325003,644442.688282635,732446.434992163,0.00909500000000001,0,2020.17904072678,2020.18813572678,409000
10,2,0.0140500655700963,644442.688282635,732446.434992163,639164.587600401,740258.390806216,0.0231450655700963,0.00909500000000001,2020.18813572678,2020.20218579235,409000
10,11,0.00698699999999999,644442.688282635,732446.434992163,644781.14883275,732573.570413729,0.016082,0.00909500000000001,2020.18813572678,2020.19512272678,409000
11,3,0.0234565082000963,644781.14883275,732573.570413729,644441.748333136,732874.078766372,0.0395385082000963,0.016082,2020.19512272678,2020.21857923498,409000
11,12,0.005946,644781.14883275,732573.570413729,645309.524184048,731412.397867817,0.022028,0.016082,2020.19512272678,2020.20106872678,409000
12,4,0.0421006721300963,645309.524184048,731412.397867817,632764.232527767,702996.843790149,0.0641286721300963,0.022028,2020.20106872678,2020.24316939891,409000
12,13,0.005068,645309.524184048,731412.397867817,645505.065866933,732526.18600773,0.027096,0.022028,2020.20106872678,2020.20613672678,409000
13,5,0.0479616338800963,645505.065866933,732526.18600773,652188.20155005,729202.785337269,0.0750576338800963,0.027096,2020.20613672678,2020.25409836066,409000
13,14,0.00385200000000001,645505.065866933,732526.18600773,645446.526253143,732866.044336545,0.030948,0.027096,2020.20613672678,2020.20998872678,409000
14,6,0.0113227486300963,645446.526253143,732866.044336545,645586.458051312,731789.661058068,0.0422707486300963,0.030948,2020.20998872678,2020.22131147541,409000
14,15,0.003126,645446.526253143,732866.044336545,649483.823048742,737239.275477383,0.034074,0.030948,2020.20998872678,2020.21311472678,409000
15,7,2.73225279831535e-08,649483.823048742,737239.275477383,649483.073355096,737240.176582849,0.034074027322528,0.034074,2020.21311472678,2020.2131147541,409000
15,8,0.0300546721300963,649483.823048742,737239.275477383,653900.406062806,726974.943733337,0.0641286721300963,0.034074,2020.21311472678,2020.24316939891,409000
