node1,node2,length,startLat,startLon,endLat,endLon,endNodeL,startNodeL,startYear,endYear,treeID
5,1,0.0632915112,650370.158355051,763553.314205645,635664.136375935,739045.686487967,0.0632915112,0,2020.19353908989,2020.25683060109,541000
5,6,0.01360227504,650370.158355051,763553.314205645,649987.009324217,763226.50024332,0.01360227504,0,2020.19353908989,2020.20714136493,541000
6,2,0.04968923616,649987.009324217,763226.50024332,650190.124959448,763483.958462578,0.0632915112,0.01360227504,2020.20714136493,2020.25683060109,541000
6,7,0.01079899548,649987.009324217,763226.50024332,650082.310616871,763315.703570223,0.02440127052,0.01360227504,2020.20714136493,2020.21794036041,541000
7,3,0.003371114992,650082.310616871,763315.703570223,630833.1809497,710488.906015016,0.027772385512,0.02440127052,2020.21794036041,2020.2213114754,541000
7,4,0.003371114992,650082.310616871,763315.703570223,622713.897443521,739914.240687457,0.027772385512,0.02440127052,2020.21794036041,2020.2213114754,541000
