node1,node2,length,startLat,startLon,endLat,endLon,endNodeL,startNodeL,startYear,endYear,treeID
5,1,0.0632915112,635569.128706135,738915.764721352,635664.136375935,739045.686487967,0.0632915112,0,2020.19353908989,2020.25683060109,177000
5,6,0.01360227504,635569.128706135,738915.764721352,650340.774763811,763633.087463014,0.01360227504,0,2020.19353908989,2020.20714136493,177000
6,2,0.04968923616,650340.774763811,763633.087463014,650190.124959448,763483.958462578,0.0632915112,0.01360227504,2020.20714136493,2020.25683060109,177000
6,7,0.01079899548,650340.774763811,763633.087463014,622880.680828686,740094.850203919,0.02440127052,0.01360227504,2020.20714136493,2020.21794036041,177000
7,3,0.003371114992,622880.680828686,740094.850203919,630833.1809497,710488.906015016,0.027772385512,0.02440127052,2020.21794036041,2020.2213114754,177000
7,4,0.003371114992,622880.680828686,740094.850203919,622713.897443521,739914.240687457,0.027772385512,0.02440127052,2020.21794036041,2020.2213114754,177000
