node1,node2,length,startLat,startLon,endLat,endLon,endNodeL,startNodeL,startYear,endYear,treeID
5,1,0.0632915112,637531.304324882,738812.845853946,635664.136375935,739045.686487967,0.0632915112,0,2020.19353908989,2020.25683060109,261000
5,6,0.01360227504,637531.304324882,738812.845853946,638150.785975819,739560.621234616,0.01360227504,0,2020.19353908989,2020.20714136493,261000
6,2,0.04968923616,638150.785975819,739560.621234616,650190.124959448,763483.958462578,0.0632915112,0.01360227504,2020.20714136493,2020.25683060109,261000
6,7,0.01079899548,638150.785975819,739560.621234616,638104.02197331,739628.572420764,0.02440127052,0.01360227504,2020.20714136493,2020.21794036041,261000
7,3,0.003371114992,638104.02197331,739628.572420764,630833.1809497,710488.906015016,0.027772385512,0.02440127052,2020.21794036041,2020.2213114754,261000
7,4,0.003371114992,638104.02197331,739628.572420764,622713.897443521,739914.240687457,0.027772385512,0.02440127052,2020.21794036041,2020.2213114754,261000
