node1,node2,length,startLat,startLon,endLat,endLon,endNodeL,startNodeL,startYear,endYear,treeID
4,3,0.002461,661777.612775861,645223.233963164,627769.056706198,628274.842073467,0.002461,0,2020.17240238798,2020.17486338798,6895000
4,5,0.00244,661777.612775861,645223.233963164,661806.688025043,645506.625563862,0.00244,0,2020.17240238798,2020.17484238798,6895000
5,1,2.10000000000002e-05,661806.688025043,645506.625563862,727525.586831813,658991.869518966,0.002461,0.00244,2020.17484238798,2020.17486338798,6895000
5,2,2.10000000000002e-05,661806.688025043,645506.625563862,661849.802625955,645535.839826568,0.002461,0.00244,2020.17484238798,2020.17486338798,6895000
