node1,node2,length,startLat,startLon,endLat,endLon,endNodeL,startNodeL,startYear,endYear,treeID
4,3,0.002461,660626.939780739,645194.601337212,627769.056706198,628274.842073467,0.002461,0,2020.17240238798,2020.17486338798,3988000
4,5,0.00244,660626.939780739,645194.601337212,661956.663644698,645658.929715181,0.00244,0,2020.17240238798,2020.17484238798,3988000
5,1,2.10000000000002e-05,661956.663644698,645658.929715181,727525.586831813,658991.869518966,0.002461,0.00244,2020.17484238798,2020.17486338798,3988000
5,2,2.10000000000002e-05,661956.663644698,645658.929715181,661849.802625955,645535.839826568,0.002461,0.00244,2020.17484238798,2020.17486338798,3988000
