node1,node2,length,startLat,startLon,endLat,endLon,endNodeL,startNodeL,startYear,endYear,treeID
4,3,0.002461,661859.84523979,645417.087255077,627769.056706198,628274.842073467,0.002461,0,2020.17240238798,2020.17486338798,9982000
4,5,0.00244,661859.84523979,645417.087255077,662165.279136999,645662.881352895,0.00244,0,2020.17240238798,2020.17484238798,9982000
5,1,2.10000000000002e-05,662165.279136999,645662.881352895,727525.586831813,658991.869518966,0.002461,0.00244,2020.17484238798,2020.17486338798,9982000
5,2,2.10000000000002e-05,662165.279136999,645662.881352895,661849.802625955,645535.839826568,0.002461,0.00244,2020.17484238798,2020.17486338798,9982000
