node1,node2,length,startLat,startLon,endLat,endLon,endNodeL,startNodeL,startYear,endYear,treeID
4,3,0.002461,661468.552846204,645098.098534474,627769.056706198,628274.842073467,0.002461,0,2020.17240238798,2020.17486338798,5482000
4,5,0.00244,661468.552846204,645098.098534474,661835.753353608,645514.598805981,0.00244,0,2020.17240238798,2020.17484238798,5482000
5,1,2.10000000000002e-05,661835.753353608,645514.598805981,727525.586831813,658991.869518966,0.002461,0.00244,2020.17484238798,2020.17486338798,5482000
5,2,2.10000000000002e-05,661835.753353608,645514.598805981,661849.802625955,645535.839826568,0.002461,0.00244,2020.17484238798,2020.17486338798,5482000
