node1,node2,length,startLat,startLon,endLat,endLon,endNodeL,startNodeL,startYear,endYear,treeID
4,3,0.002461,627770.27950076,628321.996745499,627769.056706198,628274.842073467,0.002461,0,2020.17240238798,2020.17486338798,7507000
4,5,0.00244,627770.27950076,628321.996745499,661980.700425008,645659.760913037,0.00244,0,2020.17240238798,2020.17484238798,7507000
5,1,2.10000000000002e-05,661980.700425008,645659.760913037,727525.586831813,658991.869518966,0.002461,0.00244,2020.17484238798,2020.17486338798,7507000
5,2,2.10000000000002e-05,661980.700425008,645659.760913037,661849.802625955,645535.839826568,0.002461,0.00244,2020.17484238798,2020.17486338798,7507000
