node1,node2,length,startLat,startLon,endLat,endLon,endNodeL,startNodeL,startYear,endYear,treeID
4,3,0.002461,626562.94397381,627705.921728751,627769.056706198,628274.842073467,0.002461,0,2020.17240238798,2020.17486338798,2251000
4,5,0.00244,626562.94397381,627705.921728751,662116.229796181,645717.411807808,0.00244,0,2020.17240238798,2020.17484238798,2251000
5,1,2.10000000000002e-05,662116.229796181,645717.411807808,727525.586831813,658991.869518966,0.002461,0.00244,2020.17484238798,2020.17486338798,2251000
5,2,2.10000000000002e-05,662116.229796181,645717.411807808,661849.802625955,645535.839826568,0.002461,0.00244,2020.17484238798,2020.17486338798,2251000
