node1,node2,length,startLat,startLon,endLat,endLon,endNodeL,startNodeL,startYear,endYear,treeID
6,1,0.0354454071499304,615098.917133324,619050.697790681,615058.731765716,618998.039524492,0.0354454071499304,0,2020.17493710652,2020.21038251367,9361000
6,7,0.02301568036,615098.917133324,619050.697790681,615005.08644551,619439.595968692,0.02301568036,0,2020.17493710652,2020.19795278688,9361000
7,2,0.0506810929099304,615005.08644551,619439.595968692,660946.945641475,543320.356368325,0.0736967732699304,0.02301568036,2020.19795278688,2020.24863387979,9361000
7,8,0.02582,615005.08644551,619439.595968692,621679.126761184,611612.917696465,0.04883568036,0.02301568036,2020.19795278688,2020.22377278688,9361000
8,5,0.00300316940893037,621679.126761184,611612.917696465,624771.492892243,648135.727762072,0.0518388497689304,0.04883568036,2020.22377278688,2020.22677595629,9361000
8,9,0.00567,621679.126761184,611612.917696465,621794.520433752,611433.773126774,0.05450568036,0.04883568036,2020.22377278688,2020.22944278688,9361000
9,3,6.54098459503677e-05,621794.520433752,611433.773126774,621792.880051492,611433.956638782,0.0545710902059504,0.05450568036,2020.22944278688,2020.22950819673,9361000
9,4,0.0246555737799304,621794.520433752,611433.773126774,626416.272106887,736487.873698069,0.0791612541399304,0.05450568036,2020.22944278688,2020.25409836066,9361000
