node1,node2,length,startLat,startLon,endLat,endLon,endNodeL,startNodeL,startYear,endYear,treeID
6,1,0.0354454071499304,614764.168377625,617629.610122138,615058.731765716,618998.039524492,0.0354454071499304,0,2020.17493710652,2020.21038251367,1846000
6,7,0.02301568036,614764.168377625,617629.610122138,614500.548038421,616370.905523593,0.02301568036,0,2020.17493710652,2020.19795278688,1846000
7,2,0.0506810929099304,614500.548038421,616370.905523593,660946.945641475,543320.356368325,0.0736967732699304,0.02301568036,2020.19795278688,2020.24863387979,1846000
7,8,0.02582,614500.548038421,616370.905523593,614737.238254135,612531.700351993,0.04883568036,0.02301568036,2020.19795278688,2020.22377278688,1846000
8,5,0.00300316940893037,614737.238254135,612531.700351993,624771.492892243,648135.727762072,0.0518388497689304,0.04883568036,2020.22377278688,2020.22677595629,1846000
8,9,0.00567,614737.238254135,612531.700351993,621795.196440457,611435.844522468,0.05450568036,0.04883568036,2020.22377278688,2020.22944278688,1846000
9,3,6.54098459503677e-05,621795.196440457,611435.844522468,621792.880051492,611433.956638782,0.0545710902059504,0.05450568036,2020.22944278688,2020.22950819673,1846000
9,4,0.0246555737799304,621795.196440457,611435.844522468,626416.272106887,736487.873698069,0.0791612541399304,0.05450568036,2020.22944278688,2020.25409836066,1846000
