node1,node2,length,startLat,startLon,endLat,endLon,endNodeL,startNodeL,startYear,endYear,treeID
6,1,0.0354454071499304,614774.063975987,617931.867734708,615058.731765716,618998.039524492,0.0354454071499304,0,2020.17493710652,2020.21038251367,2233000
6,7,0.02301568036,614774.063975987,617931.867734708,618984.789721749,631876.375715604,0.02301568036,0,2020.17493710652,2020.19795278688,2233000
7,2,0.0506810929099304,618984.789721749,631876.375715604,660946.945641475,543320.356368325,0.0736967732699304,0.02301568036,2020.19795278688,2020.24863387979,2233000
7,8,0.02582,618984.789721749,631876.375715604,618465.452738417,631728.86816913,0.04883568036,0.02301568036,2020.19795278688,2020.22377278688,2233000
8,5,0.00300316940893037,618465.452738417,631728.86816913,624771.492892243,648135.727762072,0.0518388497689304,0.04883568036,2020.22377278688,2020.22677595629,2233000
8,9,0.00567,618465.452738417,631728.86816913,621654.770425678,610862.624876293,0.05450568036,0.04883568036,2020.22377278688,2020.22944278688,2233000
9,3,6.54098459503677e-05,621654.770425678,610862.624876293,621792.880051492,611433.956638782,0.0545710902059504,0.05450568036,2020.22944278688,2020.22950819673,2233000
9,4,0.0246555737799304,621654.770425678,610862.624876293,626416.272106887,736487.873698069,0.0791612541399304,0.05450568036,2020.22944278688,2020.25409836066,2233000
