node1,node2,length,startLat,startLon,endLat,endLon,endNodeL,startNodeL,startYear,endYear,treeID
6,1,0.0354454071499304,615141.128016799,619115.123768683,615058.731765716,618998.039524492,0.0354454071499304,0,2020.17493710652,2020.21038251367,9811000
6,7,0.02301568036,615141.128016799,619115.123768683,621840.387185486,610933.616370592,0.02301568036,0,2020.17493710652,2020.19795278688,9811000
7,2,0.0506810929099304,621840.387185486,610933.616370592,660946.945641475,543320.356368325,0.0736967732699304,0.02301568036,2020.19795278688,2020.24863387979,9811000
7,8,0.02582,621840.387185486,610933.616370592,621689.395742851,610890.764677706,0.04883568036,0.02301568036,2020.19795278688,2020.22377278688,9811000
8,5,0.00300316940893037,621689.395742851,610890.764677706,624771.492892243,648135.727762072,0.0518388497689304,0.04883568036,2020.22377278688,2020.22677595629,9811000
8,9,0.00567,621689.395742851,610890.764677706,621728.468208316,611429.386211926,0.05450568036,0.04883568036,2020.22377278688,2020.22944278688,9811000
9,3,6.54098459503677e-05,621728.468208316,611429.386211926,621792.880051492,611433.956638782,0.0545710902059504,0.05450568036,2020.22944278688,2020.22950819673,9811000
9,4,0.0246555737799304,621728.468208316,611429.386211926,626416.272106887,736487.873698069,0.0791612541399304,0.05450568036,2020.22944278688,2020.25409836066,9811000
