node1,node2,length,startLat,startLon,endLat,endLon,endNodeL,startNodeL,startYear,endYear,treeID
6,1,0.0354454071499304,615066.021608755,617070.702055039,615058.731765716,618998.039524492,0.0354454071499304,0,2020.17493710652,2020.21038251367,1171000
6,7,0.02301568036,615066.021608755,617070.702055039,614566.26468317,617071.236601246,0.02301568036,0,2020.17493710652,2020.19795278688,1171000
7,2,0.0506810929099304,614566.26468317,617071.236601246,660946.945641475,543320.356368325,0.0736967732699304,0.02301568036,2020.19795278688,2020.24863387979,1171000
7,8,0.02582,614566.26468317,617071.236601246,620595.680947302,612155.441681436,0.04883568036,0.02301568036,2020.19795278688,2020.22377278688,1171000
8,5,0.00300316940893037,620595.680947302,612155.441681436,624771.492892243,648135.727762072,0.0518388497689304,0.04883568036,2020.22377278688,2020.22677595629,1171000
8,9,0.00567,620595.680947302,612155.441681436,621791.559500084,611443.147297731,0.05450568036,0.04883568036,2020.22377278688,2020.22944278688,1171000
9,3,6.54098459503677e-05,621791.559500084,611443.147297731,621792.880051492,611433.956638782,0.0545710902059504,0.05450568036,2020.22944278688,2020.22950819673,1171000
9,4,0.0246555737799304,621791.559500084,611443.147297731,626416.272106887,736487.873698069,0.0791612541399304,0.05450568036,2020.22944278688,2020.25409836066,1171000
