node1,node2,length,startLat,startLon,endLat,endLon,endNodeL,startNodeL,startYear,endYear,treeID
5,1,0.0330126909998546,653875.685642942,648327.199358005,654774.927123936,650847.418745532,0.0330126909998546,0,2020.19376326528,2020.22677595628,679000
5,6,0.01341393694,653875.685642942,648327.199358005,686345.763583316,706124.306733252,0.01341393694,0,2020.19376326528,2020.20717720222,679000
6,2,0.0223309944998546,686345.763583316,706124.306733252,691482.71461555,710334.860132735,0.0357449314398546,0.01341393694,2020.20717720222,2020.22950819672,679000
6,7,0.009485409083,686345.763583316,706124.306733252,685288.793773887,704379.718647228,0.022899346023,0.01341393694,2020.20717720222,2020.2166626113,679000
7,3,0.0101133449798546,685288.793773887,704379.718647228,672247.746021549,678427.600480799,0.0330126910028546,0.022899346023,2020.2166626113,2020.22677595628,679000
7,4,0.0128455854098546,685288.793773887,704379.718647228,685512.168242078,705009.987339636,0.0357449314328546,0.022899346023,2020.2166626113,2020.22950819671,679000
