node1,node2,length,startLat,startLon,endLat,endLon,endNodeL,startNodeL,startYear,endYear,treeID
5,1,0.0330126909998546,656500.364116131,653551.623113919,654774.927123936,650847.418745532,0.0330126909998546,0,2020.19376326528,2020.22677595628,610000
5,6,0.01341393694,656500.364116131,653551.623113919,656909.843449624,654150.944491284,0.01341393694,0,2020.19376326528,2020.20717720222,610000
6,2,0.0223309944998546,656909.843449624,654150.944491284,691482.71461555,710334.860132735,0.0357449314398546,0.01341393694,2020.20717720222,2020.22950819672,610000
6,7,0.009485409083,656909.843449624,654150.944491284,671974.309934279,677958.865189127,0.022899346023,0.01341393694,2020.20717720222,2020.2166626113,610000
7,3,0.0101133449798546,671974.309934279,677958.865189127,672247.746021549,678427.600480799,0.0330126910028546,0.022899346023,2020.2166626113,2020.22677595628,610000
7,4,0.0128455854098546,671974.309934279,677958.865189127,685512.168242078,705009.987339636,0.0357449314328546,0.022899346023,2020.2166626113,2020.22950819671,610000
