node1,node2,length,startLat,startLon,endLat,endLon,endNodeL,startNodeL,startYear,endYear,treeID
5,1,0.0330126909998546,660748.058560866,660187.120662506,654774.927123936,650847.418745532,0.0330126909998546,0,2020.19376326528,2020.22677595628,102000
5,6,0.01341393694,660748.058560866,660187.120662506,676322.086260409,685799.114012328,0.01341393694,0,2020.19376326528,2020.20717720222,102000
6,2,0.0223309944998546,676322.086260409,685799.114012328,691482.71461555,710334.860132735,0.0357449314398546,0.01341393694,2020.20717720222,2020.22950819672,102000
6,7,0.009485409083,676322.086260409,685799.114012328,679543.182698538,690342.143690678,0.022899346023,0.01341393694,2020.20717720222,2020.2166626113,102000
7,3,0.0101133449798546,679543.182698538,690342.143690678,672247.746021549,678427.600480799,0.0330126910028546,0.022899346023,2020.2166626113,2020.22677595628,102000
7,4,0.0128455854098546,679543.182698538,690342.143690678,685512.168242078,705009.987339636,0.0357449314328546,0.022899346023,2020.2166626113,2020.22950819671,102000
