node1,node2,length,startLat,startLon,endLat,endLon,endNodeL,startNodeL,startYear,endYear,treeID
5,1,0.0330126909998546,653292.84788159,648010.019393872,654774.927123936,650847.418745532,0.0330126909998546,0,2020.19376326528,2020.22677595628,354000
5,6,0.01341393694,653292.84788159,648010.019393872,674645.006825749,682560.805261555,0.01341393694,0,2020.19376326528,2020.20717720222,354000
6,2,0.0223309944998546,674645.006825749,682560.805261555,691482.71461555,710334.860132735,0.0357449314398546,0.01341393694,2020.20717720222,2020.22950819672,354000
6,7,0.009485409083,674645.006825749,682560.805261555,674054.807126064,681506.351526677,0.022899346023,0.01341393694,2020.20717720222,2020.2166626113,354000
7,3,0.0101133449798546,674054.807126064,681506.351526677,672247.746021549,678427.600480799,0.0330126910028546,0.022899346023,2020.2166626113,2020.22677595628,354000
7,4,0.0128455854098546,674054.807126064,681506.351526677,685512.168242078,705009.987339636,0.0357449314328546,0.022899346023,2020.2166626113,2020.22950819671,354000
