node1,node2,length,startLat,startLon,endLat,endLon,endNodeL,startNodeL,startYear,endYear,treeID
6,7,0.000317706554599999,646600.106714607,736095.152656352,647449.625593754,737068.724971338,0.000317706554599999,0,2020.20721102023,2020.20752872678,402000
6,8,0.000317706554599999,646600.106714607,736095.152656352,647449.625593754,737068.724971338,0.000317706554599999,0,2020.20721102023,2020.20752872678,402000
7,1,0.05203411475,647449.625593754,737068.724971338,648949.210202702,734135.589034909,0.0523518213046,0.000317706554599999,2020.20752872678,2020.25956284153,402000
7,2,0.03564067213,647449.625593754,737068.724971338,648800.915535269,742020.662823917,0.0359583786846,0.000317706554599999,2020.20752872678,2020.24316939891,402000
8,3,0.01378274863,647449.625593754,737068.724971338,643773.982234863,736831.556474498,0.0141004551846,0.000317706554599999,2020.20752872678,2020.22131147541,402000
8,9,0.00767900000000001,647449.625593754,737068.724971338,646744.931359734,736227.957697709,0.0079967065546,0.000317706554599999,2020.20752872678,2020.21520772678,402000
9,4,0.02796167213,646744.931359734,736227.957697709,643793.051666392,718956.970261427,0.0359583786846,0.0079967065546,2020.21520772678,2020.24316939891,402000
9,5,0.00337150819699999,646744.931359734,736227.957697709,646973.830197876,735697.836069259,0.0113682147516,0.0079967065546,2020.21520772678,2020.21857923498,402000
