node1,node2,length,startLat,startLon,endLat,endLon,endNodeL,startNodeL,startYear,endYear,treeID
6,7,0.000317706554599999,647629.229728552,735882.606195551,647576.175404142,735819.693119963,0.000317706554599999,0,2020.20721102023,2020.20752872678,921000
6,8,0.000317706554599999,647629.229728552,735882.606195551,647576.175404142,735819.693119963,0.000317706554599999,0,2020.20721102023,2020.20752872678,921000
7,1,0.05203411475,647576.175404142,735819.693119963,648949.210202702,734135.589034909,0.0523518213046,0.000317706554599999,2020.20752872678,2020.25956284153,921000
7,2,0.03564067213,647576.175404142,735819.693119963,648800.915535269,742020.662823917,0.0359583786846,0.000317706554599999,2020.20752872678,2020.24316939891,921000
8,3,0.01378274863,647576.175404142,735819.693119963,643773.982234863,736831.556474498,0.0141004551846,0.000317706554599999,2020.20752872678,2020.22131147541,921000
8,9,0.00767900000000001,647576.175404142,735819.693119963,647094.123415779,736031.892127282,0.0079967065546,0.000317706554599999,2020.20752872678,2020.21520772678,921000
9,4,0.02796167213,647094.123415779,736031.892127282,643793.051666392,718956.970261427,0.0359583786846,0.0079967065546,2020.21520772678,2020.24316939891,921000
9,5,0.00337150819699999,647094.123415779,736031.892127282,646973.830197876,735697.836069259,0.0113682147516,0.0079967065546,2020.21520772678,2020.21857923498,921000
