node1,node2,length,startLat,startLon,endLat,endLon,endNodeL,startNodeL,startYear,endYear,treeID
6,7,0.000317706554599999,646905.032637979,735034.977968252,646846.096809398,735329.288122935,0.000317706554599999,0,2020.20721102023,2020.20752872678,114000
6,8,0.000317706554599999,646905.032637979,735034.977968252,646846.096809398,735329.288122935,0.000317706554599999,0,2020.20721102023,2020.20752872678,114000
7,1,0.05203411475,646846.096809398,735329.288122935,648949.210202702,734135.589034909,0.0523518213046,0.000317706554599999,2020.20752872678,2020.25956284153,114000
7,2,0.03564067213,646846.096809398,735329.288122935,648800.915535269,742020.662823917,0.0359583786846,0.000317706554599999,2020.20752872678,2020.24316939891,114000
8,3,0.01378274863,646846.096809398,735329.288122935,643773.982234863,736831.556474498,0.0141004551846,0.000317706554599999,2020.20752872678,2020.22131147541,114000
8,9,0.00767900000000001,646846.096809398,735329.288122935,647122.114495755,735281.514683886,0.0079967065546,0.000317706554599999,2020.20752872678,2020.21520772678,114000
9,4,0.02796167213,647122.114495755,735281.514683886,643793.051666392,718956.970261427,0.0359583786846,0.0079967065546,2020.21520772678,2020.24316939891,114000
9,5,0.00337150819699999,647122.114495755,735281.514683886,646973.830197876,735697.836069259,0.0113682147516,0.0079967065546,2020.21520772678,2020.21857923498,114000
