node1,node2,length,startLat,startLon,endLat,endLon,endNodeL,startNodeL,startYear,endYear,treeID
4,1,0.04104446995,690837.773406333,682200.706214439,693563.379941614,684811.158801331,0.04104446995,0,2020.18846372677,2020.22950819672,754000
4,5,0.01893,690837.773406333,682200.706214439,685188.179762965,677086.08347085,0.01893,0,2020.18846372677,2020.20739372677,754000
5,2,0.02211446995,685188.179762965,677086.08347085,679541.416840451,650420.731303655,0.04104446995,0.01893,2020.20739372677,2020.22950819672,754000
5,3,0.02211446995,685188.179762965,677086.08347085,681726.767181232,687595.19362753,0.04104446995,0.01893,2020.20739372677,2020.22950819672,754000
