node1,node2,length,startLat,startLon,endLat,endLon,endNodeL,startNodeL,startYear,endYear,treeID
4,1,0.04104446995,687832.917349788,684978.286284985,693563.379941614,684811.158801331,0.04104446995,0,2020.18846372677,2020.22950819672,456000
4,5,0.01893,687832.917349788,684978.286284985,681448.675934628,687527.763842618,0.01893,0,2020.18846372677,2020.20739372677,456000
5,2,0.02211446995,681448.675934628,687527.763842618,679541.416840451,650420.731303655,0.04104446995,0.01893,2020.20739372677,2020.22950819672,456000
5,3,0.02211446995,681448.675934628,687527.763842618,681726.767181232,687595.19362753,0.04104446995,0.01893,2020.20739372677,2020.22950819672,456000
