node1,node2,length,startLat,startLon,endLat,endLon,endNodeL,startNodeL,startYear,endYear,treeID
4,1,0.04104446995,693120.788509124,683142.373512558,693563.379941614,684811.158801331,0.04104446995,0,2020.18846372677,2020.22950819672,825000
4,5,0.01893,693120.788509124,683142.373512558,679605.491441694,650814.109781342,0.01893,0,2020.18846372677,2020.20739372677,825000
5,2,0.02211446995,679605.491441694,650814.109781342,679541.416840451,650420.731303655,0.04104446995,0.01893,2020.20739372677,2020.22950819672,825000
5,3,0.02211446995,679605.491441694,650814.109781342,681726.767181232,687595.19362753,0.04104446995,0.01893,2020.20739372677,2020.22950819672,825000
