node1,node2,length,startLat,startLon,endLat,endLon,endNodeL,startNodeL,startYear,endYear,treeID
4,1,0.04104446995,690527.228489666,680179.177752921,693563.379941614,684811.158801331,0.04104446995,0,2020.18846372677,2020.22950819672,792000
4,5,0.01893,690527.228489666,680179.177752921,690610.195055006,680170.652484271,0.01893,0,2020.18846372677,2020.20739372677,792000
5,2,0.02211446995,690610.195055006,680170.652484271,679541.416840451,650420.731303655,0.04104446995,0.01893,2020.20739372677,2020.22950819672,792000
5,3,0.02211446995,690610.195055006,680170.652484271,681726.767181232,687595.19362753,0.04104446995,0.01893,2020.20739372677,2020.22950819672,792000
