node1,node2,length,startLat,startLon,endLat,endLon,endNodeL,startNodeL,startYear,endYear,treeID
4,1,0.04104446995,693915.117440931,685424.375839502,693563.379941614,684811.158801331,0.04104446995,0,2020.18846372677,2020.22950819672,655000
4,5,0.01893,693915.117440931,685424.375839502,680217.102765232,651870.689005527,0.01893,0,2020.18846372677,2020.20739372677,655000
5,2,0.02211446995,680217.102765232,651870.689005527,679541.416840451,650420.731303655,0.04104446995,0.01893,2020.20739372677,2020.22950819672,655000
5,3,0.02211446995,680217.102765232,651870.689005527,681726.767181232,687595.19362753,0.04104446995,0.01893,2020.20739372677,2020.22950819672,655000
