node1,node2,length,startLat,startLon,endLat,endLon,endNodeL,startNodeL,startYear,endYear,treeID
6,1,0.000100000000000003,650736.336252875,627486.499457,655448.378817965,603314.019748336,0.000100000000000003,0,2020.18569234973,2020.18579234973,3007000
6,7,9.10000000000008e-05,650736.336252875,627486.499457,650631.92609272,627566.013178619,9.10000000000008e-05,0,2020.18569234973,2020.18578334973,3007000
7,8,0.02703,650631.92609272,627566.013178619,650765.689182904,627728.49989965,0.027121,9.10000000000008e-05,2020.18578334973,2020.21281334973,3007000
7,9,0.04098,650631.92609272,627566.013178619,642864.516944945,627046.891495732,0.041071,9.10000000000008e-05,2020.18578334973,2020.22676334973,3007000
8,2,0.0139628087400222,650765.689182904,627728.49989965,650595.203176267,627905.139330652,0.0410838087400222,0.027121,2020.21281334973,2020.22677615847,3007000
8,3,0.0166948087400222,650765.689182904,627728.49989965,672237.206252723,685806.072788257,0.0438158087400222,0.027121,2020.21281334973,2020.22950815847,3007000
9,4,1.28087400221993e-05,642864.516944945,627046.891495732,642869.616480675,627093.998248415,0.0410838087400222,0.041071,2020.22676334973,2020.22677615847,3007000
9,5,0.0136738087400222,642864.516944945,627046.891495732,644363.391907129,611800.553446399,0.0547448087400222,0.041071,2020.22676334973,2020.24043715847,3007000
