node1,node2,length,startLat,startLon,endLat,endLon,endNodeL,startNodeL,startYear,endYear,treeID
6,1,0.000100000000000003,655433.966826578,603435.56036893,655448.378817965,603314.019748336,0.000100000000000003,0,2020.18569234973,2020.18579234973,4618000
6,7,9.10000000000008e-05,655433.966826578,603435.56036893,655435.29536878,603488.844790647,9.10000000000008e-05,0,2020.18569234973,2020.18578334973,4618000
7,8,0.02703,655435.29536878,603488.844790647,649883.889041681,632805.345060019,0.027121,9.10000000000008e-05,2020.18578334973,2020.21281334973,4618000
7,9,0.04098,655435.29536878,603488.844790647,642908.406641109,626939.511072245,0.041071,9.10000000000008e-05,2020.18578334973,2020.22676334973,4618000
8,2,0.0139628087400222,649883.889041681,632805.345060019,650595.203176267,627905.139330652,0.0410838087400222,0.027121,2020.21281334973,2020.22677615847,4618000
8,3,0.0166948087400222,649883.889041681,632805.345060019,672237.206252723,685806.072788257,0.0438158087400222,0.027121,2020.21281334973,2020.22950815847,4618000
9,4,1.28087400221993e-05,642908.406641109,626939.511072245,642869.616480675,627093.998248415,0.0410838087400222,0.041071,2020.22676334973,2020.22677615847,4618000
9,5,0.0136738087400222,642908.406641109,626939.511072245,644363.391907129,611800.553446399,0.0547448087400222,0.041071,2020.22676334973,2020.24043715847,4618000
