node1,node2,length,startLat,startLon,endLat,endLon,endNodeL,startNodeL,startYear,endYear,treeID
6,1,0.000100000000000003,650595.889476998,628527.83706087,655448.378817965,603314.019748336,0.000100000000000003,0,2020.18569234973,2020.18579234973,5941000
6,7,9.10000000000008e-05,650595.889476998,628527.83706087,650610.436595698,628506.896785821,9.10000000000008e-05,0,2020.18569234973,2020.18578334973,5941000
7,8,0.02703,650610.436595698,628506.896785821,650642.925786637,627821.367252495,0.027121,9.10000000000008e-05,2020.18578334973,2020.21281334973,5941000
7,9,0.04098,650610.436595698,628506.896785821,642869.976662083,627089.525999483,0.041071,9.10000000000008e-05,2020.18578334973,2020.22676334973,5941000
8,2,0.0139628087400222,650642.925786637,627821.367252495,650595.203176267,627905.139330652,0.0410838087400222,0.027121,2020.21281334973,2020.22677615847,5941000
8,3,0.0166948087400222,650642.925786637,627821.367252495,672237.206252723,685806.072788257,0.0438158087400222,0.027121,2020.21281334973,2020.22950815847,5941000
9,4,1.28087400221993e-05,642869.976662083,627089.525999483,642869.616480675,627093.998248415,0.0410838087400222,0.041071,2020.22676334973,2020.22677615847,5941000
9,5,0.0136738087400222,642869.976662083,627089.525999483,644363.391907129,611800.553446399,0.0547448087400222,0.041071,2020.22676334973,2020.24043715847,5941000
