node1,node2,length,startLat,startLon,endLat,endLon,endNodeL,startNodeL,startYear,endYear,treeID
6,1,0.000100000000000003,649981.250338916,628728.810717452,655448.378817965,603314.019748336,0.000100000000000003,0,2020.18569234973,2020.18579234973,1963000
6,7,9.10000000000008e-05,649981.250338916,628728.810717452,649942.205739904,628681.960583882,9.10000000000008e-05,0,2020.18569234973,2020.18578334973,1963000
7,8,0.02703,649942.205739904,628681.960583882,650009.942825966,628942.733710575,0.027121,9.10000000000008e-05,2020.18578334973,2020.21281334973,1963000
7,9,0.04098,649942.205739904,628681.960583882,642858.23685684,627081.415143567,0.041071,9.10000000000008e-05,2020.18578334973,2020.22676334973,1963000
8,2,0.0139628087400222,650009.942825966,628942.733710575,650595.203176267,627905.139330652,0.0410838087400222,0.027121,2020.21281334973,2020.22677615847,1963000
8,3,0.0166948087400222,650009.942825966,628942.733710575,672237.206252723,685806.072788257,0.0438158087400222,0.027121,2020.21281334973,2020.22950815847,1963000
9,4,1.28087400221993e-05,642858.23685684,627081.415143567,642869.616480675,627093.998248415,0.0410838087400222,0.041071,2020.22676334973,2020.22677615847,1963000
9,5,0.0136738087400222,642858.23685684,627081.415143567,644363.391907129,611800.553446399,0.0547448087400222,0.041071,2020.22676334973,2020.24043715847,1963000
