node1,node2,length,startLat,startLon,endLat,endLon,endNodeL,startNodeL,startYear,endYear,treeID
6,1,0.000100000000000003,655441.769607716,603394.587426956,655448.378817965,603314.019748336,0.000100000000000003,0,2020.18569234973,2020.18579234973,9658000
6,7,9.10000000000008e-05,655441.769607716,603394.587426956,655463.300126401,603758.022036389,9.10000000000008e-05,0,2020.18569234973,2020.18578334973,9658000
7,8,0.02703,655463.300126401,603758.022036389,649928.11289783,628562.817634189,0.027121,9.10000000000008e-05,2020.18578334973,2020.21281334973,9658000
7,9,0.04098,655463.300126401,603758.022036389,642859.593424084,627073.987598017,0.041071,9.10000000000008e-05,2020.18578334973,2020.22676334973,9658000
8,2,0.0139628087400222,649928.11289783,628562.817634189,650595.203176267,627905.139330652,0.0410838087400222,0.027121,2020.21281334973,2020.22677615847,9658000
8,3,0.0166948087400222,649928.11289783,628562.817634189,672237.206252723,685806.072788257,0.0438158087400222,0.027121,2020.21281334973,2020.22950815847,9658000
9,4,1.28087400221993e-05,642859.593424084,627073.987598017,642869.616480675,627093.998248415,0.0410838087400222,0.041071,2020.22676334973,2020.22677615847,9658000
9,5,0.0136738087400222,642859.593424084,627073.987598017,644363.391907129,611800.553446399,0.0547448087400222,0.041071,2020.22676334973,2020.24043715847,9658000
