node1,node2,length,startLat,startLon,endLat,endLon,endNodeL,startNodeL,startYear,endYear,treeID
6,1,0.000100000000000003,655441.377851013,603274.822728659,655448.378817965,603314.019748336,0.000100000000000003,0,2020.18569234973,2020.18579234973,1495000
6,7,9.10000000000008e-05,655441.377851013,603274.822728659,654493.991585288,608156.84719962,9.10000000000008e-05,0,2020.18569234973,2020.18578334973,1495000
7,8,0.02703,654493.991585288,608156.84719962,654675.759074246,607043.698144282,0.027121,9.10000000000008e-05,2020.18578334973,2020.21281334973,1495000
7,9,0.04098,654493.991585288,608156.84719962,642865.089938074,627111.476328922,0.041071,9.10000000000008e-05,2020.18578334973,2020.22676334973,1495000
8,2,0.0139628087400222,654675.759074246,607043.698144282,650595.203176267,627905.139330652,0.0410838087400222,0.027121,2020.21281334973,2020.22677615847,1495000
8,3,0.0166948087400222,654675.759074246,607043.698144282,672237.206252723,685806.072788257,0.0438158087400222,0.027121,2020.21281334973,2020.22950815847,1495000
9,4,1.28087400221993e-05,642865.089938074,627111.476328922,642869.616480675,627093.998248415,0.0410838087400222,0.041071,2020.22676334973,2020.22677615847,1495000
9,5,0.0136738087400222,642865.089938074,627111.476328922,644363.391907129,611800.553446399,0.0547448087400222,0.041071,2020.22676334973,2020.24043715847,1495000
