node1,node2,length,startLat,startLon,endLat,endLon,endNodeL,startNodeL,startYear,endYear,treeID
6,1,0.000100000000000003,655446.316821152,603387.223457657,655448.378817965,603314.019748336,0.000100000000000003,0,2020.18569234973,2020.18579234973,8020000
6,7,9.10000000000008e-05,655446.316821152,603387.223457657,648902.152360446,624850.050929882,9.10000000000008e-05,0,2020.18569234973,2020.18578334973,8020000
7,8,0.02703,648902.152360446,624850.050929882,648605.269347084,625670.077326042,0.027121,9.10000000000008e-05,2020.18578334973,2020.21281334973,8020000
7,9,0.04098,648902.152360446,624850.050929882,642888.761466058,627091.745745739,0.041071,9.10000000000008e-05,2020.18578334973,2020.22676334973,8020000
8,2,0.0139628087400222,648605.269347084,625670.077326042,650595.203176267,627905.139330652,0.0410838087400222,0.027121,2020.21281334973,2020.22677615847,8020000
8,3,0.0166948087400222,648605.269347084,625670.077326042,672237.206252723,685806.072788257,0.0438158087400222,0.027121,2020.21281334973,2020.22950815847,8020000
9,4,1.28087400221993e-05,642888.761466058,627091.745745739,642869.616480675,627093.998248415,0.0410838087400222,0.041071,2020.22676334973,2020.22677615847,8020000
9,5,0.0136738087400222,642888.761466058,627091.745745739,644363.391907129,611800.553446399,0.0547448087400222,0.041071,2020.22676334973,2020.24043715847,8020000
