node1,node2,length,startLat,startLon,endLat,endLon,endNodeL,startNodeL,startYear,endYear,treeID
6,7,0.00244,681192.228357946,677170.057716089,681007.128114287,677055.830053944,0.00244,0,2020.22156271585,2020.22400271585,38615000
6,8,0.00546,681192.228357946,677170.057716089,692648.405869662,685932.692814239,0.00546,0,2020.22156271585,2020.22702271585,38615000
7,1,4.09999999999994e-05,681007.128114287,677055.830053944,705046.906303553,648572.717890105,0.002481,0.00244,2020.22400271585,2020.22404371585,38615000
7,2,0.00277268305988316,681007.128114287,677055.830053944,665975.562516932,661043.249116965,0.00521268305988316,0.00244,2020.22400271585,2020.22677539891,38615000
8,3,0.00248468305988316,692648.405869662,685932.692814239,692747.617948766,686128.305070733,0.00794468305988316,0.00546,2020.22702271585,2020.22950739891,38615000
8,9,0.01337,692648.405869662,685932.692814239,677138.330345943,673737.735943123,0.01883,0.00546,2020.22702271585,2020.24039271585,38615000
9,4,0.00277668305988316,677138.330345943,673737.735943123,712666.037269849,662439.682957455,0.0216066830598832,0.01883,2020.24039271585,2020.24316939891,38615000
9,5,4.36830598831567e-05,677138.330345943,673737.735943123,676909.563494759,673541.779546036,0.0188736830598832,0.01883,2020.24039271585,2020.24043639891,38615000
