node1,node2,length,startLat,startLon,endLat,endLon,endNodeL,startNodeL,startYear,endYear,treeID
4,1,0.06355106303,649731.659569236,738344.98204334,647651.638627391,738703.982587424,0.06355106303,0,2020.19054729763,2020.25409836066,226000
4,5,0.02250802288,649731.659569236,738344.98204334,649502.721341717,737087.679283544,0.02250802288,0,2020.19054729763,2020.21305532051,226000
5,2,0.03284631883,649502.721341717,737087.679283544,651822.676269524,740284.92612456,0.05535434171,0.02250802288,2020.21305532051,2020.24590163934,226000
5,3,5.94335850300012e-05,649502.721341717,737087.679283544,649489.811794095,737075.165257253,0.02256745646503,0.02250802288,2020.21305532051,2020.21311475409,226000
