node1,node2,length,startLat,startLon,endLat,endLon,endNodeL,startNodeL,startYear,endYear,treeID
6,7,0.00244,667516.561104057,662571.351220375,667035.205567243,662144.501204819,0.00244,0,2020.22156271585,2020.22400271585,35645000
6,8,0.00546,667516.561104057,662571.351220375,667428.630230073,662481.620989716,0.00546,0,2020.22156271585,2020.22702271585,35645000
7,1,4.09999999999994e-05,667035.205567243,662144.501204819,705046.906303553,648572.717890105,0.002481,0.00244,2020.22400271585,2020.22404371585,35645000
7,2,0.00277268305988316,667035.205567243,662144.501204819,665975.562516932,661043.249116965,0.00521268305988316,0.00244,2020.22400271585,2020.22677539891,35645000
8,3,0.00248468305988316,667428.630230073,662481.620989716,692747.617948766,686128.305070733,0.00794468305988316,0.00546,2020.22702271585,2020.22950739891,35645000
8,9,0.01337,667428.630230073,662481.620989716,677088.11680883,673696.94870663,0.01883,0.00546,2020.22702271585,2020.24039271585,35645000
9,4,0.00277668305988316,677088.11680883,673696.94870663,712666.037269849,662439.682957455,0.0216066830598832,0.01883,2020.24039271585,2020.24316939891,35645000
9,5,4.36830598831567e-05,677088.11680883,673696.94870663,676909.563494759,673541.779546036,0.0188736830598832,0.01883,2020.24039271585,2020.24043639891,35645000
