node1,node2,length,startLat,startLon,endLat,endLon,endNodeL,startNodeL,startYear,endYear,treeID
4,1,0.06355106303,647489.471475735,738541.732917045,647651.638627391,738703.982587424,0.06355106303,0,2020.19054729763,2020.25409836066,155000
4,5,0.02250802288,647489.471475735,738541.732917045,649492.594325447,737080.63665692,0.02250802288,0,2020.19054729763,2020.21305532051,155000
5,2,0.03284631883,649492.594325447,737080.63665692,651822.676269524,740284.92612456,0.05535434171,0.02250802288,2020.21305532051,2020.24590163934,155000
5,3,5.94335850300012e-05,649492.594325447,737080.63665692,649489.811794095,737075.165257253,0.02256745646503,0.02250802288,2020.21305532051,2020.21311475409,155000
