node1,node2,length,startLat,startLon,endLat,endLon,endNodeL,startNodeL,startYear,endYear,treeID
4,1,0.06355106303,650428.39934495,738236.006410505,647651.638627391,738703.982587424,0.06355106303,0,2020.19054729763,2020.25409836066,879000
4,5,0.02250802288,650428.39934495,738236.006410505,649467.211355396,737060.667120042,0.02250802288,0,2020.19054729763,2020.21305532051,879000
5,2,0.03284631883,649467.211355396,737060.667120042,651822.676269524,740284.92612456,0.05535434171,0.02250802288,2020.21305532051,2020.24590163934,879000
5,3,5.94335850300012e-05,649467.211355396,737060.667120042,649489.811794095,737075.165257253,0.02256745646503,0.02250802288,2020.21305532051,2020.21311475409,879000
