node1,node2,length,startLat,startLon,endLat,endLon,endNodeL,startNodeL,startYear,endYear,treeID
6,7,0.00244,704916.667879406,648684.960204014,705108.439995782,648580.988887015,0.00244,0,2020.22156271585,2020.22400271585,7565000
6,8,0.00546,704916.667879406,648684.960204014,678487.559974071,664099.224759128,0.00546,0,2020.22156271585,2020.22702271585,7565000
7,1,4.09999999999994e-05,705108.439995782,648580.988887015,705046.906303553,648572.717890105,0.002481,0.00244,2020.22400271585,2020.22404371585,7565000
7,2,0.00277268305988316,705108.439995782,648580.988887015,665975.562516932,661043.249116965,0.00521268305988316,0.00244,2020.22400271585,2020.22677539891,7565000
8,3,0.00248468305988316,678487.559974071,664099.224759128,692747.617948766,686128.305070733,0.00794468305988316,0.00546,2020.22702271585,2020.22950739891,7565000
8,9,0.01337,678487.559974071,664099.224759128,676931.533819337,673544.246211733,0.01883,0.00546,2020.22702271585,2020.24039271585,7565000
9,4,0.00277668305988316,676931.533819337,673544.246211733,712666.037269849,662439.682957455,0.0216066830598832,0.01883,2020.24039271585,2020.24316939891,7565000
9,5,4.36830598831567e-05,676931.533819337,673544.246211733,676909.563494759,673541.779546036,0.0188736830598832,0.01883,2020.24039271585,2020.24043639891,7565000
