node1,node2,length,startLat,startLon,endLat,endLon,endNodeL,startNodeL,startYear,endYear,treeID
6,7,0.00244,692097.733606687,685483.727039063,692040.512394489,685390.79237334,0.00244,0,2020.22156271585,2020.22400271585,20480000
6,8,0.00546,692097.733606687,685483.727039063,692136.265010519,685570.24568333,0.00546,0,2020.22156271585,2020.22702271585,20480000
7,1,4.09999999999994e-05,692040.512394489,685390.79237334,705046.906303553,648572.717890105,0.002481,0.00244,2020.22400271585,2020.22404371585,20480000
7,2,0.00277268305988316,692040.512394489,685390.79237334,665975.562516932,661043.249116965,0.00521268305988316,0.00244,2020.22400271585,2020.22677539891,20480000
8,3,0.00248468305988316,692136.265010519,685570.24568333,692747.617948766,686128.305070733,0.00794468305988316,0.00546,2020.22702271585,2020.22950739891,20480000
8,9,0.01337,692136.265010519,685570.24568333,676722.803433561,673349.617048413,0.01883,0.00546,2020.22702271585,2020.24039271585,20480000
9,4,0.00277668305988316,676722.803433561,673349.617048413,712666.037269849,662439.682957455,0.0216066830598832,0.01883,2020.24039271585,2020.24316939891,20480000
9,5,4.36830598831567e-05,676722.803433561,673349.617048413,676909.563494759,673541.779546036,0.0188736830598832,0.01883,2020.24039271585,2020.24043639891,20480000
