node1,node2,length,startLat,startLon,endLat,endLon,endNodeL,startNodeL,startYear,endYear,treeID
6,7,0.00244,664999.519854592,660406.282987562,664968.870019677,660332.913502896,0.00244,0,2020.22156271585,2020.22400271585,13100000
6,8,0.00546,664999.519854592,660406.282987562,692776.458589002,686130.044134722,0.00546,0,2020.22156271585,2020.22702271585,13100000
7,1,4.09999999999994e-05,664968.870019677,660332.913502896,705046.906303553,648572.717890105,0.002481,0.00244,2020.22400271585,2020.22404371585,13100000
7,2,0.00277268305988316,664968.870019677,660332.913502896,665975.562516932,661043.249116965,0.00521268305988316,0.00244,2020.22400271585,2020.22677539891,13100000
8,3,0.00248468305988316,692776.458589002,686130.044134722,692747.617948766,686128.305070733,0.00794468305988316,0.00546,2020.22702271585,2020.22950739891,13100000
8,9,0.01337,692776.458589002,686130.044134722,676754.056730238,673431.499854786,0.01883,0.00546,2020.22702271585,2020.24039271585,13100000
9,4,0.00277668305988316,676754.056730238,673431.499854786,712666.037269849,662439.682957455,0.0216066830598832,0.01883,2020.24039271585,2020.24316939891,13100000
9,5,4.36830598831567e-05,676754.056730238,673431.499854786,676909.563494759,673541.779546036,0.0188736830598832,0.01883,2020.24039271585,2020.24043639891,13100000
