node1,node2,length,startLat,startLon,endLat,endLon,endNodeL,startNodeL,startYear,endYear,treeID
4,1,1.09999999999971e-05,666665.989878827,651040.023781757,666654.530680034,651053.553820476,1.09999999999971e-05,0,2020.17485238798,2020.17486338798,6418000
4,5,0.05737,666665.989878827,651040.023781757,617901.635353413,662532.130341052,0.05737,0,2020.17485238798,2020.23222238798,6418000
5,2,1.82896199588667e-05,617901.635353413,662532.130341052,617895.120952968,662548.652639354,0.0573882896199589,0.05737,2020.23222238798,2020.2322406776,6418000
5,3,0.00275028961995887,617901.635353413,662532.130341052,620864.117122837,658364.088003937,0.0601202896199589,0.05737,2020.23222238798,2020.2349726776,6418000
