node1,node2,length,startLat,startLon,endLat,endLon,endNodeL,startNodeL,startYear,endYear,treeID
4,1,1.09999999999971e-05,666649.028165339,651054.359881366,666654.530680034,651053.553820476,1.09999999999971e-05,0,2020.17485238798,2020.17486338798,3916000
4,5,0.05737,666649.028165339,651054.359881366,617808.521671503,662330.85524181,0.05737,0,2020.17485238798,2020.23222238798,3916000
5,2,1.82896199588667e-05,617808.521671503,662330.85524181,617895.120952968,662548.652639354,0.0573882896199589,0.05737,2020.23222238798,2020.2322406776,3916000
5,3,0.00275028961995887,617808.521671503,662330.85524181,620864.117122837,658364.088003937,0.0601202896199589,0.05737,2020.23222238798,2020.2349726776,3916000
