node1,node2,length,startLat,startLon,endLat,endLon,endNodeL,startNodeL,startYear,endYear,treeID
5,4,0.071509144742933,650647.305067582,687614.378251894,639931.353178946,735344.055619211,0.071509144742933,0,2020.19078593723,2020.26229508197,1648000
5,6,0.000166849652900009,650647.305067582,687614.378251894,650654.293573491,687594.664732955,0.000166849652900009,0,2020.19078593723,2020.19095278688,1648000
6,1,0.054948852472933,650654.293573491,687594.664732955,651764.486936325,748636.376127555,0.055115702125833,0.000166849652900009,2020.19095278688,2020.24590163935,1648000
6,7,0.03305,650654.293573491,687594.664732955,651711.245175558,658263.900577112,0.0332168496529,0.000166849652900009,2020.19095278688,2020.22400278688,1648000
7,2,4.09289747029529e-05,651711.245175558,658263.900577112,651715.87960773,658449.708427843,0.033257778627603,0.0332168496529,2020.22400278688,2020.22404371585,1648000
7,3,4.09289747029529e-05,651711.245175558,658263.900577112,652071.290400854,640411.931794418,0.033257778627603,0.0332168496529,2020.22400278688,2020.22404371585,1648000
