node1,node2,length,startLat,startLon,endLat,endLon,endNodeL,startNodeL,startYear,endYear,treeID
5,4,0.071509144742933,640110.698338783,735737.517934914,639931.353178946,735344.055619211,0.071509144742933,0,2020.19078593723,2020.26229508197,3700000
5,6,0.000166849652900009,640110.698338783,735737.517934914,640127.889844026,735755.532176497,0.000166849652900009,0,2020.19078593723,2020.19095278688,3700000
6,1,0.054948852472933,640127.889844026,735755.532176497,651764.486936325,748636.376127555,0.055115702125833,0.000166849652900009,2020.19095278688,2020.24590163935,3700000
6,7,0.03305,640127.889844026,735755.532176497,651713.15484955,658447.695633695,0.0332168496529,0.000166849652900009,2020.19095278688,2020.22400278688,3700000
7,2,4.09289747029529e-05,651713.15484955,658447.695633695,651715.87960773,658449.708427843,0.033257778627603,0.0332168496529,2020.22400278688,2020.22404371585,3700000
7,3,4.09289747029529e-05,651713.15484955,658447.695633695,652071.290400854,640411.931794418,0.033257778627603,0.0332168496529,2020.22400278688,2020.22404371585,3700000
