node1,node2,length,startLat,startLon,endLat,endLon,endNodeL,startNodeL,startYear,endYear,treeID
4,1,0.04104735051,693216.528262127,684361.812308103,693563.379941614,684811.158801331,0.04104735051,0,2020.18846084621,2020.22950819672,687000
4,5,0.01892981204,693216.528262127,684361.812308103,693062.466769178,684354.525368268,0.01892981204,0,2020.18846084621,2020.20739065825,687000
5,2,0.02211753846,693062.466769178,684354.525368268,679541.416840451,650420.731303655,0.0410473505,0.01892981204,2020.20739065825,2020.22950819671,687000
5,3,0.02211753846,693062.466769178,684354.525368268,681726.767181232,687595.19362753,0.0410473505,0.01892981204,2020.20739065825,2020.22950819671,687000
