node1,node2,length,startLat,startLon,endLat,endLon,endNodeL,startNodeL,startYear,endYear,treeID
4,1,0.04104735051,686320.137955609,665477.836841233,693563.379941614,684811.158801331,0.04104735051,0,2020.18846084621,2020.22950819672,968000
4,5,0.01892981204,686320.137955609,665477.836841233,686473.090532684,665945.63671112,0.01892981204,0,2020.18846084621,2020.20739065825,968000
5,2,0.02211753846,686473.090532684,665945.63671112,679541.416840451,650420.731303655,0.0410473505,0.01892981204,2020.20739065825,2020.22950819671,968000
5,3,0.02211753846,686473.090532684,665945.63671112,681726.767181232,687595.19362753,0.0410473505,0.01892981204,2020.20739065825,2020.22950819671,968000
