node1,node2,length,startLat,startLon,endLat,endLon,endNodeL,startNodeL,startYear,endYear,treeID
9,13,0.04146947287,650165.904147659,716305.100763,621523.951933469,659810.186255254,0.04146947287,0,2020.12969331402,2020.17116278689,8668000
9,10,8.94728730100047e-05,650165.904147659,716305.100763,650146.663767585,716351.207422005,8.94728730100047e-05,0,2020.12969331402,2020.12978278689,8668000
10,12,0.05323,650146.663767585,716351.207422005,655286.495374488,736795.272076352,0.05331947287301,8.94728730100047e-05,2020.12978278689,2020.18301278689,8668000
10,11,0.04503,650146.663767585,716351.207422005,646257.172994925,745783.086350189,0.04511947287301,8.94728730100047e-05,2020.12978278689,2020.17481278689,8668000
11,1,0.0027828415299874,646257.172994925,745783.086350189,642110.17125071,730739.32688752,0.0479023144029974,0.04511947287301,2020.17481278689,2020.17759562842,8668000
11,2,5.0601092807398e-05,646257.172994925,745783.086350189,646320.402813961,746031.252363677,0.0451700739658174,0.04511947287301,2020.17481278689,2020.17486338798,8668000
12,3,4.73224044073711e-05,655286.495374488,736795.272076352,655274.713994761,736722.845535492,0.0533667952774174,0.05331947287301,2020.18301278689,2020.18306010929,8668000
12,4,0.0710855737699874,655286.495374488,736795.272076352,650537.681094178,739605.170511924,0.124405046642997,0.05331947287301,2020.18301278689,2020.25409836066,8668000
13,5,0.000968360655687395,621523.951933469,659810.186255254,617874.384790742,649526.811243777,0.0424378335256874,0.04146947287,2020.17116278689,2020.17213114754,8668000
13,14,0.00294,621523.951933469,659810.186255254,621458.501253519,659626.19433199,0.04440947287,0.04146947287,2020.17116278689,2020.17410278689,8668000
14,6,0.0034928415299874,621458.501253519,659626.19433199,635726.318087376,720088.142695948,0.0479023143999874,0.04440947287,2020.17410278689,2020.17759562842,8668000
14,15,0.00201000000000001,621458.501253519,659626.19433199,621832.503359279,659508.879932532,0.04641947287,0.04440947287,2020.17410278689,2020.17611278689,8668000
15,7,0.00148284152998739,621832.503359279,659508.879932532,650940.949947116,759330.114357929,0.0479023143999874,0.04641947287,2020.17611278689,2020.17759562842,8668000
15,8,0.0506631693999874,621832.503359279,659508.879932532,619704.484444869,649655.176271421,0.0970826422699874,0.04641947287,2020.17611278689,2020.22677595629,8668000
