node1,node2,length,startLat,startLon,endLat,endLon,endNodeL,startNodeL,startYear,endYear,treeID
9,13,0.04146947287,648660.616924515,755455.073831092,619997.511685355,650300.798300075,0.04146947287,0,2020.12969331402,2020.17116278689,8965000
9,10,8.94728730100047e-05,648660.616924515,755455.073831092,648525.570411656,754916.336641256,8.94728730100047e-05,0,2020.12969331402,2020.12978278689,8965000
10,12,0.05323,648525.570411656,754916.336641256,655140.001330866,736249.865622178,0.05331947287301,8.94728730100047e-05,2020.12978278689,2020.18301278689,8965000
10,11,0.04503,648525.570411656,754916.336641256,646441.733280279,746515.047304803,0.04511947287301,8.94728730100047e-05,2020.12978278689,2020.17481278689,8965000
11,1,0.0027828415299874,646441.733280279,746515.047304803,642110.17125071,730739.32688752,0.0479023144029974,0.04511947287301,2020.17481278689,2020.17759562842,8965000
11,2,5.0601092807398e-05,646441.733280279,746515.047304803,646320.402813961,746031.252363677,0.0451700739658174,0.04511947287301,2020.17481278689,2020.17486338798,8965000
12,3,4.73224044073711e-05,655140.001330866,736249.865622178,655274.713994761,736722.845535492,0.0533667952774174,0.05331947287301,2020.18301278689,2020.18306010929,8965000
12,4,0.0710855737699874,655140.001330866,736249.865622178,650537.681094178,739605.170511924,0.124405046642997,0.05331947287301,2020.18301278689,2020.25409836066,8965000
13,5,0.000968360655687395,619997.511685355,650300.798300075,617874.384790742,649526.811243777,0.0424378335256874,0.04146947287,2020.17116278689,2020.17213114754,8965000
13,14,0.00294,619997.511685355,650300.798300075,620346.92371097,651436.293194711,0.04440947287,0.04146947287,2020.17116278689,2020.17410278689,8965000
14,6,0.0034928415299874,620346.92371097,651436.293194711,635726.318087376,720088.142695948,0.0479023143999874,0.04440947287,2020.17410278689,2020.17759562842,8965000
14,15,0.00201000000000001,620346.92371097,651436.293194711,619021.001711167,646831.907369925,0.04641947287,0.04440947287,2020.17410278689,2020.17611278689,8965000
15,7,0.00148284152998739,619021.001711167,646831.907369925,650940.949947116,759330.114357929,0.0479023143999874,0.04641947287,2020.17611278689,2020.17759562842,8965000
15,8,0.0506631693999874,619021.001711167,646831.907369925,619704.484444869,649655.176271421,0.0970826422699874,0.04641947287,2020.17611278689,2020.22677595629,8965000
