node1,node2,length,startLat,startLon,endLat,endLon,endNodeL,startNodeL,startYear,endYear,treeID
9,13,0.04146947287,635926.525214679,704584.84156451,617944.046775926,648449.774343062,0.04146947287,0,2020.12969331402,2020.17116278689,5653000
9,10,8.94728730100047e-05,635926.525214679,704584.84156451,634851.760438314,701851.656069957,8.94728730100047e-05,0,2020.12969331402,2020.12978278689,5653000
10,12,0.05323,634851.760438314,701851.656069957,655341.139858148,737024.725014498,0.05331947287301,8.94728730100047e-05,2020.12978278689,2020.18301278689,5653000
10,11,0.04503,634851.760438314,701851.656069957,640800.55497058,725998.022889912,0.04511947287301,8.94728730100047e-05,2020.12978278689,2020.17481278689,5653000
11,1,0.0027828415299874,640800.55497058,725998.022889912,642110.17125071,730739.32688752,0.0479023144029974,0.04511947287301,2020.17481278689,2020.17759562842,5653000
11,2,5.0601092807398e-05,640800.55497058,725998.022889912,646320.402813961,746031.252363677,0.0451700739658174,0.04511947287301,2020.17481278689,2020.17486338798,5653000
12,3,4.73224044073711e-05,655341.139858148,737024.725014498,655274.713994761,736722.845535492,0.0533667952774174,0.05331947287301,2020.18301278689,2020.18306010929,5653000
12,4,0.0710855737699874,655341.139858148,737024.725014498,650537.681094178,739605.170511924,0.124405046642997,0.05331947287301,2020.18301278689,2020.25409836066,5653000
13,5,0.000968360655687395,617944.046775926,648449.774343062,617874.384790742,649526.811243777,0.0424378335256874,0.04146947287,2020.17116278689,2020.17213114754,5653000
13,14,0.00294,617944.046775926,648449.774343062,615434.60599906,642375.84449492,0.04440947287,0.04146947287,2020.17116278689,2020.17410278689,5653000
14,6,0.0034928415299874,615434.60599906,642375.84449492,635726.318087376,720088.142695948,0.0479023143999874,0.04440947287,2020.17410278689,2020.17759562842,5653000
14,15,0.00201000000000001,615434.60599906,642375.84449492,634481.96428014,704365.683454306,0.04641947287,0.04440947287,2020.17410278689,2020.17611278689,5653000
15,7,0.00148284152998739,634481.96428014,704365.683454306,650940.949947116,759330.114357929,0.0479023143999874,0.04641947287,2020.17611278689,2020.17759562842,5653000
15,8,0.0506631693999874,634481.96428014,704365.683454306,619704.484444869,649655.176271421,0.0970826422699874,0.04641947287,2020.17611278689,2020.22677595629,5653000
