node1,node2,length,startLat,startLon,endLat,endLon,endNodeL,startNodeL,startYear,endYear,treeID
9,13,0.04146947287,645177.955668102,743223.472272845,643261.982395724,737769.9443013,0.04146947287,0,2020.12969331402,2020.17116278689,4834000
9,10,8.94728730100047e-05,645177.955668102,743223.472272845,645213.650876819,743306.702558201,8.94728730100047e-05,0,2020.12969331402,2020.12978278689,4834000
10,12,0.05323,645213.650876819,743306.702558201,655172.709094188,736403.715148291,0.05331947287301,8.94728730100047e-05,2020.12978278689,2020.18301278689,4834000
10,11,0.04503,645213.650876819,743306.702558201,646471.643316136,746499.773861739,0.04511947287301,8.94728730100047e-05,2020.12978278689,2020.17481278689,4834000
11,1,0.0027828415299874,646471.643316136,746499.773861739,642110.17125071,730739.32688752,0.0479023144029974,0.04511947287301,2020.17481278689,2020.17759562842,4834000
11,2,5.0601092807398e-05,646471.643316136,746499.773861739,646320.402813961,746031.252363677,0.0451700739658174,0.04511947287301,2020.17481278689,2020.17486338798,4834000
12,3,4.73224044073711e-05,655172.709094188,736403.715148291,655274.713994761,736722.845535492,0.0533667952774174,0.05331947287301,2020.18301278689,2020.18306010929,4834000
12,4,0.0710855737699874,655172.709094188,736403.715148291,650537.681094178,739605.170511924,0.124405046642997,0.05331947287301,2020.18301278689,2020.25409836066,4834000
13,5,0.000968360655687395,643261.982395724,737769.9443013,617874.384790742,649526.811243777,0.0424378335256874,0.04146947287,2020.17116278689,2020.17213114754,4834000
13,14,0.00294,643261.982395724,737769.9443013,642993.153325375,736979.695756601,0.04440947287,0.04146947287,2020.17116278689,2020.17410278689,4834000
14,6,0.0034928415299874,642993.153325375,736979.695756601,635726.318087376,720088.142695948,0.0479023143999874,0.04440947287,2020.17410278689,2020.17759562842,4834000
14,15,0.00201000000000001,642993.153325375,736979.695756601,642382.953696572,735354.578961245,0.04641947287,0.04440947287,2020.17410278689,2020.17611278689,4834000
15,7,0.00148284152998739,642382.953696572,735354.578961245,650940.949947116,759330.114357929,0.0479023143999874,0.04641947287,2020.17611278689,2020.17759562842,4834000
15,8,0.0506631693999874,642382.953696572,735354.578961245,619704.484444869,649655.176271421,0.0970826422699874,0.04641947287,2020.17611278689,2020.22677595629,4834000
