node1,node2,length,startLat,startLon,endLat,endLon,endNodeL,startNodeL,startYear,endYear,treeID
9,13,0.04146947287,641997.429430248,723407.956811631,649294.64582766,752243.352025555,0.04146947287,0,2020.12969331402,2020.17116278689,4825000
9,10,8.94728730100047e-05,641997.429430248,723407.956811631,641340.014265889,721052.069535997,8.94728730100047e-05,0,2020.12969331402,2020.12978278689,4825000
10,12,0.05323,641340.014265889,721052.069535997,655038.093064731,735805.542154314,0.05331947287301,8.94728730100047e-05,2020.12978278689,2020.18301278689,4825000
10,11,0.04503,641340.014265889,721052.069535997,646337.770353389,746125.377015883,0.04511947287301,8.94728730100047e-05,2020.12978278689,2020.17481278689,4825000
11,1,0.0027828415299874,646337.770353389,746125.377015883,642110.17125071,730739.32688752,0.0479023144029974,0.04511947287301,2020.17481278689,2020.17759562842,4825000
11,2,5.0601092807398e-05,646337.770353389,746125.377015883,646320.402813961,746031.252363677,0.0451700739658174,0.04511947287301,2020.17481278689,2020.17486338798,4825000
12,3,4.73224044073711e-05,655038.093064731,735805.542154314,655274.713994761,736722.845535492,0.0533667952774174,0.05331947287301,2020.18301278689,2020.18306010929,4825000
12,4,0.0710855737699874,655038.093064731,735805.542154314,650537.681094178,739605.170511924,0.124405046642997,0.05331947287301,2020.18301278689,2020.25409836066,4825000
13,5,0.000968360655687395,649294.64582766,752243.352025555,617874.384790742,649526.811243777,0.0424378335256874,0.04146947287,2020.17116278689,2020.17213114754,4825000
13,14,0.00294,649294.64582766,752243.352025555,648907.061253782,750939.838821836,0.04440947287,0.04146947287,2020.17116278689,2020.17410278689,4825000
14,6,0.0034928415299874,648907.061253782,750939.838821836,635726.318087376,720088.142695948,0.0479023143999874,0.04440947287,2020.17410278689,2020.17759562842,4825000
14,15,0.00201000000000001,648907.061253782,750939.838821836,651328.284462264,760421.257677817,0.04641947287,0.04440947287,2020.17410278689,2020.17611278689,4825000
15,7,0.00148284152998739,651328.284462264,760421.257677817,650940.949947116,759330.114357929,0.0479023143999874,0.04641947287,2020.17611278689,2020.17759562842,4825000
15,8,0.0506631693999874,651328.284462264,760421.257677817,619704.484444869,649655.176271421,0.0970826422699874,0.04641947287,2020.17611278689,2020.22677595629,4825000
