node1,node2,length,startLat,startLon,endLat,endLon,endNodeL,startNodeL,startYear,endYear,treeID
9,13,0.04146947287,646118.995783816,745303.597071144,648611.090336493,752558.465043421,0.04146947287,0,2020.12969331402,2020.17116278689,3502000
9,10,8.94728730100047e-05,646118.995783816,745303.597071144,645689.019403145,744047.563730512,8.94728730100047e-05,0,2020.12969331402,2020.12978278689,3502000
10,12,0.05323,645689.019403145,744047.563730512,655269.990715574,736704.528927107,0.05331947287301,8.94728730100047e-05,2020.12978278689,2020.18301278689,3502000
10,11,0.04503,645689.019403145,744047.563730512,646305.215626356,745964.51884387,0.04511947287301,8.94728730100047e-05,2020.12978278689,2020.17481278689,3502000
11,1,0.0027828415299874,646305.215626356,745964.51884387,642110.17125071,730739.32688752,0.0479023144029974,0.04511947287301,2020.17481278689,2020.17759562842,3502000
11,2,5.0601092807398e-05,646305.215626356,745964.51884387,646320.402813961,746031.252363677,0.0451700739658174,0.04511947287301,2020.17481278689,2020.17486338798,3502000
12,3,4.73224044073711e-05,655269.990715574,736704.528927107,655274.713994761,736722.845535492,0.0533667952774174,0.05331947287301,2020.18301278689,2020.18306010929,3502000
12,4,0.0710855737699874,655269.990715574,736704.528927107,650537.681094178,739605.170511924,0.124405046642997,0.05331947287301,2020.18301278689,2020.25409836066,3502000
13,5,0.000968360655687395,648611.090336493,752558.465043421,617874.384790742,649526.811243777,0.0424378335256874,0.04146947287,2020.17116278689,2020.17213114754,3502000
13,14,0.00294,648611.090336493,752558.465043421,648772.447978187,752740.311300904,0.04440947287,0.04146947287,2020.17116278689,2020.17410278689,3502000
14,6,0.0034928415299874,648772.447978187,752740.311300904,635726.318087376,720088.142695948,0.0479023143999874,0.04440947287,2020.17410278689,2020.17759562842,3502000
14,15,0.00201000000000001,648772.447978187,752740.311300904,648297.529653982,751472.596399368,0.04641947287,0.04440947287,2020.17410278689,2020.17611278689,3502000
15,7,0.00148284152998739,648297.529653982,751472.596399368,650940.949947116,759330.114357929,0.0479023143999874,0.04641947287,2020.17611278689,2020.17759562842,3502000
15,8,0.0506631693999874,648297.529653982,751472.596399368,619704.484444869,649655.176271421,0.0970826422699874,0.04641947287,2020.17611278689,2020.22677595629,3502000
