node1,node2,length,startLat,startLon,endLat,endLon,endNodeL,startNodeL,startYear,endYear,treeID
5,1,3.2131146793693e-05,633473.240525851,627418.078280652,633459.892760998,627404.044028579,3.2131146793693e-05,0,2020.23767278688,2020.23770491803,6535000
5,6,0.0216,633473.240525851,627418.078280652,650732.333771282,734595.963591231,0.0216,0,2020.23767278688,2020.25927278688,6535000
6,2,0.00848677595539369,650732.333771282,734595.963591231,643301.728341056,729272.201837526,0.0300867759553937,0.0216,2020.25927278688,2020.26775956284,6535000
6,7,0.00845,650732.333771282,734595.963591231,651025.092402561,734940.208636429,0.03005,0.0216,2020.25927278688,2020.26772278688,6535000
7,3,3.6775955633693e-05,651025.092402561,734940.208636429,651027.525014225,734943.063756198,0.0300867759556337,0.03005,2020.26772278688,2020.26775956284,6535000
7,4,0.00823349726739369,651025.092402561,734940.208636429,656249.467439656,611618.579775714,0.0382834972673937,0.03005,2020.26772278688,2020.27595628415,6535000
