node1,node2,length,startLat,startLon,endLat,endLon,endNodeL,startNodeL,startYear,endYear,treeID
5,1,3.2131146793693e-05,633550.113532541,627446.756893303,633459.892760998,627404.044028579,3.2131146793693e-05,0,2020.23767278688,2020.23770491803,9199000
5,6,0.0216,633550.113532541,627446.756893303,645785.522147101,730901.151817268,0.0216,0,2020.23767278688,2020.25927278688,9199000
6,2,0.00848677595539369,645785.522147101,730901.151817268,643301.728341056,729272.201837526,0.0300867759553937,0.0216,2020.25927278688,2020.26775956284,9199000
6,7,0.00845,645785.522147101,730901.151817268,650994.321525388,735019.234136186,0.03005,0.0216,2020.25927278688,2020.26772278688,9199000
7,3,3.6775955633693e-05,650994.321525388,735019.234136186,651027.525014225,734943.063756198,0.0300867759556337,0.03005,2020.26772278688,2020.26775956284,9199000
7,4,0.00823349726739369,650994.321525388,735019.234136186,656249.467439656,611618.579775714,0.0382834972673937,0.03005,2020.26772278688,2020.27595628415,9199000
