node1,node2,length,startLat,startLon,endLat,endLon,endNodeL,startNodeL,startYear,endYear,treeID
5,1,3.2131146793693e-05,633456.789612404,627398.390235203,633459.892760998,627404.044028579,3.2131146793693e-05,0,2020.23767278688,2020.23770491803,9073000
5,6,0.0216,633456.789612404,627398.390235203,651004.488442519,734934.348010328,0.0216,0,2020.23767278688,2020.25927278688,9073000
6,2,0.00848677595539369,651004.488442519,734934.348010328,643301.728341056,729272.201837526,0.0300867759553937,0.0216,2020.25927278688,2020.26775956284,9073000
6,7,0.00845,651004.488442519,734934.348010328,651043.416647746,734948.591252944,0.03005,0.0216,2020.25927278688,2020.26772278688,9073000
7,3,3.6775955633693e-05,651043.416647746,734948.591252944,651027.525014225,734943.063756198,0.0300867759556337,0.03005,2020.26772278688,2020.26775956284,9073000
7,4,0.00823349726739369,651043.416647746,734948.591252944,656249.467439656,611618.579775714,0.0382834972673937,0.03005,2020.26772278688,2020.27595628415,9073000
