node1,node2,length,startLat,startLon,endLat,endLon,endNodeL,startNodeL,startYear,endYear,treeID
4,1,0.0772386885100428,649247.602158976,735767.577754951,648644.237116151,735149.806879347,0.0772386885100428,0,2020.14407278689,2020.2213114754,2620000
4,5,0.05534,649247.602158976,735767.577754951,649598.913328369,736146.958346822,0.05534,0,2020.14407278689,2020.19941278689,2620000
5,2,0.0464888524500428,649598.913328369,736146.958346822,650199.248088804,736792.106043786,0.101828852450043,0.05534,2020.19941278689,2020.24590163934,2620000
5,3,4.07650172227561e-05,649598.913328369,736146.958346822,646555.925825909,776735.24947374,0.0553807650172228,0.05534,2020.19941278689,2020.19945355191,2620000
