node1,node2,length,startLat,startLon,endLat,endLon,endNodeL,startNodeL,startYear,endYear,treeID
4,1,0.0772386885100428,648685.620457258,735196.021513211,648644.237116151,735149.806879347,0.0772386885100428,0,2020.14407278689,2020.2213114754,6382000
4,5,0.05534,648685.620457258,735196.021513211,649684.400566728,736217.912639187,0.05534,0,2020.14407278689,2020.19941278689,6382000
5,2,0.0464888524500428,649684.400566728,736217.912639187,650199.248088804,736792.106043786,0.101828852450043,0.05534,2020.19941278689,2020.24590163934,6382000
5,3,4.07650172227561e-05,649684.400566728,736217.912639187,646555.925825909,776735.24947374,0.0553807650172228,0.05534,2020.19941278689,2020.19945355191,6382000
