node1,node2,length,startLat,startLon,endLat,endLon,endNodeL,startNodeL,startYear,endYear,treeID
4,1,0.0772386885100428,648284.746241889,734755.612244901,648644.237116151,735149.806879347,0.0772386885100428,0,2020.14407278689,2020.2213114754,3952000
4,5,0.05534,648284.746241889,734755.612244901,647736.472938999,734072.294063877,0.05534,0,2020.14407278689,2020.19941278689,3952000
5,2,0.0464888524500428,647736.472938999,734072.294063877,650199.248088804,736792.106043786,0.101828852450043,0.05534,2020.19941278689,2020.24590163934,3952000
5,3,4.07650172227561e-05,647736.472938999,734072.294063877,646555.925825909,776735.24947374,0.0553807650172228,0.05534,2020.19941278689,2020.19945355191,3952000
