node1,node2,length,startLat,startLon,endLat,endLon,endNodeL,startNodeL,startYear,endYear,treeID
4,1,0.0772386885100428,648723.445418916,735241.562073142,648644.237116151,735149.806879347,0.0772386885100428,0,2020.14407278689,2020.2213114754,5149000
4,5,0.05534,648723.445418916,735241.562073142,650159.991336922,736744.680215731,0.05534,0,2020.14407278689,2020.19941278689,5149000
5,2,0.0464888524500428,650159.991336922,736744.680215731,650199.248088804,736792.106043786,0.101828852450043,0.05534,2020.19941278689,2020.24590163934,5149000
5,3,4.07650172227561e-05,650159.991336922,736744.680215731,646555.925825909,776735.24947374,0.0553807650172228,0.05534,2020.19941278689,2020.19945355191,5149000
