node1,node2,length,startLat,startLon,endLat,endLon,endNodeL,startNodeL,startYear,endYear,treeID
4,1,0.0772386885100428,649892.112853988,736440.209449629,648644.237116151,735149.806879347,0.0772386885100428,0,2020.14407278689,2020.2213114754,1648000
4,5,0.05534,649892.112853988,736440.209449629,650034.637272686,736605.155634337,0.05534,0,2020.14407278689,2020.19941278689,1648000
5,2,0.0464888524500428,650034.637272686,736605.155634337,650199.248088804,736792.106043786,0.101828852450043,0.05534,2020.19941278689,2020.24590163934,1648000
5,3,4.07650172227561e-05,650034.637272686,736605.155634337,646555.925825909,776735.24947374,0.0553807650172228,0.05534,2020.19941278689,2020.19945355191,1648000
