node1,node2,length,startLat,startLon,endLat,endLon,endNodeL,startNodeL,startYear,endYear,treeID
5,6,0.01627888094,623956.746541383,618580.13988965,625424.162268731,619923.224816092,0.01627888094,0,2020.19993554468,2020.21621442562,403000
5,7,0.01627888094,623956.746541383,618580.13988965,625424.162268731,619923.224816092,0.01627888094,0,2020.19993554468,2020.21621442562,403000
6,1,0.01056153066,625424.162268731,619923.224816092,623664.797164965,612905.713847139,0.0268404116,0.01627888094,2020.21621442562,2020.22677595628,403000
6,2,0.01056153066,625424.162268731,619923.224816092,625470.055509299,619953.197255755,0.0268404116,0.01627888094,2020.21621442562,2020.22677595628,403000
7,3,0.01056153066,625424.162268731,619923.224816092,627391.553981082,656778.186376397,0.0268404116,0.01627888094,2020.21621442562,2020.22677595628,403000
7,4,0.01056153066,625424.162268731,619923.224816092,623717.131475264,618295.88009146,0.0268404116,0.01627888094,2020.21621442562,2020.22677595628,403000
