node1,node2,length,startLat,startLon,endLat,endLon,endNodeL,startNodeL,startYear,endYear,treeID
5,6,0.01627888094,623809.926611108,612458.70346205,623891.828522224,611788.287171133,0.01627888094,0,2020.19993554468,2020.21621442562,136000
5,7,0.01627888094,623809.926611108,612458.70346205,623891.828522224,611788.287171133,0.01627888094,0,2020.19993554468,2020.21621442562,136000
6,1,0.01056153066,623891.828522224,611788.287171133,623664.797164965,612905.713847139,0.0268404116,0.01627888094,2020.21621442562,2020.22677595628,136000
6,2,0.01056153066,623891.828522224,611788.287171133,625470.055509299,619953.197255755,0.0268404116,0.01627888094,2020.21621442562,2020.22677595628,136000
7,3,0.01056153066,623891.828522224,611788.287171133,627391.553981082,656778.186376397,0.0268404116,0.01627888094,2020.21621442562,2020.22677595628,136000
7,4,0.01056153066,623891.828522224,611788.287171133,623717.131475264,618295.88009146,0.0268404116,0.01627888094,2020.21621442562,2020.22677595628,136000
