node1,node2,length,startLat,startLon,endLat,endLon,endNodeL,startNodeL,startYear,endYear,treeID
4,1,0.047973,682782.126531753,684699.851648854,626855.982622847,650601.97034129,0.047973,0,2020.12962262842,2020.17759562842,4978000
4,5,0.02217,682782.126531753,684699.851648854,675054.438881977,677998.942741936,0.02217,0,2020.12962262842,2020.15179262842,4978000
5,2,0.014874,675054.438881977,677998.942741936,633963.066755335,702961.284576058,0.037044,0.02217,2020.15179262842,2020.16666662842,4978000
5,3,0.017606,675054.438881977,677998.942741936,674870.370933524,677994.989763731,0.039776,0.02217,2020.15179262842,2020.16939862842,4978000
