node1,node2,length,startLat,startLon,endLat,endLon,endNodeL,startNodeL,startYear,endYear,treeID
4,1,0.047973,626711.16720251,650517.809466353,626855.982622847,650601.97034129,0.047973,0,2020.12962262842,2020.17759562842,4033000
4,5,0.02217,626711.16720251,650517.809466353,674866.478395501,678012.244992376,0.02217,0,2020.12962262842,2020.15179262842,4033000
5,2,0.014874,674866.478395501,678012.244992376,633963.066755335,702961.284576058,0.037044,0.02217,2020.15179262842,2020.16666662842,4033000
5,3,0.017606,674866.478395501,678012.244992376,674870.370933524,677994.989763731,0.039776,0.02217,2020.15179262842,2020.16939862842,4033000
