node1,node2,length,startLat,startLon,endLat,endLon,endNodeL,startNodeL,startYear,endYear,treeID
4,1,0.047973,627899.056463373,651599.570360246,626855.982622847,650601.97034129,0.047973,0,2020.12962262842,2020.17759562842,7345000
4,5,0.02217,627899.056463373,651599.570360246,627749.830105532,651487.825466263,0.02217,0,2020.12962262842,2020.15179262842,7345000
5,2,0.014874,627749.830105532,651487.825466263,633963.066755335,702961.284576058,0.037044,0.02217,2020.15179262842,2020.16666662842,7345000
5,3,0.017606,627749.830105532,651487.825466263,674870.370933524,677994.989763731,0.039776,0.02217,2020.15179262842,2020.16939862842,7345000
