node1,node2,length,startLat,startLon,endLat,endLon,endNodeL,startNodeL,startYear,endYear,treeID
4,1,0.047973,674748.199122116,677978.954757913,626855.982622847,650601.97034129,0.047973,0,2020.12962262842,2020.17759562842,9730000
4,5,0.02217,674748.199122116,677978.954757913,674890.740115095,678037.174256771,0.02217,0,2020.12962262842,2020.15179262842,9730000
5,2,0.014874,674890.740115095,678037.174256771,633963.066755335,702961.284576058,0.037044,0.02217,2020.15179262842,2020.16666662842,9730000
5,3,0.017606,674890.740115095,678037.174256771,674870.370933524,677994.989763731,0.039776,0.02217,2020.15179262842,2020.16939862842,9730000
