node1,node2,length,startLat,startLon,endLat,endLon,endNodeL,startNodeL,startYear,endYear,treeID
4,1,0.047973,674119.842233646,677618.930268171,626855.982622847,650601.97034129,0.047973,0,2020.12962262842,2020.17759562842,9316000
4,5,0.02217,674119.842233646,677618.930268171,674443.053371514,677959.885343355,0.02217,0,2020.12962262842,2020.15179262842,9316000
5,2,0.014874,674443.053371514,677959.885343355,633963.066755335,702961.284576058,0.037044,0.02217,2020.15179262842,2020.16666662842,9316000
5,3,0.017606,674443.053371514,677959.885343355,674870.370933524,677994.989763731,0.039776,0.02217,2020.15179262842,2020.16939862842,9316000
