node1,node2,length,startLat,startLon,endLat,endLon,endNodeL,startNodeL,startYear,endYear,treeID
4,1,0.047973,675176.855688422,678224.556187872,626855.982622847,650601.97034129,0.047973,0,2020.12962262842,2020.17759562842,5023000
4,5,0.02217,675176.855688422,678224.556187872,675131.074375998,678164.344809747,0.02217,0,2020.12962262842,2020.15179262842,5023000
5,2,0.014874,675131.074375998,678164.344809747,633963.066755335,702961.284576058,0.037044,0.02217,2020.15179262842,2020.16666662842,5023000
5,3,0.017606,675131.074375998,678164.344809747,674870.370933524,677994.989763731,0.039776,0.02217,2020.15179262842,2020.16939862842,5023000
