node1,node2,length,startLat,startLon,endLat,endLon,endNodeL,startNodeL,startYear,endYear,treeID
5,1,0.02248917247,679471.385068005,645584.783162433,678850.902938695,577748.190653825,0.02248917247,0,2020.15510645595,2020.17759562842,1096000
5,6,0.01136807491,679471.385068005,645584.783162433,679452.848011181,643697.110584409,0.01136807491,0,2020.15510645595,2020.16647453086,1096000
6,2,0.0001921358075,679452.848011181,643697.110584409,680367.816773175,678695.257577037,0.0115602107175,0.01136807491,2020.16647453086,2020.16666666667,1096000
6,7,0.005573960506,679452.848011181,643697.110584409,673741.048883996,680706.117385368,0.016942035416,0.01136807491,2020.16647453086,2020.17204849137,1096000
7,3,8.26561757000001e-05,673741.048883996,680706.117385368,673757.807724076,680753.929730989,0.0170246915917,0.016942035416,2020.17204849137,2020.17213114754,1096000
7,4,0.002814896613,673741.048883996,680706.117385368,672083.43696515,738220.096821161,0.019756932029,0.016942035416,2020.17204849137,2020.17486338798,1096000
