node1,node2,length,startLat,startLon,endLat,endLon,endNodeL,startNodeL,startYear,endYear,treeID
5,1,0.02248917247,680207.525431139,678319.421864765,678850.902938695,577748.190653825,0.02248917247,0,2020.15510645595,2020.17759562842,1069000
5,6,0.01136807491,680207.525431139,678319.421864765,680480.85994537,678624.068651301,0.01136807491,0,2020.15510645595,2020.16647453086,1069000
6,2,0.0001921358075,680480.85994537,678624.068651301,680367.816773175,678695.257577037,0.0115602107175,0.01136807491,2020.16647453086,2020.16666666667,1069000
6,7,0.005573960506,680480.85994537,678624.068651301,673822.111491452,680766.293502909,0.016942035416,0.01136807491,2020.16647453086,2020.17204849137,1069000
7,3,8.26561757000001e-05,673822.111491452,680766.293502909,673757.807724076,680753.929730989,0.0170246915917,0.016942035416,2020.17204849137,2020.17213114754,1069000
7,4,0.002814896613,673822.111491452,680766.293502909,672083.43696515,738220.096821161,0.019756932029,0.016942035416,2020.17204849137,2020.17486338798,1069000
