node1,node2,length,startLat,startLon,endLat,endLon,endNodeL,startNodeL,startYear,endYear,treeID
6,7,0.02216005487,645036.025356109,729443.636306075,645280.786182079,729760.287131621,0.02216005487,0,2020.19071872677,2020.21287878164,126000
6,8,0.019182,645036.025356109,729443.636306075,644865.962820481,729023.270818671,0.019182,0,2020.19071872677,2020.20990072677,126000
7,1,0.033022857710033,645280.786182079,729760.287131621,646197.368620406,761103.287007353,0.0551829125800329,0.02216005487,2020.21287878164,2020.24590163935,126000
7,2,0.000235972466332952,645280.786182079,729760.287131621,645362.233391974,729956.634809497,0.0223960273363329,0.02216005487,2020.21287878164,2020.21311475411,126000
8,3,0.049662114760033,644865.962820481,729023.270818671,643830.476929286,724647.459794639,0.068844114760033,0.019182,2020.20990072677,2020.25956284153,126000
8,9,0.008742,644865.962820481,729023.270818671,643003.53993047,730212.947623867,0.027924,0.019182,2020.20990072677,2020.21864272677,126000
9,4,0.0436523552000329,643003.53993047,730212.947623867,643297.193596727,731341.638056529,0.0715763552000329,0.027924,2020.21864272677,2020.26229508197,126000
9,5,0.0436523552000329,643003.53993047,730212.947623867,642827.619418556,730558.921742627,0.0715763552000329,0.027924,2020.21864272677,2020.26229508197,126000
