node1,node2,length,startLat,startLon,endLat,endLon,endNodeL,startNodeL,startYear,endYear,treeID
4,1,0.064339,649319.893365054,737605.357756922,650085.180601866,738480.072375427,0.064339,0,2020.15697247541,2020.22131147541,42395000
4,5,0.04246,649319.893365054,737605.357756922,645151.691153509,733694.413041651,0.04246,0,2020.15697247541,2020.19943247541,42395000
5,2,0.0464691639300428,645151.691153509,733694.413041651,645384.920463992,733976.126428493,0.0889291639300428,0.04246,2020.19943247541,2020.24590163934,42395000
5,3,2.11639300427488e-05,645151.691153509,733694.413041651,646083.149962156,782859.431557475,0.0424811639300427,0.04246,2020.19943247541,2020.19945363934,42395000
