node1,node2,length,startLat,startLon,endLat,endLon,endNodeL,startNodeL,startYear,endYear,treeID
5,1,0.02248917247,678560.755743964,580558.887994658,678850.902938695,577748.190653825,0.02248917247,0,2020.15510645595,2020.17759562842,352000
5,6,0.01136807491,678560.755743964,580558.887994658,680317.859459983,678688.364160432,0.01136807491,0,2020.15510645595,2020.16647453086,352000
6,2,0.0001921358075,680317.859459983,678688.364160432,680367.816773175,678695.257577037,0.0115602107175,0.01136807491,2020.16647453086,2020.16666666667,352000
6,7,0.005573960506,680317.859459983,678688.364160432,673847.970934932,680611.249010383,0.016942035416,0.01136807491,2020.16647453086,2020.17204849137,352000
7,3,8.26561757000001e-05,673847.970934932,680611.249010383,673757.807724076,680753.929730989,0.0170246915917,0.016942035416,2020.17204849137,2020.17213114754,352000
7,4,0.002814896613,673847.970934932,680611.249010383,672083.43696515,738220.096821161,0.019756932029,0.016942035416,2020.17204849137,2020.17486338798,352000
