node1,node2,length,startLat,startLon,endLat,endLon,endNodeL,startNodeL,startYear,endYear,treeID
6,7,0.02216005487,645109.85232211,729807.77572746,645301.662750548,729906.290378695,0.02216005487,0,2020.19071872677,2020.21287878164,240000
6,8,0.019182,645109.85232211,729807.77572746,643018.985620524,730981.57887335,0.019182,0,2020.19071872677,2020.20990072677,240000
7,1,0.033022857710033,645301.662750548,729906.290378695,646197.368620406,761103.287007353,0.0551829125800329,0.02216005487,2020.21287878164,2020.24590163935,240000
7,2,0.000235972466332952,645301.662750548,729906.290378695,645362.233391974,729956.634809497,0.0223960273363329,0.02216005487,2020.21287878164,2020.21311475411,240000
8,3,0.049662114760033,643018.985620524,730981.57887335,643830.476929286,724647.459794639,0.068844114760033,0.019182,2020.20990072677,2020.25956284153,240000
8,9,0.008742,643018.985620524,730981.57887335,643261.492043843,731218.379190716,0.027924,0.019182,2020.20990072677,2020.21864272677,240000
9,4,0.0436523552000329,643261.492043843,731218.379190716,643297.193596727,731341.638056529,0.0715763552000329,0.027924,2020.21864272677,2020.26229508197,240000
9,5,0.0436523552000329,643261.492043843,731218.379190716,642827.619418556,730558.921742627,0.0715763552000329,0.027924,2020.21864272677,2020.26229508197,240000
