node1,node2,length,startLat,startLon,endLat,endLon,endNodeL,startNodeL,startYear,endYear,treeID
4,1,0.064339,644045.842252153,732465.11250125,650085.180601866,738480.072375427,0.064339,0,2020.15697247541,2020.22131147541,17465000
4,5,0.04246,644045.842252153,732465.11250125,646077.894139661,734687.771180872,0.04246,0,2020.15697247541,2020.19943247541,17465000
5,2,0.0464691639300428,646077.894139661,734687.771180872,645384.920463992,733976.126428493,0.0889291639300428,0.04246,2020.19943247541,2020.24590163934,17465000
5,3,2.11639300427488e-05,646077.894139661,734687.771180872,646083.149962156,782859.431557475,0.0424811639300427,0.04246,2020.19943247541,2020.19945363934,17465000
