node1,node2,length,startLat,startLon,endLat,endLon,endNodeL,startNodeL,startYear,endYear,treeID
5,1,0.02248917247,678837.264872409,577176.083699318,678850.902938695,577748.190653825,0.02248917247,0,2020.15510645595,2020.17759562842,491000
5,6,0.01136807491,678837.264872409,577176.083699318,680380.727074857,678673.037131968,0.01136807491,0,2020.15510645595,2020.16647453086,491000
6,2,0.0001921358075,680380.727074857,678673.037131968,680367.816773175,678695.257577037,0.0115602107175,0.01136807491,2020.16647453086,2020.16666666667,491000
6,7,0.005573960506,680380.727074857,678673.037131968,673766.802880407,680737.757698273,0.016942035416,0.01136807491,2020.16647453086,2020.17204849137,491000
7,3,8.26561757000001e-05,673766.802880407,680737.757698273,673757.807724076,680753.929730989,0.0170246915917,0.016942035416,2020.17204849137,2020.17213114754,491000
7,4,0.002814896613,673766.802880407,680737.757698273,672083.43696515,738220.096821161,0.019756932029,0.016942035416,2020.17204849137,2020.17486338798,491000
