node1,node2,length,startLat,startLon,endLat,endLon,endNodeL,startNodeL,startYear,endYear,treeID
5,1,0.0506488743298547,658361.923708621,766621.277965818,657639.165599063,765889.085372043,0.0506488743298547,0,2020.20618172677,2020.2568306011,452000
5,6,0.00846,658361.923708621,766621.277965818,658407.566383114,766741.28793173,0.00846,0,2020.20618172677,2020.21464172677,452000
6,2,0.0421888743298547,658407.566383114,766741.28793173,658158.505482456,766562.929162245,0.0506488743298547,0.00846,2020.21464172677,2020.2568306011,452000
6,7,0.003994,658407.566383114,766741.28793173,658714.688639426,767058.832150313,0.012454,0.00846,2020.21464172677,2020.21863572677,452000
7,3,0.0409271147598547,658714.688639426,767058.832150313,615493.55349295,785629.360417704,0.0533811147598547,0.012454,2020.21863572677,2020.25956284153,452000
7,4,0.0409271147598547,658714.688639426,767058.832150313,660504.996233143,767409.876759615,0.0533811147598547,0.012454,2020.21863572677,2020.25956284153,452000
