node1,node2,length,startLat,startLon,endLat,endLon,endNodeL,startNodeL,startYear,endYear,treeID
5,1,0.0506488743298547,657970.611408052,766300.199845839,657639.165599063,765889.085372043,0.0506488743298547,0,2020.20618172677,2020.2568306011,204000
5,6,0.00846,657970.611408052,766300.199845839,657977.042086214,766306.176737617,0.00846,0,2020.20618172677,2020.21464172677,204000
6,2,0.0421888743298547,657977.042086214,766306.176737617,658158.505482456,766562.929162245,0.0506488743298547,0.00846,2020.21464172677,2020.2568306011,204000
6,7,0.003994,657977.042086214,766306.176737617,657971.493857346,766302.449826423,0.012454,0.00846,2020.21464172677,2020.21863572677,204000
7,3,0.0409271147598547,657971.493857346,766302.449826423,615493.55349295,785629.360417704,0.0533811147598547,0.012454,2020.21863572677,2020.25956284153,204000
7,4,0.0409271147598547,657971.493857346,766302.449826423,660504.996233143,767409.876759615,0.0533811147598547,0.012454,2020.21863572677,2020.25956284153,204000
