node1,node2,length,startLat,startLon,endLat,endLon,endNodeL,startNodeL,startYear,endYear,treeID
6,1,0.0349700062908483,649350.351628372,610871.889557025,649242.580807531,610672.997071241,0.0349700062908483,0,2020.19180594999,2020.22677595628,789000
6,7,0.00912478046699999,649350.351628372,610871.889557025,649032.830442734,610343.600464583,0.00912478046699999,0,2020.19180594999,2020.20093073046,789000
7,8,0.007962840162,649032.830442734,610343.600464583,646243.180622745,731903.317390385,0.017087620629,0.00912478046699999,2020.20093073046,2020.20889357062,789000
7,9,0.01628766065,649032.830442734,610343.600464583,624219.399364938,612829.884329611,0.025412441117,0.00912478046699999,2020.20093073046,2020.21721839111,789000
8,2,0.0588659922208483,646243.180622745,731903.317390385,649501.981056796,732128.344082864,0.0759536128498483,0.017087620629,2020.20889357062,2020.26775956284,789000
8,3,0.0588659922208483,646243.180622745,731903.317390385,645359.742554832,731274.801005945,0.0759536128498483,0.017087620629,2020.20889357062,2020.26775956284,789000
9,4,0.00682532473884833,624219.399364938,612829.884329611,624078.720304264,612740.729090639,0.0322377658558483,0.025412441117,2020.21721839111,2020.22404371585,789000
9,5,0.00955756517584833,624219.399364938,612829.884329611,624777.471675191,609832.92034725,0.0349700062928483,0.025412441117,2020.21721839111,2020.22677595628,789000
