node1,node2,length,startLat,startLon,endLat,endLon,endNodeL,startNodeL,startYear,endYear,treeID
6,1,0.0349700062908483,625856.162828323,612086.498333223,649242.580807531,610672.997071241,0.0349700062908483,0,2020.19180594999,2020.22677595628,900000
6,7,0.00912478046699999,625856.162828323,612086.498333223,625322.725141338,611815.911037801,0.00912478046699999,0,2020.19180594999,2020.20093073046,900000
7,8,0.007962840162,625322.725141338,611815.911037801,650017.899834327,731635.80596907,0.017087620629,0.00912478046699999,2020.20093073046,2020.20889357062,900000
7,9,0.01628766065,625322.725141338,611815.911037801,622608.525750224,612526.221735212,0.025412441117,0.00912478046699999,2020.20093073046,2020.21721839111,900000
8,2,0.0588659922208483,650017.899834327,731635.80596907,649501.981056796,732128.344082864,0.0759536128498483,0.017087620629,2020.20889357062,2020.26775956284,900000
8,3,0.0588659922208483,650017.899834327,731635.80596907,645359.742554832,731274.801005945,0.0759536128498483,0.017087620629,2020.20889357062,2020.26775956284,900000
9,4,0.00682532473884833,622608.525750224,612526.221735212,624078.720304264,612740.729090639,0.0322377658558483,0.025412441117,2020.21721839111,2020.22404371585,900000
9,5,0.00955756517584833,622608.525750224,612526.221735212,624777.471675191,609832.92034725,0.0349700062928483,0.025412441117,2020.21721839111,2020.22677595628,900000
