node1,node2,length,startLat,startLon,endLat,endLon,endNodeL,startNodeL,startYear,endYear,treeID
6,1,0.0349700062908483,625687.826741419,609130.3111355,649242.580807531,610672.997071241,0.0349700062908483,0,2020.19180594999,2020.22677595628,641000
6,7,0.00912478046699999,625687.826741419,609130.3111355,625571.358900357,609277.248803438,0.00912478046699999,0,2020.19180594999,2020.20093073046,641000
7,8,0.007962840162,625571.358900357,609277.248803438,645365.06434291,731942.790155073,0.017087620629,0.00912478046699999,2020.20093073046,2020.20889357062,641000
7,9,0.01628766065,625571.358900357,609277.248803438,624684.64190544,609817.778979418,0.025412441117,0.00912478046699999,2020.20093073046,2020.21721839111,641000
8,2,0.0588659922208483,645365.06434291,731942.790155073,649501.981056796,732128.344082864,0.0759536128498483,0.017087620629,2020.20889357062,2020.26775956284,641000
8,3,0.0588659922208483,645365.06434291,731942.790155073,645359.742554832,731274.801005945,0.0759536128498483,0.017087620629,2020.20889357062,2020.26775956284,641000
9,4,0.00682532473884833,624684.64190544,609817.778979418,624078.720304264,612740.729090639,0.0322377658558483,0.025412441117,2020.21721839111,2020.22404371585,641000
9,5,0.00955756517584833,624684.64190544,609817.778979418,624777.471675191,609832.92034725,0.0349700062928483,0.025412441117,2020.21721839111,2020.22677595628,641000
