node1,node2,length,startLat,startLon,endLat,endLon,endNodeL,startNodeL,startYear,endYear,treeID
6,1,0.0349700062908483,623997.076674614,612640.21533653,649242.580807531,610672.997071241,0.0349700062908483,0,2020.19180594999,2020.22677595628,373000
6,7,0.00912478046699999,623997.076674614,612640.21533653,624083.003821081,612700.985403137,0.00912478046699999,0,2020.19180594999,2020.20093073046,373000
7,8,0.007962840162,624083.003821081,612700.985403137,650219.720869105,732436.583497361,0.017087620629,0.00912478046699999,2020.20093073046,2020.20889357062,373000
7,9,0.01628766065,624083.003821081,612700.985403137,624024.654924835,612728.973048479,0.025412441117,0.00912478046699999,2020.20093073046,2020.21721839111,373000
8,2,0.0588659922208483,650219.720869105,732436.583497361,649501.981056796,732128.344082864,0.0759536128498483,0.017087620629,2020.20889357062,2020.26775956284,373000
8,3,0.0588659922208483,650219.720869105,732436.583497361,645359.742554832,731274.801005945,0.0759536128498483,0.017087620629,2020.20889357062,2020.26775956284,373000
9,4,0.00682532473884833,624024.654924835,612728.973048479,624078.720304264,612740.729090639,0.0322377658558483,0.025412441117,2020.21721839111,2020.22404371585,373000
9,5,0.00955756517584833,624024.654924835,612728.973048479,624777.471675191,609832.92034725,0.0349700062928483,0.025412441117,2020.21721839111,2020.22677595628,373000
