node1,node2,length,startLat,startLon,endLat,endLon,endNodeL,startNodeL,startYear,endYear,treeID
6,1,0.0349700062908483,632445.45633246,610945.159260229,649242.580807531,610672.997071241,0.0349700062908483,0,2020.19180594999,2020.22677595628,300000
6,7,0.00912478046699999,632445.45633246,610945.159260229,632235.267714882,611026.410105859,0.00912478046699999,0,2020.19180594999,2020.20093073046,300000
7,8,0.007962840162,632235.267714882,611026.410105859,649960.055208287,732213.966691686,0.017087620629,0.00912478046699999,2020.20093073046,2020.20889357062,300000
7,9,0.01628766065,632235.267714882,611026.410105859,632313.256186439,611138.66484549,0.025412441117,0.00912478046699999,2020.20093073046,2020.21721839111,300000
8,2,0.0588659922208483,649960.055208287,732213.966691686,649501.981056796,732128.344082864,0.0759536128498483,0.017087620629,2020.20889357062,2020.26775956284,300000
8,3,0.0588659922208483,649960.055208287,732213.966691686,645359.742554832,731274.801005945,0.0759536128498483,0.017087620629,2020.20889357062,2020.26775956284,300000
9,4,0.00682532473884833,632313.256186439,611138.66484549,624078.720304264,612740.729090639,0.0322377658558483,0.025412441117,2020.21721839111,2020.22404371585,300000
9,5,0.00955756517584833,632313.256186439,611138.66484549,624777.471675191,609832.92034725,0.0349700062928483,0.025412441117,2020.21721839111,2020.22677595628,300000
