node1,node2,length,startLat,startLon,endLat,endLon,endNodeL,startNodeL,startYear,endYear,treeID
6,1,0.0349700062908483,624536.510730929,612112.456156046,649242.580807531,610672.997071241,0.0349700062908483,0,2020.19180594999,2020.22677595628,623000
6,7,0.00912478046699999,624536.510730929,612112.456156046,624841.450765942,611503.809883766,0.00912478046699999,0,2020.19180594999,2020.20093073046,623000
7,8,0.007962840162,624841.450765942,611503.809883766,651124.970628331,732231.020608574,0.017087620629,0.00912478046699999,2020.20093073046,2020.20889357062,623000
7,9,0.01628766065,624841.450765942,611503.809883766,624595.353866532,611408.058193498,0.025412441117,0.00912478046699999,2020.20093073046,2020.21721839111,623000
8,2,0.0588659922208483,651124.970628331,732231.020608574,649501.981056796,732128.344082864,0.0759536128498483,0.017087620629,2020.20889357062,2020.26775956284,623000
8,3,0.0588659922208483,651124.970628331,732231.020608574,645359.742554832,731274.801005945,0.0759536128498483,0.017087620629,2020.20889357062,2020.26775956284,623000
9,4,0.00682532473884833,624595.353866532,611408.058193498,624078.720304264,612740.729090639,0.0322377658558483,0.025412441117,2020.21721839111,2020.22404371585,623000
9,5,0.00955756517584833,624595.353866532,611408.058193498,624777.471675191,609832.92034725,0.0349700062928483,0.025412441117,2020.21721839111,2020.22677595628,623000
