node1,node2,length,startLat,startLon,endLat,endLon,endNodeL,startNodeL,startYear,endYear,treeID
8,11,0.05301996271,646107.141937925,735046.930891958,646229.366001149,730832.513948566,0.05301996271,0,2020.15985278689,2020.2128727496,9010000
8,9,0.09945,646107.141937925,735046.930891958,640823.211194985,727739.102455208,0.09945,0,2020.15985278689,2020.25930278689,9010000
9,1,0.000260054643039034,640823.211194985,727739.102455208,640685.069392621,725310.779375626,0.099710054643039,0.09945,2020.25930278689,2020.25956284153,9010000
9,10,0.00294,640823.211194985,727739.102455208,640868.541817185,729956.621378136,0.10239,0.09945,2020.25930278689,2020.26224278689,9010000
10,2,5.22950804290462e-05,640868.541817185,729956.621378136,640880.105884074,729971.444039264,0.102442295080429,0.10239,2020.26224278689,2020.26229508197,9010000
10,3,5.22950804290462e-05,640868.541817185,729956.621378136,639202.124882235,730493.015598492,0.102442295080429,0.10239,2020.26224278689,2020.26229508197,9010000
11,7,0.033028889748439,646229.366001149,730832.513948566,647785.561419065,759597.633681979,0.086048852458439,0.05301996271,2020.2128727496,2020.24590163934,9010000
11,12,0.000190037286299988,646229.366001149,730832.513948566,646265.12882853,730746.118658719,0.0532099999963,0.05301996271,2020.2128727496,2020.21306278688,9010000
12,4,5.19672114790565e-05,646265.12882853,730746.118658719,646299.442694409,730754.278158346,0.053261967207779,0.0532099999963,2020.21306278688,2020.21311475409,9010000
12,13,0.06234,646265.12882853,730746.118658719,656630.903098486,739709.52117633,0.1155499999963,0.0532099999963,2020.21306278688,2020.27540278688,9010000
13,6,0.019679180328439,656630.903098486,739709.52117633,656969.697146001,739530.176621104,0.135229180324739,0.1155499999963,2020.27540278688,2020.29508196721,9010000
13,5,0.019679180328439,656630.903098486,739709.52117633,656141.367862334,740268.930932172,0.135229180324739,0.1155499999963,2020.27540278688,2020.29508196721,9010000
