node1,node2,length,startLat,startLon,endLat,endLon,endNodeL,startNodeL,startYear,endYear,treeID
8,11,0.05301996271,646050.088108891,730205.282559912,646286.625732329,730739.613876446,0.05301996271,0,2020.15985278689,2020.2128727496,4132000
8,9,0.09945,646050.088108891,730205.282559912,640681.459439519,725280.282189698,0.09945,0,2020.15985278689,2020.25930278689,4132000
9,1,0.000260054643039034,640681.459439519,725280.282189698,640685.069392621,725310.779375626,0.099710054643039,0.09945,2020.25930278689,2020.25956284153,4132000
9,10,0.00294,640681.459439519,725280.282189698,640677.69229566,729841.878601103,0.10239,0.09945,2020.25930278689,2020.26224278689,4132000
10,2,5.22950804290462e-05,640677.69229566,729841.878601103,640880.105884074,729971.444039264,0.102442295080429,0.10239,2020.26224278689,2020.26229508197,4132000
10,3,5.22950804290462e-05,640677.69229566,729841.878601103,639202.124882235,730493.015598492,0.102442295080429,0.10239,2020.26224278689,2020.26229508197,4132000
11,7,0.033028889748439,646286.625732329,730739.613876446,647785.561419065,759597.633681979,0.086048852458439,0.05301996271,2020.2128727496,2020.24590163934,4132000
11,12,0.000190037286299988,646286.625732329,730739.613876446,646286.068340955,730726.941569262,0.0532099999963,0.05301996271,2020.2128727496,2020.21306278688,4132000
12,4,5.19672114790565e-05,646286.068340955,730726.941569262,646299.442694409,730754.278158346,0.053261967207779,0.0532099999963,2020.21306278688,2020.21311475409,4132000
12,13,0.06234,646286.068340955,730726.941569262,656467.568440433,739485.658127123,0.1155499999963,0.0532099999963,2020.21306278688,2020.27540278688,4132000
13,6,0.019679180328439,656467.568440433,739485.658127123,656969.697146001,739530.176621104,0.135229180324739,0.1155499999963,2020.27540278688,2020.29508196721,4132000
13,5,0.019679180328439,656467.568440433,739485.658127123,656141.367862334,740268.930932172,0.135229180324739,0.1155499999963,2020.27540278688,2020.29508196721,4132000
