node1,node2,length,startLat,startLon,endLat,endLon,endNodeL,startNodeL,startYear,endYear,treeID
8,11,0.05301996271,646085.145259104,731246.372974845,646197.344300155,731258.587095091,0.05301996271,0,2020.15985278689,2020.2128727496,7192000
8,9,0.09945,646085.145259104,731246.372974845,640899.634302186,730022.204992787,0.09945,0,2020.15985278689,2020.25930278689,7192000
9,1,0.000260054643039034,640899.634302186,730022.204992787,640685.069392621,725310.779375626,0.099710054643039,0.09945,2020.25930278689,2020.25956284153,7192000
9,10,0.00294,640899.634302186,730022.204992787,640884.337501677,729965.497965925,0.10239,0.09945,2020.25930278689,2020.26224278689,7192000
10,2,5.22950804290462e-05,640884.337501677,729965.497965925,640880.105884074,729971.444039264,0.102442295080429,0.10239,2020.26224278689,2020.26229508197,7192000
10,3,5.22950804290462e-05,640884.337501677,729965.497965925,639202.124882235,730493.015598492,0.102442295080429,0.10239,2020.26224278689,2020.26229508197,7192000
11,7,0.033028889748439,646197.344300155,731258.587095091,647785.561419065,759597.633681979,0.086048852458439,0.05301996271,2020.2128727496,2020.24590163934,7192000
11,12,0.000190037286299988,646197.344300155,731258.587095091,646200.122919363,731252.832102729,0.0532099999963,0.05301996271,2020.2128727496,2020.21306278688,7192000
12,4,5.19672114790565e-05,646200.122919363,731252.832102729,646299.442694409,730754.278158346,0.053261967207779,0.0532099999963,2020.21306278688,2020.21311475409,7192000
12,13,0.06234,646200.122919363,731252.832102729,656984.101591659,739051.062752368,0.1155499999963,0.0532099999963,2020.21306278688,2020.27540278688,7192000
13,6,0.019679180328439,656984.101591659,739051.062752368,656969.697146001,739530.176621104,0.135229180324739,0.1155499999963,2020.27540278688,2020.29508196721,7192000
13,5,0.019679180328439,656984.101591659,739051.062752368,656141.367862334,740268.930932172,0.135229180324739,0.1155499999963,2020.27540278688,2020.29508196721,7192000
