node1,node2,length,startLat,startLon,endLat,endLon,endNodeL,startNodeL,startYear,endYear,treeID
8,11,0.05301996271,646720.561134588,730755.253440047,646335.672511981,730772.984493983,0.05301996271,0,2020.15985278689,2020.2128727496,1063000
8,9,0.09945,646720.561134588,730755.253440047,640460.218070432,730318.668707297,0.09945,0,2020.15985278689,2020.25930278689,1063000
9,1,0.000260054643039034,640460.218070432,730318.668707297,640685.069392621,725310.779375626,0.099710054643039,0.09945,2020.25930278689,2020.25956284153,1063000
9,10,0.00294,640460.218070432,730318.668707297,640829.571769135,729958.310135334,0.10239,0.09945,2020.25930278689,2020.26224278689,1063000
10,2,5.22950804290462e-05,640829.571769135,729958.310135334,640880.105884074,729971.444039264,0.102442295080429,0.10239,2020.26224278689,2020.26229508197,1063000
10,3,5.22950804290462e-05,640829.571769135,729958.310135334,639202.124882235,730493.015598492,0.102442295080429,0.10239,2020.26224278689,2020.26229508197,1063000
11,7,0.033028889748439,646335.672511981,730772.984493983,647785.561419065,759597.633681979,0.086048852458439,0.05301996271,2020.2128727496,2020.24590163934,1063000
11,12,0.000190037286299988,646335.672511981,730772.984493983,646288.21188479,730856.949943683,0.0532099999963,0.05301996271,2020.2128727496,2020.21306278688,1063000
12,4,5.19672114790565e-05,646288.21188479,730856.949943683,646299.442694409,730754.278158346,0.053261967207779,0.0532099999963,2020.21306278688,2020.21311475409,1063000
12,13,0.06234,646288.21188479,730856.949943683,656066.176059544,739129.114409696,0.1155499999963,0.0532099999963,2020.21306278688,2020.27540278688,1063000
13,6,0.019679180328439,656066.176059544,739129.114409696,656969.697146001,739530.176621104,0.135229180324739,0.1155499999963,2020.27540278688,2020.29508196721,1063000
13,5,0.019679180328439,656066.176059544,739129.114409696,656141.367862334,740268.930932172,0.135229180324739,0.1155499999963,2020.27540278688,2020.29508196721,1063000
