node1,node2,length,startLat,startLon,endLat,endLon,endNodeL,startNodeL,startYear,endYear,treeID
8,11,0.05301996271,646388.779999984,732026.208476012,646089.254118514,730809.621575096,0.05301996271,0,2020.15985278689,2020.2128727496,5212000
8,9,0.09945,646388.779999984,732026.208476012,640835.981077826,729904.425043852,0.09945,0,2020.15985278689,2020.25930278689,5212000
9,1,0.000260054643039034,640835.981077826,729904.425043852,640685.069392621,725310.779375626,0.099710054643039,0.09945,2020.25930278689,2020.25956284153,5212000
9,10,0.00294,640835.981077826,729904.425043852,640887.110132076,729975.686385576,0.10239,0.09945,2020.25930278689,2020.26224278689,5212000
10,2,5.22950804290462e-05,640887.110132076,729975.686385576,640880.105884074,729971.444039264,0.102442295080429,0.10239,2020.26224278689,2020.26229508197,5212000
10,3,5.22950804290462e-05,640887.110132076,729975.686385576,639202.124882235,730493.015598492,0.102442295080429,0.10239,2020.26224278689,2020.26229508197,5212000
11,7,0.033028889748439,646089.254118514,730809.621575096,647785.561419065,759597.633681979,0.086048852458439,0.05301996271,2020.2128727496,2020.24590163934,5212000
11,12,0.000190037286299988,646089.254118514,730809.621575096,646278.992228108,730760.03877257,0.0532099999963,0.05301996271,2020.2128727496,2020.21306278688,5212000
12,4,5.19672114790565e-05,646278.992228108,730760.03877257,646299.442694409,730754.278158346,0.053261967207779,0.0532099999963,2020.21306278688,2020.21311475409,5212000
12,13,0.06234,646278.992228108,730760.03877257,657505.880946007,739546.903979818,0.1155499999963,0.0532099999963,2020.21306278688,2020.27540278688,5212000
13,6,0.019679180328439,657505.880946007,739546.903979818,656969.697146001,739530.176621104,0.135229180324739,0.1155499999963,2020.27540278688,2020.29508196721,5212000
13,5,0.019679180328439,657505.880946007,739546.903979818,656141.367862334,740268.930932172,0.135229180324739,0.1155499999963,2020.27540278688,2020.29508196721,5212000
