node1,node2,length,startLat,startLon,endLat,endLon,endNodeL,startNodeL,startYear,endYear,treeID
8,11,0.05301996271,641050.019487716,725922.185868998,646386.855607275,730642.870715298,0.05301996271,0,2020.15985278689,2020.2128727496,7759000
8,9,0.09945,641050.019487716,725922.185868998,640701.012994024,725691.425906693,0.09945,0,2020.15985278689,2020.25930278689,7759000
9,1,0.000260054643039034,640701.012994024,725691.425906693,640685.069392621,725310.779375626,0.099710054643039,0.09945,2020.25930278689,2020.25956284153,7759000
9,10,0.00294,640701.012994024,725691.425906693,640916.046455911,729942.132076627,0.10239,0.09945,2020.25930278689,2020.26224278689,7759000
10,2,5.22950804290462e-05,640916.046455911,729942.132076627,640880.105884074,729971.444039264,0.102442295080429,0.10239,2020.26224278689,2020.26229508197,7759000
10,3,5.22950804290462e-05,640916.046455911,729942.132076627,639202.124882235,730493.015598492,0.102442295080429,0.10239,2020.26224278689,2020.26229508197,7759000
11,7,0.033028889748439,646386.855607275,730642.870715298,647785.561419065,759597.633681979,0.086048852458439,0.05301996271,2020.2128727496,2020.24590163934,7759000
11,12,0.000190037286299988,646386.855607275,730642.870715298,646284.975368547,730739.340992179,0.0532099999963,0.05301996271,2020.2128727496,2020.21306278688,7759000
12,4,5.19672114790565e-05,646284.975368547,730739.340992179,646299.442694409,730754.278158346,0.053261967207779,0.0532099999963,2020.21306278688,2020.21311475409,7759000
12,13,0.06234,646284.975368547,730739.340992179,656129.261357257,740217.690418674,0.1155499999963,0.0532099999963,2020.21306278688,2020.27540278688,7759000
13,6,0.019679180328439,656129.261357257,740217.690418674,656969.697146001,739530.176621104,0.135229180324739,0.1155499999963,2020.27540278688,2020.29508196721,7759000
13,5,0.019679180328439,656129.261357257,740217.690418674,656141.367862334,740268.930932172,0.135229180324739,0.1155499999963,2020.27540278688,2020.29508196721,7759000
