node1,node2,length,startLat,startLon,endLat,endLon,endNodeL,startNodeL,startYear,endYear,treeID
6,7,0.00845,647063.408537933,734975.477253905,644280.524737426,738617.005608997,0.00845,0,2020.19642278689,2020.20487278689,4672000
6,8,0.00278,647063.408537933,734975.477253905,647222.075483537,734893.662860105,0.00278,0,2020.19642278689,2020.19920278689,4672000
7,1,4.5245903342192e-05,644280.524737426,738617.005608997,644319.41308074,738544.541724376,0.00849524590334219,0.00845,2020.20487278689,2020.20491803279,4672000
7,2,0.0546900546416822,644280.524737426,738617.005608997,650271.679451504,732308.635791544,0.0631400546416822,0.00845,2020.20487278689,2020.25956284153,4672000
8,3,0.0029830054666822,647222.075483537,734893.662860105,647685.97009925,734694.448352576,0.00576300546668219,0.00278,2020.19920278689,2020.20218579235,4672000
8,9,0.00294000000000001,647222.075483537,734893.662860105,647064.894990371,735755.178122989,0.00572,0.00278,2020.19920278689,2020.20214278689,4672000
9,4,4.30054662121926e-05,647064.894990371,735755.178122989,647520.708205719,739426.244602403,0.0057630054662122,0.00572,2020.20214278689,2020.20218579235,4672000
9,5,4.30054662121926e-05,647064.894990371,735755.178122989,646782.517474732,736113.304233203,0.0057630054662122,0.00572,2020.20214278689,2020.20218579235,4672000
