node1,node2,length,startLat,startLon,endLat,endLon,endNodeL,startNodeL,startYear,endYear,treeID
6,7,0.00845,645043.330400561,737696.194652629,644271.493351448,738615.746801214,0.00845,0,2020.19642278689,2020.20487278689,4816000
6,8,0.00278,645043.330400561,737696.194652629,647971.476906076,734814.875908944,0.00278,0,2020.19642278689,2020.19920278689,4816000
7,1,4.5245903342192e-05,644271.493351448,738615.746801214,644319.41308074,738544.541724376,0.00849524590334219,0.00845,2020.20487278689,2020.20491803279,4816000
7,2,0.0546900546416822,644271.493351448,738615.746801214,650271.679451504,732308.635791544,0.0631400546416822,0.00845,2020.20487278689,2020.25956284153,4816000
8,3,0.0029830054666822,647971.476906076,734814.875908944,647685.97009925,734694.448352576,0.00576300546668219,0.00278,2020.19920278689,2020.20218579235,4816000
8,9,0.00294000000000001,647971.476906076,734814.875908944,647716.541090504,734715.562161277,0.00572,0.00278,2020.19920278689,2020.20214278689,4816000
9,4,4.30054662121926e-05,647716.541090504,734715.562161277,647520.708205719,739426.244602403,0.0057630054662122,0.00572,2020.20214278689,2020.20218579235,4816000
9,5,4.30054662121926e-05,647716.541090504,734715.562161277,646782.517474732,736113.304233203,0.0057630054662122,0.00572,2020.20214278689,2020.20218579235,4816000
