node1,node2,length,startLat,startLon,endLat,endLon,endNodeL,startNodeL,startYear,endYear,treeID
6,1,2.90000000000012e-05,641092.244985161,706496.66797189,641093.68875782,706501.787212927,2.90000000000012e-05,0,2020.29505296721,2020.29508196721,7750000
6,7,0.05227,641092.244985161,706496.66797189,649551.97029822,741219.904237469,0.05227,0,2020.29505296721,2020.34732296721,7750000
7,8,0.0051,649551.97029822,741219.904237469,651103.114427444,731370.772697351,0.05737,0.05227,2020.34732296721,2020.35242296721,7750000
7,9,0.00237,649551.97029822,741219.904237469,649555.579987096,741073.315045412,0.05464,0.05227,2020.34732296721,2020.34969296721,7750000
8,2,3.5530059813528e-05,651103.114427444,731370.772697351,656744.256591451,730017.484190977,0.0574055300598135,0.05737,2020.35242296721,2020.35245849727,7750000
8,3,3.5530059813528e-05,651103.114427444,731370.772697351,651030.336508111,731285.218641145,0.0574055300598135,0.05737,2020.35242296721,2020.35245849727,7750000
9,4,0.00823053005981353,649555.579987096,741073.315045412,636387.802382738,727274.72093111,0.0628705300598135,0.05464,2020.34969296721,2020.35792349727,7750000
9,5,3.3530059813526e-05,649555.579987096,741073.315045412,649574.075933813,741093.203564466,0.0546735300598135,0.05464,2020.34969296721,2020.34972649727,7750000
