node1,node2,length,startLat,startLon,endLat,endLon,endNodeL,startNodeL,startYear,endYear,treeID
6,1,2.90000000000012e-05,641072.650424525,706466.975864058,641093.68875782,706501.787212927,2.90000000000012e-05,0,2020.29505296721,2020.29508196721,2845000
6,7,0.05227,641072.650424525,706466.975864058,649813.7429154,729956.367419644,0.05227,0,2020.29505296721,2020.34732296721,2845000
7,8,0.0051,649813.7429154,729956.367419644,651045.299440697,731351.284180157,0.05737,0.05227,2020.34732296721,2020.35242296721,2845000
7,9,0.00237,649813.7429154,729956.367419644,649542.786135135,741054.927303914,0.05464,0.05227,2020.34732296721,2020.34969296721,2845000
8,2,3.5530059813528e-05,651045.299440697,731351.284180157,656744.256591451,730017.484190977,0.0574055300598135,0.05737,2020.35242296721,2020.35245849727,2845000
8,3,3.5530059813528e-05,651045.299440697,731351.284180157,651030.336508111,731285.218641145,0.0574055300598135,0.05737,2020.35242296721,2020.35245849727,2845000
9,4,0.00823053005981353,649542.786135135,741054.927303914,636387.802382738,727274.72093111,0.0628705300598135,0.05464,2020.34969296721,2020.35792349727,2845000
9,5,3.3530059813526e-05,649542.786135135,741054.927303914,649574.075933813,741093.203564466,0.0546735300598135,0.05464,2020.34969296721,2020.34972649727,2845000
