node1,node2,length,startLat,startLon,endLat,endLon,endNodeL,startNodeL,startYear,endYear,treeID
6,1,2.90000000000012e-05,641089.867106625,706512.801240093,641093.68875782,706501.787212927,2.90000000000012e-05,0,2020.29505296721,2020.29508196721,6850000
6,7,0.05227,641089.867106625,706512.801240093,649518.094937927,736175.786731236,0.05227,0,2020.29505296721,2020.34732296721,6850000
7,8,0.0051,649518.094937927,736175.786731236,651136.779689835,731411.615836524,0.05737,0.05227,2020.34732296721,2020.35242296721,6850000
7,9,0.00237,649518.094937927,736175.786731236,649620.785875384,741237.843309637,0.05464,0.05227,2020.34732296721,2020.34969296721,6850000
8,2,3.5530059813528e-05,651136.779689835,731411.615836524,656744.256591451,730017.484190977,0.0574055300598135,0.05737,2020.35242296721,2020.35245849727,6850000
8,3,3.5530059813528e-05,651136.779689835,731411.615836524,651030.336508111,731285.218641145,0.0574055300598135,0.05737,2020.35242296721,2020.35245849727,6850000
9,4,0.00823053005981353,649620.785875384,741237.843309637,636387.802382738,727274.72093111,0.0628705300598135,0.05464,2020.34969296721,2020.35792349727,6850000
9,5,3.3530059813526e-05,649620.785875384,741237.843309637,649574.075933813,741093.203564466,0.0546735300598135,0.05464,2020.34969296721,2020.34972649727,6850000
