node1,node2,length,startLat,startLon,endLat,endLon,endNodeL,startNodeL,startYear,endYear,treeID
6,1,2.90000000000012e-05,641127.111588676,706485.495741397,641093.68875782,706501.787212927,2.90000000000012e-05,0,2020.29505296721,2020.29508196721,1054000
6,7,0.05227,641127.111588676,706485.495741397,650853.404256863,731140.641759065,0.05227,0,2020.29505296721,2020.34732296721,1054000
7,8,0.0051,650853.404256863,731140.641759065,651018.923128141,731265.32478289,0.05737,0.05227,2020.34732296721,2020.35242296721,1054000
7,9,0.00237,650853.404256863,731140.641759065,649522.307844159,741070.508489524,0.05464,0.05227,2020.34732296721,2020.34969296721,1054000
8,2,3.5530059813528e-05,651018.923128141,731265.32478289,656744.256591451,730017.484190977,0.0574055300598135,0.05737,2020.35242296721,2020.35245849727,1054000
8,3,3.5530059813528e-05,651018.923128141,731265.32478289,651030.336508111,731285.218641145,0.0574055300598135,0.05737,2020.35242296721,2020.35245849727,1054000
9,4,0.00823053005981353,649522.307844159,741070.508489524,636387.802382738,727274.72093111,0.0628705300598135,0.05464,2020.34969296721,2020.35792349727,1054000
9,5,3.3530059813526e-05,649522.307844159,741070.508489524,649574.075933813,741093.203564466,0.0546735300598135,0.05464,2020.34969296721,2020.34972649727,1054000
