node1,node2,length,startLat,startLon,endLat,endLon,endNodeL,startNodeL,startYear,endYear,treeID
6,1,2.90000000000012e-05,641089.274060109,706512.777701701,641093.68875782,706501.787212927,2.90000000000012e-05,0,2020.29505296721,2020.29508196721,6427000
6,7,0.05227,641089.274060109,706512.777701701,651055.029838894,731234.871255238,0.05227,0,2020.29505296721,2020.34732296721,6427000
7,8,0.0051,651055.029838894,731234.871255238,651048.964187989,731192.897468078,0.05737,0.05227,2020.34732296721,2020.35242296721,6427000
7,9,0.00237,651055.029838894,731234.871255238,649498.30021804,741051.2204211,0.05464,0.05227,2020.34732296721,2020.34969296721,6427000
8,2,3.5530059813528e-05,651048.964187989,731192.897468078,656744.256591451,730017.484190977,0.0574055300598135,0.05737,2020.35242296721,2020.35245849727,6427000
8,3,3.5530059813528e-05,651048.964187989,731192.897468078,651030.336508111,731285.218641145,0.0574055300598135,0.05737,2020.35242296721,2020.35245849727,6427000
9,4,0.00823053005981353,649498.30021804,741051.2204211,636387.802382738,727274.72093111,0.0628705300598135,0.05464,2020.34969296721,2020.35792349727,6427000
9,5,3.3530059813526e-05,649498.30021804,741051.2204211,649574.075933813,741093.203564466,0.0546735300598135,0.05464,2020.34969296721,2020.34972649727,6427000
