node1,node2,length,startLat,startLon,endLat,endLon,endNodeL,startNodeL,startYear,endYear,treeID
6,1,2.90000000000012e-05,641105.132876025,706512.002704903,641093.68875782,706501.787212927,2.90000000000012e-05,0,2020.29505296721,2020.29508196721,4951000
6,7,0.05227,641105.132876025,706512.002704903,651247.423262023,732148.375633431,0.05227,0,2020.29505296721,2020.34732296721,4951000
7,8,0.0051,651247.423262023,732148.375633431,650950.12380584,731301.910340639,0.05737,0.05227,2020.34732296721,2020.35242296721,4951000
7,9,0.00237,651247.423262023,732148.375633431,649589.917904115,741012.199626098,0.05464,0.05227,2020.34732296721,2020.34969296721,4951000
8,2,3.5530059813528e-05,650950.12380584,731301.910340639,656744.256591451,730017.484190977,0.0574055300598135,0.05737,2020.35242296721,2020.35245849727,4951000
8,3,3.5530059813528e-05,650950.12380584,731301.910340639,651030.336508111,731285.218641145,0.0574055300598135,0.05737,2020.35242296721,2020.35245849727,4951000
9,4,0.00823053005981353,649589.917904115,741012.199626098,636387.802382738,727274.72093111,0.0628705300598135,0.05464,2020.34969296721,2020.35792349727,4951000
9,5,3.3530059813526e-05,649589.917904115,741012.199626098,649574.075933813,741093.203564466,0.0546735300598135,0.05464,2020.34969296721,2020.34972649727,4951000
