node1,node2,length,startLat,startLon,endLat,endLon,endNodeL,startNodeL,startYear,endYear,treeID
6,1,2.90000000000012e-05,641078.301429881,706498.319132603,641093.68875782,706501.787212927,2.90000000000012e-05,0,2020.29505296721,2020.29508196721,2620000
6,7,0.05227,641078.301429881,706498.319132603,650898.978825935,731049.470601883,0.05227,0,2020.29505296721,2020.34732296721,2620000
7,8,0.0051,650898.978825935,731049.470601883,651031.822664548,731289.967150467,0.05737,0.05227,2020.34732296721,2020.35242296721,2620000
7,9,0.00237,650898.978825935,731049.470601883,649574.113115887,741094.869903585,0.05464,0.05227,2020.34732296721,2020.34969296721,2620000
8,2,3.5530059813528e-05,651031.822664548,731289.967150467,656744.256591451,730017.484190977,0.0574055300598135,0.05737,2020.35242296721,2020.35245849727,2620000
8,3,3.5530059813528e-05,651031.822664548,731289.967150467,651030.336508111,731285.218641145,0.0574055300598135,0.05737,2020.35242296721,2020.35245849727,2620000
9,4,0.00823053005981353,649574.113115887,741094.869903585,636387.802382738,727274.72093111,0.0628705300598135,0.05464,2020.34969296721,2020.35792349727,2620000
9,5,3.3530059813526e-05,649574.113115887,741094.869903585,649574.075933813,741093.203564466,0.0546735300598135,0.05464,2020.34969296721,2020.34972649727,2620000
