node1,node2,length,startLat,startLon,endLat,endLon,endNodeL,startNodeL,startYear,endYear,treeID
5,1,0.0533163621950143,638004.27347974,767606.250042264,638058.513472575,767647.916397663,0.0533163621950143,0,2020.20624647933,2020.25956284152,534000
5,6,0.008754206815,638004.27347974,767606.250042264,638001.10978144,767322.797019988,0.008754206815,0,2020.20624647933,2020.21500068615,534000
6,2,0.0527588766950143,638001.10978144,767322.797019988,632623.194604429,753519.936208098,0.0615130835100143,0.008754206815,2020.21500068615,2020.26775956284,534000
6,7,0.003386806173,638001.10978144,767322.797019988,637910.474102045,767287.703099406,0.012141012988,0.008754206815,2020.21500068615,2020.21838749232,534000
7,3,0.0466398300850143,637910.474102045,767287.703099406,643822.776734008,754699.551187068,0.0587808430730143,0.012141012988,2020.21838749232,2020.2650273224,534000
7,4,0.0357108683350143,637910.474102045,767287.703099406,634684.670427803,762502.12267159,0.0478518813230143,0.012141012988,2020.21838749232,2020.25409836065,534000
