node1,node2,length,startLat,startLon,endLat,endLon,endNodeL,startNodeL,startYear,endYear,treeID
5,1,0.0533163621950143,635672.157684837,763700.224208123,638058.513472575,767647.916397663,0.0533163621950143,0,2020.20624647933,2020.25956284152,547000
5,6,0.008754206815,635672.157684837,763700.224208123,635806.175567129,763961.216226989,0.008754206815,0,2020.20624647933,2020.21500068615,547000
6,2,0.0527588766950143,635806.175567129,763961.216226989,632623.194604429,753519.936208098,0.0615130835100143,0.008754206815,2020.21500068615,2020.26775956284,547000
6,7,0.003386806173,635806.175567129,763961.216226989,635881.072768164,763977.341068515,0.012141012988,0.008754206815,2020.21500068615,2020.21838749232,547000
7,3,0.0466398300850143,635881.072768164,763977.341068515,643822.776734008,754699.551187068,0.0587808430730143,0.012141012988,2020.21838749232,2020.2650273224,547000
7,4,0.0357108683350143,635881.072768164,763977.341068515,634684.670427803,762502.12267159,0.0478518813230143,0.012141012988,2020.21838749232,2020.25409836065,547000
