node1,node2,length,startLat,startLon,endLat,endLon,endNodeL,startNodeL,startYear,endYear,treeID
5,1,0.02248790164,679957.601039093,574145.151500015,678850.902938695,577748.190653825,0.02248790164,0,2020.15510772678,2020.17759562842,472000
5,6,0.011368,679957.601039093,574145.151500015,680277.457532576,679134.704441147,0.011368,0,2020.15510772678,2020.16647572678,472000
6,2,0.000190939890800001,680277.457532576,679134.704441147,680367.816773175,678695.257577037,0.0115589398908,0.011368,2020.16647572678,2020.16666666667,472000
6,7,0.005420305142,680277.457532576,679134.704441147,680116.077305238,679471.471141128,0.016788305142,0.011368,2020.16647572678,2020.17189603192,472000
7,3,0.0002351156228,680116.077305238,679471.471141128,673757.807724076,680753.929730989,0.0170234207648,0.016788305142,2020.17189603192,2020.17213114754,472000
7,4,0.00296735606,680116.077305238,679471.471141128,672083.43696515,738220.096821161,0.019755661202,0.016788305142,2020.17189603192,2020.17486338798,472000
