node1,node2,length,startLat,startLon,endLat,endLon,endNodeL,startNodeL,startYear,endYear,treeID
5,1,0.0533163621950143,637658.318295362,766995.913009024,638058.513472575,767647.916397663,0.0533163621950143,0,2020.20624647933,2020.25956284152,535000
5,6,0.008754206815,637658.318295362,766995.913009024,637619.277579464,766796.334040221,0.008754206815,0,2020.20624647933,2020.21500068615,535000
6,2,0.0527588766950143,637619.277579464,766796.334040221,632623.194604429,753519.936208098,0.0615130835100143,0.008754206815,2020.21500068615,2020.26775956284,535000
6,7,0.003386806173,637619.277579464,766796.334040221,637575.305264448,766743.623845449,0.012141012988,0.008754206815,2020.21500068615,2020.21838749232,535000
7,3,0.0466398300850143,637575.305264448,766743.623845449,643822.776734008,754699.551187068,0.0587808430730143,0.012141012988,2020.21838749232,2020.2650273224,535000
7,4,0.0357108683350143,637575.305264448,766743.623845449,634684.670427803,762502.12267159,0.0478518813230143,0.012141012988,2020.21838749232,2020.25409836065,535000
