node1,node2,length,startLat,startLon,endLat,endLon,endNodeL,startNodeL,startYear,endYear,treeID
5,1,0.0533163621950143,632861.926204087,753687.107188848,638058.513472575,767647.916397663,0.0533163621950143,0,2020.20624647933,2020.25956284152,725000
5,6,0.008754206815,632861.926204087,753687.107188848,632665.073292602,753682.334043636,0.008754206815,0,2020.20624647933,2020.21500068615,725000
6,2,0.0527588766950143,632665.073292602,753682.334043636,632623.194604429,753519.936208098,0.0615130835100143,0.008754206815,2020.21500068615,2020.26775956284,725000
6,7,0.003386806173,632665.073292602,753682.334043636,632661.267726063,754032.653900165,0.012141012988,0.008754206815,2020.21500068615,2020.21838749232,725000
7,3,0.0466398300850143,632661.267726063,754032.653900165,643822.776734008,754699.551187068,0.0587808430730143,0.012141012988,2020.21838749232,2020.2650273224,725000
7,4,0.0357108683350143,632661.267726063,754032.653900165,634684.670427803,762502.12267159,0.0478518813230143,0.012141012988,2020.21838749232,2020.25409836065,725000
