node1,node2,length,startLat,startLon,endLat,endLon,endNodeL,startNodeL,startYear,endYear,treeID
5,1,0.02248790164,674009.921808247,683869.700572718,678850.902938695,577748.190653825,0.02248790164,0,2020.15510772678,2020.17759562842,299000
5,6,0.011368,674009.921808247,683869.700572718,673575.289058088,682636.221958396,0.011368,0,2020.15510772678,2020.16647572678,299000
6,2,0.000190939890800001,673575.289058088,682636.221958396,680367.816773175,678695.257577037,0.0115589398908,0.011368,2020.16647572678,2020.16666666667,299000
6,7,0.005420305142,673575.289058088,682636.221958396,673781.607348215,680511.827325451,0.016788305142,0.011368,2020.16647572678,2020.17189603192,299000
7,3,0.0002351156228,673781.607348215,680511.827325451,673757.807724076,680753.929730989,0.0170234207648,0.016788305142,2020.17189603192,2020.17213114754,299000
7,4,0.00296735606,673781.607348215,680511.827325451,672083.43696515,738220.096821161,0.019755661202,0.016788305142,2020.17189603192,2020.17486338798,299000
