node1,node2,length,startLat,startLon,endLat,endLon,endNodeL,startNodeL,startYear,endYear,treeID
5,1,0.0533163621950143,638095.621551323,767825.14915859,638058.513472575,767647.916397663,0.0533163621950143,0,2020.20624647933,2020.25956284152,804000
5,6,0.008754206815,638095.621551323,767825.14915859,634612.001492817,762450.730324353,0.008754206815,0,2020.20624647933,2020.21500068615,804000
6,2,0.0527588766950143,634612.001492817,762450.730324353,632623.194604429,753519.936208098,0.0615130835100143,0.008754206815,2020.21500068615,2020.26775956284,804000
6,7,0.003386806173,634612.001492817,762450.730324353,634623.285304079,762483.308681045,0.012141012988,0.008754206815,2020.21500068615,2020.21838749232,804000
7,3,0.0466398300850143,634623.285304079,762483.308681045,643822.776734008,754699.551187068,0.0587808430730143,0.012141012988,2020.21838749232,2020.2650273224,804000
7,4,0.0357108683350143,634623.285304079,762483.308681045,634684.670427803,762502.12267159,0.0478518813230143,0.012141012988,2020.21838749232,2020.25409836065,804000
