node1,node2,length,startLat,startLon,endLat,endLon,endNodeL,startNodeL,startYear,endYear,treeID
5,1,0.02248790164,679882.706565576,594192.145672089,678850.902938695,577748.190653825,0.02248790164,0,2020.15510772678,2020.17759562842,247000
5,6,0.011368,679882.706565576,594192.145672089,680384.333476756,678288.156728578,0.011368,0,2020.15510772678,2020.16647572678,247000
6,2,0.000190939890800001,680384.333476756,678288.156728578,680367.816773175,678695.257577037,0.0115589398908,0.011368,2020.16647572678,2020.16666666667,247000
6,7,0.005420305142,680384.333476756,678288.156728578,673774.094186678,679821.049315787,0.016788305142,0.011368,2020.16647572678,2020.17189603192,247000
7,3,0.0002351156228,673774.094186678,679821.049315787,673757.807724076,680753.929730989,0.0170234207648,0.016788305142,2020.17189603192,2020.17213114754,247000
7,4,0.00296735606,673774.094186678,679821.049315787,672083.43696515,738220.096821161,0.019755661202,0.016788305142,2020.17189603192,2020.17486338798,247000
