node1,node2,length,startLat,startLon,endLat,endLon,endNodeL,startNodeL,startYear,endYear,treeID
5,1,0.02248790164,680487.148970264,679516.020233401,678850.902938695,577748.190653825,0.02248790164,0,2020.15510772678,2020.17759562842,594000
5,6,0.011368,680487.148970264,679516.020233401,680477.572968162,678866.676308137,0.011368,0,2020.15510772678,2020.16647572678,594000
6,2,0.000190939890800001,680477.572968162,678866.676308137,680367.816773175,678695.257577037,0.0115589398908,0.011368,2020.16647572678,2020.16666666667,594000
6,7,0.005420305142,680477.572968162,678866.676308137,673812.939044063,681567.364277733,0.016788305142,0.011368,2020.16647572678,2020.17189603192,594000
7,3,0.0002351156228,673812.939044063,681567.364277733,673757.807724076,680753.929730989,0.0170234207648,0.016788305142,2020.17189603192,2020.17213114754,594000
7,4,0.00296735606,673812.939044063,681567.364277733,672083.43696515,738220.096821161,0.019755661202,0.016788305142,2020.17189603192,2020.17486338798,594000
