node1,node2,length,startLat,startLon,endLat,endLon,endNodeL,startNodeL,startYear,endYear,treeID
5,1,0.02248790164,678717.561934476,577653.837285348,678850.902938695,577748.190653825,0.02248790164,0,2020.15510772678,2020.17759562842,689000
5,6,0.011368,678717.561934476,577653.837285348,680389.752884781,678416.143532383,0.011368,0,2020.15510772678,2020.16647572678,689000
6,2,0.000190939890800001,680389.752884781,678416.143532383,680367.816773175,678695.257577037,0.0115589398908,0.011368,2020.16647572678,2020.16666666667,689000
6,7,0.005420305142,680389.752884781,678416.143532383,673779.571249098,680862.754558192,0.016788305142,0.011368,2020.16647572678,2020.17189603192,689000
7,3,0.0002351156228,673779.571249098,680862.754558192,673757.807724076,680753.929730989,0.0170234207648,0.016788305142,2020.17189603192,2020.17213114754,689000
7,4,0.00296735606,673779.571249098,680862.754558192,672083.43696515,738220.096821161,0.019755661202,0.016788305142,2020.17189603192,2020.17486338798,689000
