node1,node2,length,startLat,startLon,endLat,endLon,endNodeL,startNodeL,startYear,endYear,treeID
8,10,0.000198934003200001,628232.435461072,627521.006648306,627778.959739039,627602.654609775,0.000198934003200001,0,2020.15477379278,2020.15497272678,103000
8,9,0.000198934003200001,628232.435461072,627521.006648306,627778.959739039,627602.654609775,0.000198934003200001,0,2020.15477379278,2020.15497272678,103000
9,1,0.0226229016400143,627778.959739039,627602.654609775,584275.317855786,653234.66501426,0.0228218356432143,0.000198934003200001,2020.15497272678,2020.17759562842,103000
9,2,0.0198906612000143,627778.959739039,627602.654609775,627707.152126429,628032.562030586,0.0200895952032143,0.000198934003200001,2020.15497272678,2020.17486338798,103000
10,11,0.0197904644,627778.959739039,627602.654609775,639722.549606359,620207.497180424,0.0199893984032,0.000198934003200001,2020.15497272678,2020.17476319118,103000
10,12,0.008661,627778.959739039,627602.654609775,633226.865114835,626131.703609824,0.0088599340032,0.000198934003200001,2020.15497272678,2020.16363372678,103000
11,3,0.000100196806014256,639722.549606359,620207.497180424,710330.201391463,625622.478040172,0.0200895952092143,0.0199893984032,2020.17476319118,2020.17486338799,103000
11,4,0.00283243724301425,639722.549606359,620207.497180424,694876.378245711,603448.771801489,0.0228218356462143,0.0199893984032,2020.17476319118,2020.17759562842,103000
12,5,0.0221586229500143,633226.865114835,626131.703609824,624291.354833794,652635.622046276,0.0310185569532143,0.0088599340032,2020.16363372678,2020.18579234973,103000
12,13,0.007286,633226.865114835,626131.703609824,633306.689783059,625164.990198295,0.0161459340032,0.0088599340032,2020.16363372678,2020.17091972678,103000
13,6,0.00394366120201426,633306.689783059,625164.990198295,619799.871472232,631619.713259612,0.0200895952052143,0.0161459340032,2020.17091972678,2020.17486338798,103000
13,7,0.00667590163901426,633306.689783059,625164.990198295,662350.068288215,598656.892528021,0.0228218356422143,0.0161459340032,2020.17091972678,2020.17759562842,103000
