node1,node2,length,startLat,startLon,endLat,endLon,endNodeL,startNodeL,startYear,endYear,treeID
8,10,0.000198934003200001,625748.899621661,628837.504825822,624862.352773299,629235.716492238,0.000198934003200001,0,2020.15477379278,2020.15497272678,158000
8,9,0.000198934003200001,625748.899621661,628837.504825822,624862.352773299,629235.716492238,0.000198934003200001,0,2020.15477379278,2020.15497272678,158000
9,1,0.0226229016400143,624862.352773299,629235.716492238,584275.317855786,653234.66501426,0.0228218356432143,0.000198934003200001,2020.15497272678,2020.17759562842,158000
9,2,0.0198906612000143,624862.352773299,629235.716492238,627707.152126429,628032.562030586,0.0200895952032143,0.000198934003200001,2020.15497272678,2020.17486338798,158000
10,11,0.0197904644,624862.352773299,629235.716492238,695463.093002006,602593.013633227,0.0199893984032,0.000198934003200001,2020.15497272678,2020.17476319118,158000
10,12,0.008661,624862.352773299,629235.716492238,619272.479693672,633312.097148116,0.0088599340032,0.000198934003200001,2020.15497272678,2020.16363372678,158000
11,3,0.000100196806014256,695463.093002006,602593.013633227,710330.201391463,625622.478040172,0.0200895952092143,0.0199893984032,2020.17476319118,2020.17486338799,158000
11,4,0.00283243724301425,695463.093002006,602593.013633227,694876.378245711,603448.771801489,0.0228218356462143,0.0199893984032,2020.17476319118,2020.17759562842,158000
12,5,0.0221586229500143,619272.479693672,633312.097148116,624291.354833794,652635.622046276,0.0310185569532143,0.0088599340032,2020.16363372678,2020.18579234973,158000
12,13,0.007286,619272.479693672,633312.097148116,619312.290868497,631613.18635374,0.0161459340032,0.0088599340032,2020.16363372678,2020.17091972678,158000
13,6,0.00394366120201426,619312.290868497,631613.18635374,619799.871472232,631619.713259612,0.0200895952052143,0.0161459340032,2020.17091972678,2020.17486338798,158000
13,7,0.00667590163901426,619312.290868497,631613.18635374,662350.068288215,598656.892528021,0.0228218356422143,0.0161459340032,2020.17091972678,2020.17759562842,158000
