node1,node2,length,startLon,startLat,endLon,endLat,endNodeL,startNodeL,startYear,endYear
6,1,0.0349700062908483,611182.201116027,637390.835876745,610672.997071254,649242.580807529,0.0349700062908483,0,2020.19180594999,2020.22677595628
6,7,0.00912478046699999,611182.201116027,637390.835876745,611242.163878675,633366.50971625,0.00912478046699999,0,2020.19180594999,2020.20093073046
7,8,0.007962840162,611242.163878675,633366.50971625,731605.703714819,647444.68046731,0.017087620629,0.00912478046699999,2020.20093073046,2020.20889357062
7,9,0.01628766065,611242.163878675,633366.50971625,611282.89981116,624506.130167469,0.025412441117,0.00912478046699999,2020.20093073046,2020.21721839111
9,4,0.00682532473884833,611282.89981116,624506.130167469,612740.729090641,624078.720304254,0.0322377658558483,0.025412441117,2020.21721839111,2020.22404371585
9,5,0.00955756517584833,611282.89981116,624506.130167469,609832.920347254,624777.471675196,0.0349700062928483,0.025412441117,2020.21721839111,2020.22677595628
8,2,0.0588659922208483,731605.703714819,647444.68046731,732128.344082865,649501.981056806,0.0759536128498483,0.017087620629,2020.20889357062,2020.26775956284
8,3,0.0588659922208483,731605.703714819,647444.68046731,731274.801005957,645359.74255483,0.0759536128498483,0.017087620629,2020.20889357062,2020.26775956284
