node1,node2,length,startLon,startLat,endLon,endLat,endNodeL,startNodeL,startYear,endYear
4,5,0.00244,636889.763715358,645728.55350943,645767.35424905,664348.189859425,0.00244,0,2020.17240238798,2020.17484238798
4,3,0.002461,636889.763715358,645728.55350943,628274.842073442,627769.056706338,0.002461,0,2020.17240238798,2020.17486338798
5,1,2.10000000000002e-05,645767.35424905,664348.189859425,658991.869518973,727525.586831968,0.002461,0.00244,2020.17484238798,2020.17486338798
5,2,2.10000000000002e-05,645767.35424905,664348.189859425,645535.839826583,661849.80262593,0.002461,0.00244,2020.17484238798,2020.17486338798
