node1,node2,length,startLon,startLat,endLon,endLat,endNodeL,startNodeL,startYear,endYear
6,7,0.000100295111099998,736745.859315443,647234.188387662,736828.36781914,647370.954319611,0.000100295111099998,0,2020.20742849686,2020.20752879197
6,8,0.000100295111099998,736745.859315443,647234.188387662,736666.177275817,647138.168416981,0.000100295111099998,0,2020.20742849686,2020.20752879197
8,9,0.007679328005,736666.177275817,647138.168416981,735875.915454883,647019.396611173,0.0077796231161,0.000100295111099998,2020.20752879197,2020.21520811997
9,5,0.003371114992,735875.915454883,647019.396611173,735697.836069259,646973.830197882,0.0111507381081,0.0077796231161,2020.21520811997,2020.21857923497
8,3,0.01378268344,736666.177275817,647138.168416981,736831.556474489,643773.982234848,0.0138829785511,0.000100295111099998,2020.20752879197,2020.22131147541
7,2,0.03564060693,736828.36781914,647370.954319611,742020.662823916,648800.915535261,0.0357409020411,0.000100295111099998,2020.20752879197,2020.2431693989
9,4,0.02796127893,735875.915454883,647019.396611173,718956.970261444,643793.051666382,0.0357409020461,0.0077796231161,2020.21520811997,2020.2431693989
7,1,0.05203404956,736828.36781914,647370.954319611,734135.589034914,648949.210202696,0.0521343446711,0.000100295111099998,2020.20752879197,2020.25956284153
