node1,node2,length,startLon,startLat,endLon,endLat,endNodeL,startNodeL,startYear,endYear
5,1,0.0506485026598547,766214.44027648,657928.103895826,765889.085372051,657639.165599062,0.0506485026598547,0,2020.20618209844,2020.2568306011
5,6,0.008460423802,766214.44027648,657928.103895826,766348.263419472,658055.727887059,0.008460423802,0,2020.20618209844,2020.21464252224
6,7,0.003993973548,766348.263419472,658055.727887059,766518.028656612,658492.268036234,0.01245439735,0.008460423802,2020.21464252224,2020.21863649579
6,2,0.0421880788498546,766348.263419472,658055.727887059,766562.929162255,658158.505482445,0.0506485026518546,0.008460423802,2020.21464252224,2020.25683060109
7,3,0.0409263457398547,766518.028656612,658492.268036234,785629.360417715,615493.553492952,0.0533807430898547,0.01245439735,2020.21863649579,2020.25956284153
7,4,0.0409263457398547,766518.028656612,658492.268036234,767409.876759617,660504.996233144,0.0533807430898547,0.01245439735,2020.21863649579,2020.25956284153
