node1,node2,length,startLat,startLon,endLat,endLon,endNodeL,startNodeL,startYear,endYear,treeID
5,1,8.99999999999512e-06,675127.162939014,673170.205689449,675145.751336882,673150.898347533,8.99999999999512e-06,0,2020.16119318579,2020.16120218579,5869000
5,6,0.01366,675127.162939014,673170.205689449,666662.631337733,651041.735188341,0.01366,0,2020.16119318579,2020.17485318579,5869000
6,2,1.04918099098003e-05,666662.631337733,651041.735188341,666654.530680034,651053.553820476,0.0136704918099098,0.01366,2020.17485318579,2020.1748636776,5869000
6,7,0.05737,666662.631337733,651041.735188341,619233.792260353,658222.655418807,0.07103,0.01366,2020.17485318579,2020.23222318579,5869000
7,3,1.74918099098004e-05,619233.792260353,658222.655418807,617895.120952968,662548.652639354,0.0710474918099098,0.07103,2020.23222318579,2020.2322406776,5869000
7,4,0.0027494918099098,619233.792260353,658222.655418807,620864.117122837,658364.088003937,0.0737794918099098,0.07103,2020.23222318579,2020.2349726776,5869000
