node1,node2,length,startLat,startLon,endLat,endLon,endNodeL,startNodeL,startYear,endYear,treeID
5,1,8.99999999999512e-06,675147.013904774,673157.181593218,675145.751336882,673150.898347533,8.99999999999512e-06,0,2020.16119318579,2020.16120218579,7984000
5,6,0.01366,675147.013904774,673157.181593218,666655.218950558,651047.955701923,0.01366,0,2020.16119318579,2020.17485318579,7984000
6,2,1.04918099098003e-05,666655.218950558,651047.955701923,666654.530680034,651053.553820476,0.0136704918099098,0.01366,2020.17485318579,2020.1748636776,7984000
6,7,0.05737,666655.218950558,651047.955701923,617893.635029645,662541.43796805,0.07103,0.01366,2020.17485318579,2020.23222318579,7984000
7,3,1.74918099098004e-05,617893.635029645,662541.43796805,617895.120952968,662548.652639354,0.0710474918099098,0.07103,2020.23222318579,2020.2322406776,7984000
7,4,0.0027494918099098,617893.635029645,662541.43796805,620864.117122837,658364.088003937,0.0737794918099098,0.07103,2020.23222318579,2020.2349726776,7984000
