node1,node2,length,startLat,startLon,endLat,endLon,endNodeL,startNodeL,startYear,endYear,treeID
4,1,0.0741415956298546,644528.063317425,735615.22974996,644555.778043861,735653.104778311,0.0741415956298546,0,2020.19088572677,2020.2650273224,524000
4,5,0.026307,644528.063317425,735615.22974996,642297.157177878,727754.400167356,0.026307,0,2020.19088572677,2020.21719272677,524000
5,2,0.0478345956298546,642297.157177878,727754.400167356,642743.251635511,723762.173371854,0.0741415956298546,0.026307,2020.21719272677,2020.2650273224,524000
5,3,0.0505668360698547,642297.157177878,727754.400167356,642166.964320699,727697.688035103,0.0768738360698547,0.026307,2020.21719272677,2020.26775956284,524000
