node1,node2,length,startLat,startLon,endLat,endLon,endNodeL,startNodeL,startYear,endYear,treeID
4,1,0.0741415956298546,645134.636037903,736238.582082436,644555.778043861,735653.104778311,0.0741415956298546,0,2020.19088572677,2020.2650273224,363000
4,5,0.026307,645134.636037903,736238.582082436,642748.15463442,723914.833358131,0.026307,0,2020.19088572677,2020.21719272677,363000
5,2,0.0478345956298546,642748.15463442,723914.833358131,642743.251635511,723762.173371854,0.0741415956298546,0.026307,2020.21719272677,2020.2650273224,363000
5,3,0.0505668360698547,642748.15463442,723914.833358131,642166.964320699,727697.688035103,0.0768738360698547,0.026307,2020.21719272677,2020.26775956284,363000
