node1,node2,length,startLat,startLon,endLat,endLon,endNodeL,startNodeL,startYear,endYear,treeID
4,1,0.0741415956298546,642645.216027523,735114.7877747,644555.778043861,735653.104778311,0.0741415956298546,0,2020.19088572677,2020.2650273224,686000
4,5,0.026307,642645.216027523,735114.7877747,643155.415882473,728753.51743482,0.026307,0,2020.19088572677,2020.21719272677,686000
5,2,0.0478345956298546,643155.415882473,728753.51743482,642743.251635511,723762.173371854,0.0741415956298546,0.026307,2020.21719272677,2020.2650273224,686000
5,3,0.0505668360698547,643155.415882473,728753.51743482,642166.964320699,727697.688035103,0.0768738360698547,0.026307,2020.21719272677,2020.26775956284,686000
