node1,node2,length,startLat,startLon,endLat,endLon,endNodeL,startNodeL,startYear,endYear,treeID
4,1,0.0741415956298546,642975.356936658,729417.595684642,644555.778043861,735653.104778311,0.0741415956298546,0,2020.19088572677,2020.2650273224,961000
4,5,0.026307,642975.356936658,729417.595684642,642660.991637544,728601.321788754,0.026307,0,2020.19088572677,2020.21719272677,961000
5,2,0.0478345956298546,642660.991637544,728601.321788754,642743.251635511,723762.173371854,0.0741415956298546,0.026307,2020.21719272677,2020.2650273224,961000
5,3,0.0505668360698547,642660.991637544,728601.321788754,642166.964320699,727697.688035103,0.0768738360698547,0.026307,2020.21719272677,2020.26775956284,961000
