node1,node2,length,startLat,startLon,endLat,endLon,endNodeL,startNodeL,startYear,endYear,treeID
4,1,0.0741415956298546,644487.434218817,735706.830048286,644555.778043861,735653.104778311,0.0741415956298546,0,2020.19088572677,2020.2650273224,322000
4,5,0.026307,644487.434218817,735706.830048286,644384.161137006,735221.517157612,0.026307,0,2020.19088572677,2020.21719272677,322000
5,2,0.0478345956298546,644384.161137006,735221.517157612,642743.251635511,723762.173371854,0.0741415956298546,0.026307,2020.21719272677,2020.2650273224,322000
5,3,0.0505668360698547,644384.161137006,735221.517157612,642166.964320699,727697.688035103,0.0768738360698547,0.026307,2020.21719272677,2020.26775956284,322000
