node1,node2,length,startLat,startLon,endLat,endLon,endNodeL,startNodeL,startYear,endYear,treeID
4,1,0.0741415956298546,641929.473166745,725797.071244577,644555.778043861,735653.104778311,0.0741415956298546,0,2020.19088572677,2020.2650273224,722000
4,5,0.026307,641929.473166745,725797.071244577,641818.14517423,725111.487151453,0.026307,0,2020.19088572677,2020.21719272677,722000
5,2,0.0478345956298546,641818.14517423,725111.487151453,642743.251635511,723762.173371854,0.0741415956298546,0.026307,2020.21719272677,2020.2650273224,722000
5,3,0.0505668360698547,641818.14517423,725111.487151453,642166.964320699,727697.688035103,0.0768738360698547,0.026307,2020.21719272677,2020.26775956284,722000
