node1,node2,length,startLat,startLon,endLat,endLon,endNodeL,startNodeL,startYear,endYear,treeID
4,1,0.0741415956298546,641959.735494418,727442.228195508,644555.778043861,735653.104778311,0.0741415956298546,0,2020.19088572677,2020.2650273224,119000
4,5,0.026307,641959.735494418,727442.228195508,642106.600428141,727630.056865177,0.026307,0,2020.19088572677,2020.21719272677,119000
5,2,0.0478345956298546,642106.600428141,727630.056865177,642743.251635511,723762.173371854,0.0741415956298546,0.026307,2020.21719272677,2020.2650273224,119000
5,3,0.0505668360698547,642106.600428141,727630.056865177,642166.964320699,727697.688035103,0.0768738360698547,0.026307,2020.21719272677,2020.26775956284,119000
