node1,node2,length,startLat,startLon,endLat,endLon,endNodeL,startNodeL,startYear,endYear,treeID
4,1,0.0741415956298546,644978.321753616,736216.036818256,644555.778043861,735653.104778311,0.0741415956298546,0,2020.19088572677,2020.2650273224,539000
4,5,0.026307,644978.321753616,736216.036818256,642901.234187934,729943.325650138,0.026307,0,2020.19088572677,2020.21719272677,539000
5,2,0.0478345956298546,642901.234187934,729943.325650138,642743.251635511,723762.173371854,0.0741415956298546,0.026307,2020.21719272677,2020.2650273224,539000
5,3,0.0505668360698547,642901.234187934,729943.325650138,642166.964320699,727697.688035103,0.0768738360698547,0.026307,2020.21719272677,2020.26775956284,539000
