node1,node2,length,startLat,startLon,endLat,endLon,endNodeL,startNodeL,startYear,endYear,treeID
9,10,0.044038,617700.231721946,655468.599929732,653250.506734392,737225.064487671,0.044038,0,2020.13901510929,2020.18305310929,9478000
9,11,0.000338000000000005,617700.231721946,655468.599929732,617785.713820185,655658.83062035,0.000338000000000005,0,2020.13901510929,2020.13935310929,9478000
10,1,7.000000000007e-06,653250.506734392,737225.064487671,653254.317343162,737237.606517358,0.044045,0.044038,2020.18305310929,2020.18306010929,9478000
10,2,0.0710452513700552,653250.506734392,737225.064487671,651044.150579737,740054.132644002,0.115083251370055,0.044038,2020.18305310929,2020.25409836066,9478000
11,12,0.0355,617785.713820185,655658.83062035,642293.051612878,729638.369078755,0.035838,0.000338000000000005,2020.13935310929,2020.17485310929,9478000
11,13,0.03277,617785.713820185,655658.83062035,616494.607964591,650716.755152791,0.033108,0.000338000000000005,2020.13935310929,2020.17212310929,9478000
12,3,0.00274225137005517,642293.051612878,729638.369078755,642347.447131056,729838.658272942,0.0385802513700552,0.035838,2020.17485310929,2020.17759536066,9478000
12,4,1.0251370055156e-05,642293.051612878,729638.369078755,644609.987120652,748321.670461298,0.0358482513700552,0.035838,2020.17485310929,2020.17486336066,9478000
13,5,7.25137005516685e-06,616494.607964591,650716.755152791,616497.467929696,650730.970837039,0.0331152513700552,0.033108,2020.17212310929,2020.17213036066,9478000
13,14,0.00273,616494.607964591,650716.755152791,617208.519935479,651114.876732488,0.035838,0.033108,2020.17212310929,2020.17485310929,9478000
14,6,0.00274225137005517,617208.519935479,651114.876732488,634552.343793883,724432.133961774,0.0385802513700552,0.035838,2020.17485310929,2020.17759536066,9478000
14,15,0.00273,617208.519935479,651114.876732488,617208.519935479,651114.876732488,0.038568,0.035838,2020.17485310929,2020.17758310929,9478000
15,7,1.2251370055158e-05,617208.519935479,651114.876732488,655010.755787554,762806.86975201,0.0385802513700551,0.038568,2020.17758310929,2020.17759536066,9478000
15,8,0.0491922513700552,617208.519935479,651114.876732488,618121.097215688,651407.400855015,0.0877602513700552,0.038568,2020.17758310929,2020.22677536066,9478000
