node1,node2,length,startLat,startLon,endLat,endLon,endNodeL,startNodeL,startYear,endYear,treeID
9,10,0.044038,618822.916413349,661309.508305942,653356.104404328,737573.07719757,0.044038,0,2020.13901510929,2020.18305310929,2881000
9,11,0.000338000000000005,618822.916413349,661309.508305942,618581.681492901,660378.887221334,0.000338000000000005,0,2020.13901510929,2020.13935310929,2881000
10,1,7.000000000007e-06,653356.104404328,737573.07719757,653254.317343162,737237.606517358,0.044045,0.044038,2020.18305310929,2020.18306010929,2881000
10,2,0.0710452513700552,653356.104404328,737573.07719757,651044.150579737,740054.132644002,0.115083251370055,0.044038,2020.18305310929,2020.25409836066,2881000
11,12,0.0355,618581.681492901,660378.887221334,643948.692104045,746962.650587652,0.035838,0.000338000000000005,2020.13935310929,2020.17485310929,2881000
11,13,0.03277,618581.681492901,660378.887221334,616430.219278007,650494.886147724,0.033108,0.000338000000000005,2020.13935310929,2020.17212310929,2881000
12,3,0.00274225137005517,643948.692104045,746962.650587652,642347.447131056,729838.658272942,0.0385802513700552,0.035838,2020.17485310929,2020.17759536066,2881000
12,4,1.0251370055156e-05,643948.692104045,746962.650587652,644609.987120652,748321.670461298,0.0358482513700552,0.035838,2020.17485310929,2020.17486336066,2881000
13,5,7.25137005516685e-06,616430.219278007,650494.886147724,616497.467929696,650730.970837039,0.0331152513700552,0.033108,2020.17212310929,2020.17213036066,2881000
13,14,0.00273,616430.219278007,650494.886147724,618883.280004385,655586.416669734,0.035838,0.033108,2020.17212310929,2020.17485310929,2881000
14,6,0.00274225137005517,618883.280004385,655586.416669734,634552.343793883,724432.133961774,0.0385802513700552,0.035838,2020.17485310929,2020.17759536066,2881000
14,15,0.00273,618883.280004385,655586.416669734,618883.280004385,655586.416669734,0.038568,0.035838,2020.17485310929,2020.17758310929,2881000
15,7,1.2251370055158e-05,618883.280004385,655586.416669734,655010.755787554,762806.86975201,0.0385802513700551,0.038568,2020.17758310929,2020.17759536066,2881000
15,8,0.0491922513700552,618883.280004385,655586.416669734,618121.097215688,651407.400855015,0.0877602513700552,0.038568,2020.17758310929,2020.22677536066,2881000
