node1,node2,length,startLat,startLon,endLat,endLon,endNodeL,startNodeL,startYear,endYear,treeID
9,10,0.044038,647787.851554103,745544.055272856,653260.594460778,737258.47533994,0.044038,0,2020.13901510929,2020.18305310929,8353000
9,11,0.000338000000000005,647787.851554103,745544.055272856,647867.017404457,745660.891214702,0.000338000000000005,0,2020.13901510929,2020.13935310929,8353000
10,1,7.000000000007e-06,653260.594460778,737258.47533994,653254.317343162,737237.606517358,0.044045,0.044038,2020.18305310929,2020.18306010929,8353000
10,2,0.0710452513700552,653260.594460778,737258.47533994,651044.150579737,740054.132644002,0.115083251370055,0.044038,2020.18305310929,2020.25409836066,8353000
11,12,0.0355,647867.017404457,745660.891214702,644498.451880791,747531.756840557,0.035838,0.000338000000000005,2020.13935310929,2020.17485310929,8353000
11,13,0.03277,647867.017404457,745660.891214702,616461.072833746,650692.707107234,0.033108,0.000338000000000005,2020.13935310929,2020.17212310929,8353000
12,3,0.00274225137005517,644498.451880791,747531.756840557,642347.447131056,729838.658272942,0.0385802513700552,0.035838,2020.17485310929,2020.17759536066,8353000
12,4,1.0251370055156e-05,644498.451880791,747531.756840557,644609.987120652,748321.670461298,0.0358482513700552,0.035838,2020.17485310929,2020.17486336066,8353000
13,5,7.25137005516685e-06,616461.072833746,650692.707107234,616497.467929696,650730.970837039,0.0331152513700552,0.033108,2020.17212310929,2020.17213036066,8353000
13,14,0.00273,616461.072833746,650692.707107234,616660.609901754,650995.159881554,0.035838,0.033108,2020.17212310929,2020.17485310929,8353000
14,6,0.00274225137005517,616660.609901754,650995.159881554,634552.343793883,724432.133961774,0.0385802513700552,0.035838,2020.17485310929,2020.17759536066,8353000
14,15,0.00273,616660.609901754,650995.159881554,616660.609901754,650995.159881554,0.038568,0.035838,2020.17485310929,2020.17758310929,8353000
15,7,1.2251370055158e-05,616660.609901754,650995.159881554,655010.755787554,762806.86975201,0.0385802513700551,0.038568,2020.17758310929,2020.17759536066,8353000
15,8,0.0491922513700552,616660.609901754,650995.159881554,618121.097215688,651407.400855015,0.0877602513700552,0.038568,2020.17758310929,2020.22677536066,8353000
