node1,node2,length,startLat,startLon,endLat,endLon,endNodeL,startNodeL,startYear,endYear,treeID
9,10,0.044038,653009.164362378,738735.412759825,653318.435771488,737811.453263251,0.044038,0,2020.13901510929,2020.18305310929,8884000
9,11,0.000338000000000005,653009.164362378,738735.412759825,652862.204654336,738942.132996576,0.000338000000000005,0,2020.13901510929,2020.13935310929,8884000
10,1,7.000000000007e-06,653318.435771488,737811.453263251,653254.317343162,737237.606517358,0.044045,0.044038,2020.18305310929,2020.18306010929,8884000
10,2,0.0710452513700552,653318.435771488,737811.453263251,651044.150579737,740054.132644002,0.115083251370055,0.044038,2020.18305310929,2020.25409836066,8884000
11,12,0.0355,652862.204654336,738942.132996576,644642.430097261,748414.603979636,0.035838,0.000338000000000005,2020.13935310929,2020.17485310929,8884000
11,13,0.03277,652862.204654336,738942.132996576,616486.920261258,650803.700156041,0.033108,0.000338000000000005,2020.13935310929,2020.17212310929,8884000
12,3,0.00274225137005517,644642.430097261,748414.603979636,642347.447131056,729838.658272942,0.0385802513700552,0.035838,2020.17485310929,2020.17759536066,8884000
12,4,1.0251370055156e-05,644642.430097261,748414.603979636,644609.987120652,748321.670461298,0.0358482513700552,0.035838,2020.17485310929,2020.17486336066,8884000
13,5,7.25137005516685e-06,616486.920261258,650803.700156041,616497.467929696,650730.970837039,0.0331152513700552,0.033108,2020.17212310929,2020.17213036066,8884000
13,14,0.00273,616486.920261258,650803.700156041,617624.242109447,650450.808783794,0.035838,0.033108,2020.17212310929,2020.17485310929,8884000
14,6,0.00274225137005517,617624.242109447,650450.808783794,634552.343793883,724432.133961774,0.0385802513700552,0.035838,2020.17485310929,2020.17759536066,8884000
14,15,0.00273,617624.242109447,650450.808783794,617624.242109447,650450.808783794,0.038568,0.035838,2020.17485310929,2020.17758310929,8884000
15,7,1.2251370055158e-05,617624.242109447,650450.808783794,655010.755787554,762806.86975201,0.0385802513700551,0.038568,2020.17758310929,2020.17759536066,8884000
15,8,0.0491922513700552,617624.242109447,650450.808783794,618121.097215688,651407.400855015,0.0877602513700552,0.038568,2020.17758310929,2020.22677536066,8884000
