node1,node2,length,startLat,startLon,endLat,endLon,endNodeL,startNodeL,startYear,endYear,treeID
9,10,0.044038,654816.658414216,740636.333681789,653242.094635342,737248.889619485,0.044038,0,2020.13901510929,2020.18305310929,8920000
9,11,0.000338000000000005,654816.658414216,740636.333681789,654699.667992357,740178.299234659,0.000338000000000005,0,2020.13901510929,2020.13935310929,8920000
10,1,7.000000000007e-06,653242.094635342,737248.889619485,653254.317343162,737237.606517358,0.044045,0.044038,2020.18305310929,2020.18306010929,8920000
10,2,0.0710452513700552,653242.094635342,737248.889619485,651044.150579737,740054.132644002,0.115083251370055,0.044038,2020.18305310929,2020.25409836066,8920000
11,12,0.0355,654699.667992357,740178.299234659,644472.50846918,747936.461335187,0.035838,0.000338000000000005,2020.13935310929,2020.17485310929,8920000
11,13,0.03277,654699.667992357,740178.299234659,616538.166178059,650820.662870185,0.033108,0.000338000000000005,2020.13935310929,2020.17212310929,8920000
12,3,0.00274225137005517,644472.50846918,747936.461335187,642347.447131056,729838.658272942,0.0385802513700552,0.035838,2020.17485310929,2020.17759536066,8920000
12,4,1.0251370055156e-05,644472.50846918,747936.461335187,644609.987120652,748321.670461298,0.0358482513700552,0.035838,2020.17485310929,2020.17486336066,8920000
13,5,7.25137005516685e-06,616538.166178059,650820.662870185,616497.467929696,650730.970837039,0.0331152513700552,0.033108,2020.17212310929,2020.17213036066,8920000
13,14,0.00273,616538.166178059,650820.662870185,617537.989980469,652968.400106516,0.035838,0.033108,2020.17212310929,2020.17485310929,8920000
14,6,0.00274225137005517,617537.989980469,652968.400106516,634552.343793883,724432.133961774,0.0385802513700552,0.035838,2020.17485310929,2020.17759536066,8920000
14,15,0.00273,617537.989980469,652968.400106516,617537.989980469,652968.400106516,0.038568,0.035838,2020.17485310929,2020.17758310929,8920000
15,7,1.2251370055158e-05,617537.989980469,652968.400106516,655010.755787554,762806.86975201,0.0385802513700551,0.038568,2020.17758310929,2020.17759536066,8920000
15,8,0.0491922513700552,617537.989980469,652968.400106516,618121.097215688,651407.400855015,0.0877602513700552,0.038568,2020.17758310929,2020.22677536066,8920000
