node1,node2,length,startLat,startLon,endLat,endLon,endNodeL,startNodeL,startYear,endYear,treeID
9,10,0.044038,650779.553094934,741849.050129442,653261.133353159,737630.701924732,0.044038,0,2020.13901510929,2020.18305310929,3565000
9,11,0.000338000000000005,650779.553094934,741849.050129442,650753.718567797,741749.489603432,0.000338000000000005,0,2020.13901510929,2020.13935310929,3565000
10,1,7.000000000007e-06,653261.133353159,737630.701924732,653254.317343162,737237.606517358,0.044045,0.044038,2020.18305310929,2020.18306010929,3565000
10,2,0.0710452513700552,653261.133353159,737630.701924732,651044.150579737,740054.132644002,0.115083251370055,0.044038,2020.18305310929,2020.25409836066,3565000
11,12,0.0355,650753.718567797,741749.489603432,644616.958705331,748336.807199904,0.035838,0.000338000000000005,2020.13935310929,2020.17485310929,3565000
11,13,0.03277,650753.718567797,741749.489603432,616729.151422433,651382.970630306,0.033108,0.000338000000000005,2020.13935310929,2020.17212310929,3565000
12,3,0.00274225137005517,644616.958705331,748336.807199904,642347.447131056,729838.658272942,0.0385802513700552,0.035838,2020.17485310929,2020.17759536066,3565000
12,4,1.0251370055156e-05,644616.958705331,748336.807199904,644609.987120652,748321.670461298,0.0358482513700552,0.035838,2020.17485310929,2020.17486336066,3565000
13,5,7.25137005516685e-06,616729.151422433,651382.970630306,616497.467929696,650730.970837039,0.0331152513700552,0.033108,2020.17212310929,2020.17213036066,3565000
13,14,0.00273,616729.151422433,651382.970630306,618366.843732961,652424.640307656,0.035838,0.033108,2020.17212310929,2020.17485310929,3565000
14,6,0.00274225137005517,618366.843732961,652424.640307656,634552.343793883,724432.133961774,0.0385802513700552,0.035838,2020.17485310929,2020.17759536066,3565000
14,15,0.00273,618366.843732961,652424.640307656,618366.843732961,652424.640307656,0.038568,0.035838,2020.17485310929,2020.17758310929,3565000
15,7,1.2251370055158e-05,618366.843732961,652424.640307656,655010.755787554,762806.86975201,0.0385802513700551,0.038568,2020.17758310929,2020.17759536066,3565000
15,8,0.0491922513700552,618366.843732961,652424.640307656,618121.097215688,651407.400855015,0.0877602513700552,0.038568,2020.17758310929,2020.22677536066,3565000
