node1,node2,length,startLat,startLon,endLat,endLon,endNodeL,startNodeL,startYear,endYear,treeID
9,10,0.044038,653254.796878167,735381.753062408,653199.558004509,737120.276951582,0.044038,0,2020.13901510929,2020.18305310929,6949000
9,11,0.000338000000000005,653254.796878167,735381.753062408,641786.904902358,738880.494993735,0.000338000000000005,0,2020.13901510929,2020.13935310929,6949000
10,1,7.000000000007e-06,653199.558004509,737120.276951582,653254.317343162,737237.606517358,0.044045,0.044038,2020.18305310929,2020.18306010929,6949000
10,2,0.0710452513700552,653199.558004509,737120.276951582,651044.150579737,740054.132644002,0.115083251370055,0.044038,2020.18305310929,2020.25409836066,6949000
11,12,0.0355,641786.904902358,738880.494993735,644537.521691729,748196.969226681,0.035838,0.000338000000000005,2020.13935310929,2020.17485310929,6949000
11,13,0.03277,641786.904902358,738880.494993735,616554.171097434,651083.77724846,0.033108,0.000338000000000005,2020.13935310929,2020.17212310929,6949000
12,3,0.00274225137005517,644537.521691729,748196.969226681,642347.447131056,729838.658272942,0.0385802513700552,0.035838,2020.17485310929,2020.17759536066,6949000
12,4,1.0251370055156e-05,644537.521691729,748196.969226681,644609.987120652,748321.670461298,0.0358482513700552,0.035838,2020.17485310929,2020.17486336066,6949000
13,5,7.25137005516685e-06,616554.171097434,651083.77724846,616497.467929696,650730.970837039,0.0331152513700552,0.033108,2020.17212310929,2020.17213036066,6949000
13,14,0.00273,616554.171097434,651083.77724846,618750.629883511,653607.221630484,0.035838,0.033108,2020.17212310929,2020.17485310929,6949000
14,6,0.00274225137005517,618750.629883511,653607.221630484,634552.343793883,724432.133961774,0.0385802513700552,0.035838,2020.17485310929,2020.17759536066,6949000
14,15,0.00273,618750.629883511,653607.221630484,618750.629883511,653607.221630484,0.038568,0.035838,2020.17485310929,2020.17758310929,6949000
15,7,1.2251370055158e-05,618750.629883511,653607.221630484,655010.755787554,762806.86975201,0.0385802513700551,0.038568,2020.17758310929,2020.17759536066,6949000
15,8,0.0491922513700552,618750.629883511,653607.221630484,618121.097215688,651407.400855015,0.0877602513700552,0.038568,2020.17758310929,2020.22677536066,6949000
