node1,node2,length,startLat,startLon,endLat,endLon,endNodeL,startNodeL,startYear,endYear,treeID
6,7,4.30000000000014e-05,643879.236720863,770508.561005814,643309.584609703,734613.382875191,4.30000000000014e-05,0,2020.1829093224,2020.1829523224,5536000
6,8,0.060243,643879.236720863,770508.561005814,646879.912928805,727180.644337935,0.060243,0,2020.1829093224,2020.2431523224,5536000
7,1,0.082075,643309.584609703,734613.382875191,642111.74585585,724436.455449499,0.082118,4.30000000000014e-05,2020.1829523224,2020.2650273224,5536000
7,2,0.07661,643309.584609703,734613.382875191,643912.135599101,753399.563675994,0.076653,4.30000000000014e-05,2020.1829523224,2020.2595623224,5536000
8,3,1.70000000000031e-05,646879.912928805,727180.644337935,614345.755466045,769843.499844412,0.06026,0.060243,2020.2431523224,2020.2431693224,5536000
8,9,0.00273,646879.912928805,727180.644337935,646818.587899418,727576.102828163,0.062973,0.060243,2020.2431523224,2020.2458823224,5536000
9,4,0.016412,646818.587899418,727576.102828163,646666.074549348,739514.571832072,0.079385,0.062973,2020.2458823224,2020.2622943224,5536000
9,5,1.90000000000051e-05,646818.587899418,727576.102828163,646817.254383617,727507.461826635,0.062992,0.062973,2020.2458823224,2020.2459013224,5536000
