node1,node2,length,startLat,startLon,endLat,endLon,endNodeL,startNodeL,startYear,endYear,treeID
4,1,0.0741416417498547,650081.542130374,738755.600239021,644555.778043861,735653.104778311,0.0741416417498547,0,2020.19088568066,2020.26502732241,353000
4,5,0.02630715729,650081.542130374,738755.600239021,642571.963279538,727774.054200085,0.02630715729,0,2020.19088568066,2020.21719283795,353000
5,2,0.0478344844598547,642571.963279538,727774.054200085,642743.251635511,723762.173371854,0.0741416417498547,0.02630715729,2020.21719283795,2020.26502732241,353000
5,3,0.0505667248898546,642571.963279538,727774.054200085,642166.964320699,727697.688035103,0.0768738821798546,0.02630715729,2020.21719283795,2020.26775956284,353000
