node1,node2,length,startLat,startLon,endLat,endLon,endNodeL,startNodeL,startYear,endYear,treeID
6,7,4.30000000000014e-05,642375.20689277,723265.689548714,642000.587618,724651.737956394,4.30000000000014e-05,0,2020.1829093224,2020.1829523224,1621000
6,8,0.060243,642375.20689277,723265.689548714,647513.676410627,725181.099995869,0.060243,0,2020.1829093224,2020.2431523224,1621000
7,1,0.082075,642000.587618,724651.737956394,642111.74585585,724436.455449499,0.082118,4.30000000000014e-05,2020.1829523224,2020.2650273224,1621000
7,2,0.07661,642000.587618,724651.737956394,643912.135599101,753399.563675994,0.076653,4.30000000000014e-05,2020.1829523224,2020.2595623224,1621000
8,3,1.70000000000031e-05,647513.676410627,725181.099995869,614345.755466045,769843.499844412,0.06026,0.060243,2020.2431523224,2020.2431693224,1621000
8,9,0.00273,647513.676410627,725181.099995869,646743.120611173,727798.386941195,0.062973,0.060243,2020.2431523224,2020.2458823224,1621000
9,4,0.016412,646743.120611173,727798.386941195,646666.074549348,739514.571832072,0.079385,0.062973,2020.2458823224,2020.2622943224,1621000
9,5,1.90000000000051e-05,646743.120611173,727798.386941195,646817.254383617,727507.461826635,0.062992,0.062973,2020.2458823224,2020.2459013224,1621000
