node1,node2,length,startLat,startLon,endLat,endLon,endNodeL,startNodeL,startYear,endYear,treeID
4,1,0.0741416417498547,644583.40296995,735728.873991521,644555.778043861,735653.104778311,0.0741416417498547,0,2020.19088568066,2020.26502732241,710000
4,5,0.02630715729,644583.40296995,735728.873991521,643191.818273656,729555.936040884,0.02630715729,0,2020.19088568066,2020.21719283795,710000
5,2,0.0478344844598547,643191.818273656,729555.936040884,642743.251635511,723762.173371854,0.0741416417498547,0.02630715729,2020.21719283795,2020.26502732241,710000
5,3,0.0505667248898546,643191.818273656,729555.936040884,642166.964320699,727697.688035103,0.0768738821798546,0.02630715729,2020.21719283795,2020.26775956284,710000
