node1,node2,length,startLat,startLon,endLat,endLon,endNodeL,startNodeL,startYear,endYear,treeID
4,1,0.0741416417498547,642332.699129947,726956.786875908,644555.778043861,735653.104778311,0.0741416417498547,0,2020.19088568066,2020.26502732241,1068000
4,5,0.02630715729,642332.699129947,726956.786875908,642567.317798145,727203.282988063,0.02630715729,0,2020.19088568066,2020.21719283795,1068000
5,2,0.0478344844598547,642567.317798145,727203.282988063,642743.251635511,723762.173371854,0.0741416417498547,0.02630715729,2020.21719283795,2020.26502732241,1068000
5,3,0.0505667248898546,642567.317798145,727203.282988063,642166.964320699,727697.688035103,0.0768738821798546,0.02630715729,2020.21719283795,2020.26775956284,1068000
