node1,node2,length,startLat,startLon,endLat,endLon,endNodeL,startNodeL,startYear,endYear,treeID
4,1,0.0741416417498547,642013.735313557,727433.965715016,644555.778043861,735653.104778311,0.0741416417498547,0,2020.19088568066,2020.26502732241,138000
4,5,0.02630715729,642013.735313557,727433.965715016,642192.918539238,727306.730333723,0.02630715729,0,2020.19088568066,2020.21719283795,138000
5,2,0.0478344844598547,642192.918539238,727306.730333723,642743.251635511,723762.173371854,0.0741416417498547,0.02630715729,2020.21719283795,2020.26502732241,138000
5,3,0.0505667248898546,642192.918539238,727306.730333723,642166.964320699,727697.688035103,0.0768738821798546,0.02630715729,2020.21719283795,2020.26775956284,138000
