node1,node2,length,startLat,startLon,endLat,endLon,endNodeL,startNodeL,startYear,endYear,treeID
4,3,0.0433006010867869,694600.648029853,725139.807326779,692297.769633621,722856.243023682,0.0433006010867869,0,2020.13156278688,2020.17486338797,3610000
4,5,0.04589,694600.648029853,725139.807326779,686499.373503089,718747.743141861,0.04589,0,2020.13156278688,2020.17745278688,3610000
5,1,0.00287508196378689,686499.373503089,718747.743141861,686790.720389732,719062.331683974,0.0487650819637869,0.04589,2020.17745278688,2020.18032786885,3610000
5,2,0.0110718032767869,686499.373503089,718747.743141861,688065.596025314,717558.604319346,0.0569618032767869,0.04589,2020.17745278688,2020.18852459016,3610000
