node1,node2,length,startLat,startLon,endLat,endLon,endNodeL,startNodeL,startYear,endYear,treeID
4,3,0.0433006010867869,692493.757704835,723062.243817269,692297.769633621,722856.243023682,0.0433006010867869,0,2020.13156278688,2020.17486338797,2161000
4,5,0.04589,692493.757704835,723062.243817269,692478.417151117,723044.268132259,0.04589,0,2020.13156278688,2020.17745278688,2161000
5,1,0.00287508196378689,692478.417151117,723044.268132259,686790.720389732,719062.331683974,0.0487650819637869,0.04589,2020.17745278688,2020.18032786885,2161000
5,2,0.0110718032767869,692478.417151117,723044.268132259,688065.596025314,717558.604319346,0.0569618032767869,0.04589,2020.17745278688,2020.18852459016,2161000
