node1,node2,length,startLat,startLon,endLat,endLon,endNodeL,startNodeL,startYear,endYear,treeID
4,3,0.0433006010867869,686735.603146409,719007.518514911,692297.769633621,722856.243023682,0.0433006010867869,0,2020.13156278688,2020.17486338797,7849000
4,5,0.04589,686735.603146409,719007.518514911,686670.886436698,718940.480690433,0.04589,0,2020.13156278688,2020.17745278688,7849000
5,1,0.00287508196378689,686670.886436698,718940.480690433,686790.720389732,719062.331683974,0.0487650819637869,0.04589,2020.17745278688,2020.18032786885,7849000
5,2,0.0110718032767869,686670.886436698,718940.480690433,688065.596025314,717558.604319346,0.0569618032767869,0.04589,2020.17745278688,2020.18852459016,7849000
