node1,node2,length,startLat,startLon,endLat,endLon,endNodeL,startNodeL,startYear,endYear,treeID
4,3,0.0433006010867869,692284.978909941,722841.978927221,692297.769633621,722856.243023682,0.0433006010867869,0,2020.13156278688,2020.17486338797,1369000
4,5,0.04589,692284.978909941,722841.978927221,687972.138241663,717464.216559733,0.04589,0,2020.13156278688,2020.17745278688,1369000
5,1,0.00287508196378689,687972.138241663,717464.216559733,686790.720389732,719062.331683974,0.0487650819637869,0.04589,2020.17745278688,2020.18032786885,1369000
5,2,0.0110718032767869,687972.138241663,717464.216559733,688065.596025314,717558.604319346,0.0569618032767869,0.04589,2020.17745278688,2020.18852459016,1369000
