node1,node2,length,startLat,startLon,endLat,endLon,endNodeL,startNodeL,startYear,endYear,treeID
4,3,0.0433006010867869,693695.141038365,725072.473035913,692297.769633621,722856.243023682,0.0433006010867869,0,2020.13156278688,2020.17486338797,1081000
4,5,0.04589,693695.141038365,725072.473035913,687367.617299243,719647.712188924,0.04589,0,2020.13156278688,2020.17745278688,1081000
5,1,0.00287508196378689,687367.617299243,719647.712188924,686790.720389732,719062.331683974,0.0487650819637869,0.04589,2020.17745278688,2020.18032786885,1081000
5,2,0.0110718032767869,687367.617299243,719647.712188924,688065.596025314,717558.604319346,0.0569618032767869,0.04589,2020.17745278688,2020.18852459016,1081000
