node1,node2,length,startLat,startLon,endLat,endLon,endNodeL,startNodeL,startYear,endYear,treeID
5,1,0.071835,708009.33809607,714245.805549759,698273.354839221,698609.845446575,0.071835,0,2020.17133439891,2020.24316939891,2899000
5,6,0.000442999999999999,708009.33809607,714245.805549759,707960.687428701,714279.921385059,0.000442999999999999,0,2020.17133439891,2020.17177739891,2899000
6,2,0.065928,707960.687428701,714279.921385059,714257.812322577,721415.178959928,0.066371,0.000442999999999999,2020.17177739891,2020.23770539891,2899000
6,7,0.000255000000000005,707960.687428701,714279.921385059,707852.854478692,714194.036013272,0.000698000000000004,0.000442999999999999,2020.17177739891,2020.17203239891,2899000
7,3,0.057475,707852.854478692,714194.036013272,682760.32949797,652969.524646665,0.058173,0.000698000000000004,2020.17203239891,2020.22950739891,2899000
7,4,0.071137,707852.854478692,714194.036013272,718395.810602827,674852.613167297,0.071835,0.000698000000000004,2020.17203239891,2020.24316939891,2899000
