node1,node2,length,startLat,startLon,endLat,endLon,endNodeL,startNodeL,startYear,endYear,treeID
5,1,0.071835,714161.79081909,721134.522148916,698273.354839221,698609.845446575,0.071835,0,2020.17133439891,2020.24316939891,7408000
5,6,0.000442999999999999,714161.79081909,721134.522148916,714325.101301168,721368.464533944,0.000442999999999999,0,2020.17133439891,2020.17177739891,7408000
6,2,0.065928,714325.101301168,721368.464533944,714257.812322577,721415.178959928,0.066371,0.000442999999999999,2020.17177739891,2020.23770539891,7408000
6,7,0.000255000000000005,714325.101301168,721368.464533944,682593.902385721,652717.406616375,0.000698000000000004,0.000442999999999999,2020.17177739891,2020.17203239891,7408000
7,3,0.057475,682593.902385721,652717.406616375,682760.32949797,652969.524646665,0.058173,0.000698000000000004,2020.17203239891,2020.22950739891,7408000
7,4,0.071137,682593.902385721,652717.406616375,718395.810602827,674852.613167297,0.071835,0.000698000000000004,2020.17203239891,2020.24316939891,7408000
