node1,node2,length,startLat,startLon,endLat,endLon,endNodeL,startNodeL,startYear,endYear,treeID
5,1,0.071835,698650.860020851,699212.160841821,698273.354839221,698609.845446575,0.071835,0,2020.17133439891,2020.24316939891,3097000
5,6,0.000442999999999999,698650.860020851,699212.160841821,698680.728774301,699245.559863433,0.000442999999999999,0,2020.17133439891,2020.17177739891,3097000
6,2,0.065928,698680.728774301,699245.559863433,714257.812322577,721415.178959928,0.066371,0.000442999999999999,2020.17177739891,2020.23770539891,3097000
6,7,0.000255000000000005,698680.728774301,699245.559863433,681143.141223424,651279.306168154,0.000698000000000004,0.000442999999999999,2020.17177739891,2020.17203239891,3097000
7,3,0.057475,681143.141223424,651279.306168154,682760.32949797,652969.524646665,0.058173,0.000698000000000004,2020.17203239891,2020.22950739891,3097000
7,4,0.071137,681143.141223424,651279.306168154,718395.810602827,674852.613167297,0.071835,0.000698000000000004,2020.17203239891,2020.24316939891,3097000
