node1,node2,length,startLat,startLon,endLat,endLon,endNodeL,startNodeL,startYear,endYear,treeID
8,1,0.042397,684955.169531351,683418.184705072,696456.198080405,698639.750252063,0.042397,0,2020.20077239891,2020.24316939891,40010000
8,9,0.000329999999999997,684955.169531351,683418.184705072,684970.213394237,682978.775186368,0.000329999999999997,0,2020.20077239891,2020.20110239891,40010000
9,2,0.042067,684970.213394237,682978.775186368,683662.146904377,683947.419240605,0.042397,0.000329999999999997,2020.20110239891,2020.24316939891,40010000
9,10,0.02322,684970.213394237,682978.775186368,693546.374605571,598659.412396624,0.02355,0.000329999999999997,2020.20110239891,2020.22432239891,40010000
10,3,0.018847,693546.374605571,598659.412396624,691487.668209221,607994.91165642,0.042397,0.02355,2020.22432239891,2020.24316939891,40010000
10,11,0.00243,693546.374605571,598659.412396624,692613.556258581,602634.128815077,0.02598,0.02355,2020.22432239891,2020.22675239891,40010000
11,12,0.00849,692613.556258581,602634.128815077,691864.772697115,607766.643136226,0.03447,0.02598,2020.22675239891,2020.23524239891,40010000
11,4,2.29999999999918e-05,692613.556258581,602634.128815077,692663.985368161,602073.133064177,0.026003,0.02598,2020.22675239891,2020.22677539891,40010000
12,7,0.007927,691864.772697115,607766.643136226,652820.332059001,625092.478132132,0.042397,0.03447,2020.23524239891,2020.24316939891,40010000
12,13,0.00244,691864.772697115,607766.643136226,692133.646937156,620522.882658294,0.03691,0.03447,2020.23524239891,2020.23768239891,40010000
13,5,2.19999999999942e-05,692133.646937156,620522.882658294,677282.685004142,656310.62904865,0.036932,0.03691,2020.23768239891,2020.23770439891,40010000
13,6,0.00275399999999999,692133.646937156,620522.882658294,692031.687484799,613387.90512186,0.039664,0.03691,2020.23768239891,2020.24043639891,40010000
