node1,node2,length,startLat,startLon,endLat,endLon,endNodeL,startNodeL,startYear,endYear,treeID
8,1,0.042397,696029.458493966,698975.517932323,696456.198080405,698639.750252063,0.042397,0,2020.20077239891,2020.24316939891,24080000
8,9,0.000329999999999997,696029.458493966,698975.517932323,696053.593274142,699089.0702012,0.000329999999999997,0,2020.20077239891,2020.20110239891,24080000
9,2,0.042067,696053.593274142,699089.0702012,683662.146904377,683947.419240605,0.042397,0.000329999999999997,2020.20110239891,2020.24316939891,24080000
9,10,0.02322,696053.593274142,699089.0702012,691144.537306676,607388.74577136,0.02355,0.000329999999999997,2020.20110239891,2020.22432239891,24080000
10,3,0.018847,691144.537306676,607388.74577136,691487.668209221,607994.91165642,0.042397,0.02355,2020.22432239891,2020.24316939891,24080000
10,11,0.00243,691144.537306676,607388.74577136,692665.576653277,602039.152621289,0.02598,0.02355,2020.22432239891,2020.22675239891,24080000
11,12,0.00849,692665.576653277,602039.152621289,692504.024460662,602667.767599835,0.03447,0.02598,2020.22675239891,2020.23524239891,24080000
11,4,2.29999999999918e-05,692665.576653277,602039.152621289,692663.985368161,602073.133064177,0.026003,0.02598,2020.22675239891,2020.22677539891,24080000
12,7,0.007927,692504.024460662,602667.767599835,652820.332059001,625092.478132132,0.042397,0.03447,2020.23524239891,2020.24316939891,24080000
12,13,0.00244,692504.024460662,602667.767599835,691944.569395431,613607.644913624,0.03691,0.03447,2020.23524239891,2020.23768239891,24080000
13,5,2.19999999999942e-05,691944.569395431,613607.644913624,677282.685004142,656310.62904865,0.036932,0.03691,2020.23768239891,2020.23770439891,24080000
13,6,0.00275399999999999,691944.569395431,613607.644913624,692031.687484799,613387.90512186,0.039664,0.03691,2020.23768239891,2020.24043639891,24080000
