node1,node2,length,startLat,startLon,endLat,endLon,endNodeL,startNodeL,startYear,endYear,treeID
8,1,0.042397,692971.622828711,599827.46168225,696456.198080405,698639.750252063,0.042397,0,2020.20077239891,2020.24316939891,31055000
8,9,0.000329999999999997,692971.622828711,599827.46168225,692989.97871774,599053.954852413,0.000329999999999997,0,2020.20077239891,2020.20110239891,31055000
9,2,0.042067,692989.97871774,599053.954852413,683662.146904377,683947.419240605,0.042397,0.000329999999999997,2020.20110239891,2020.24316939891,31055000
9,10,0.02322,692989.97871774,599053.954852413,692916.201700182,600059.415504991,0.02355,0.000329999999999997,2020.20110239891,2020.22432239891,31055000
10,3,0.018847,692916.201700182,600059.415504991,691487.668209221,607994.91165642,0.042397,0.02355,2020.22432239891,2020.24316939891,31055000
10,11,0.00243,692916.201700182,600059.415504991,692844.670722876,600639.232051341,0.02598,0.02355,2020.22432239891,2020.22675239891,31055000
11,12,0.00849,692844.670722876,600639.232051341,692117.996520133,614453.107507549,0.03447,0.02598,2020.22675239891,2020.23524239891,31055000
11,4,2.29999999999918e-05,692844.670722876,600639.232051341,692663.985368161,602073.133064177,0.026003,0.02598,2020.22675239891,2020.22677539891,31055000
12,7,0.007927,692117.996520133,614453.107507549,652820.332059001,625092.478132132,0.042397,0.03447,2020.23524239891,2020.24316939891,31055000
12,13,0.00244,692117.996520133,614453.107507549,691981.250569965,614288.268314966,0.03691,0.03447,2020.23524239891,2020.23768239891,31055000
13,5,2.19999999999942e-05,691981.250569965,614288.268314966,677282.685004142,656310.62904865,0.036932,0.03691,2020.23768239891,2020.23770439891,31055000
13,6,0.00275399999999999,691981.250569965,614288.268314966,692031.687484799,613387.90512186,0.039664,0.03691,2020.23768239891,2020.24043639891,31055000
