node1,node2,length,startLat,startLon,endLat,endLon,endNodeL,startNodeL,startYear,endYear,treeID
8,1,0.042397,691786.950985305,602938.712830909,696456.198080405,698639.750252063,0.042397,0,2020.20077239891,2020.24316939891,10265000
8,9,0.000329999999999997,691786.950985305,602938.712830909,691405.184061631,598672.85295487,0.000329999999999997,0,2020.20077239891,2020.20110239891,10265000
9,2,0.042067,691405.184061631,598672.85295487,683662.146904377,683947.419240605,0.042397,0.000329999999999997,2020.20110239891,2020.24316939891,10265000
9,10,0.02322,691405.184061631,598672.85295487,692455.35907069,601001.784081661,0.02355,0.000329999999999997,2020.20110239891,2020.22432239891,10265000
10,3,0.018847,692455.35907069,601001.784081661,691487.668209221,607994.91165642,0.042397,0.02355,2020.22432239891,2020.24316939891,10265000
10,11,0.00243,692455.35907069,601001.784081661,692654.070611659,601950.808199143,0.02598,0.02355,2020.22432239891,2020.22675239891,10265000
11,12,0.00849,692654.070611659,601950.808199143,692738.571489,603980.857744434,0.03447,0.02598,2020.22675239891,2020.23524239891,10265000
11,4,2.29999999999918e-05,692654.070611659,601950.808199143,692663.985368161,602073.133064177,0.026003,0.02598,2020.22675239891,2020.22677539891,10265000
12,7,0.007927,692738.571489,603980.857744434,652820.332059001,625092.478132132,0.042397,0.03447,2020.23524239891,2020.24316939891,10265000
12,13,0.00244,692738.571489,603980.857744434,691397.571523298,614627.08359525,0.03691,0.03447,2020.23524239891,2020.23768239891,10265000
13,5,2.19999999999942e-05,691397.571523298,614627.08359525,677282.685004142,656310.62904865,0.036932,0.03691,2020.23768239891,2020.23770439891,10265000
13,6,0.00275399999999999,691397.571523298,614627.08359525,692031.687484799,613387.90512186,0.039664,0.03691,2020.23768239891,2020.24043639891,10265000
