node1,node2,length,startLat,startLon,endLat,endLon,endNodeL,startNodeL,startYear,endYear,treeID
8,1,0.042397,688333.677941639,658529.640681575,696456.198080405,698639.750252063,0.042397,0,2020.20077239891,2020.24316939891,31325000
8,9,0.000329999999999997,688333.677941639,658529.640681575,688151.745076651,660830.189573146,0.000329999999999997,0,2020.20077239891,2020.20110239891,31325000
9,2,0.042067,688151.745076651,660830.189573146,683662.146904377,683947.419240605,0.042397,0.000329999999999997,2020.20110239891,2020.24316939891,31325000
9,10,0.02322,688151.745076651,660830.189573146,693827.822127479,600264.734220235,0.02355,0.000329999999999997,2020.20110239891,2020.22432239891,31325000
10,3,0.018847,693827.822127479,600264.734220235,691487.668209221,607994.91165642,0.042397,0.02355,2020.22432239891,2020.24316939891,31325000
10,11,0.00243,693827.822127479,600264.734220235,692712.92512829,602257.990403262,0.02598,0.02355,2020.22432239891,2020.22675239891,31325000
11,12,0.00849,692712.92512829,602257.990403262,694300.446995906,587803.525898611,0.03447,0.02598,2020.22675239891,2020.23524239891,31325000
11,4,2.29999999999918e-05,692712.92512829,602257.990403262,692663.985368161,602073.133064177,0.026003,0.02598,2020.22675239891,2020.22677539891,31325000
12,7,0.007927,694300.446995906,587803.525898611,652820.332059001,625092.478132132,0.042397,0.03447,2020.23524239891,2020.24316939891,31325000
12,13,0.00244,694300.446995906,587803.525898611,683428.325161924,628068.379758331,0.03691,0.03447,2020.23524239891,2020.23768239891,31325000
13,5,2.19999999999942e-05,683428.325161924,628068.379758331,677282.685004142,656310.62904865,0.036932,0.03691,2020.23768239891,2020.23770439891,31325000
13,6,0.00275399999999999,683428.325161924,628068.379758331,692031.687484799,613387.90512186,0.039664,0.03691,2020.23768239891,2020.24043639891,31325000
