node1,node2,length,startLat,startLon,endLat,endLon,endNodeL,startNodeL,startYear,endYear,treeID
8,1,0.042397,684639.561308425,683388.386624255,696456.198080405,698639.750252063,0.042397,0,2020.20077239891,2020.24316939891,18095000
8,9,0.000329999999999997,684639.561308425,683388.386624255,683837.348286775,684546.176660298,0.000329999999999997,0,2020.20077239891,2020.20110239891,18095000
9,2,0.042067,683837.348286775,684546.176660298,683662.146904377,683947.419240605,0.042397,0.000329999999999997,2020.20110239891,2020.24316939891,18095000
9,10,0.02322,683837.348286775,684546.176660298,692669.003381928,601669.306316835,0.02355,0.000329999999999997,2020.20110239891,2020.22432239891,18095000
10,3,0.018847,692669.003381928,601669.306316835,691487.668209221,607994.91165642,0.042397,0.02355,2020.22432239891,2020.24316939891,18095000
10,11,0.00243,692669.003381928,601669.306316835,692699.095861377,601921.180364619,0.02598,0.02355,2020.22432239891,2020.22675239891,18095000
11,12,0.00849,692699.095861377,601921.180364619,677491.320929191,655914.50367139,0.03447,0.02598,2020.22675239891,2020.23524239891,18095000
11,4,2.29999999999918e-05,692699.095861377,601921.180364619,692663.985368161,602073.133064177,0.026003,0.02598,2020.22675239891,2020.22677539891,18095000
12,7,0.007927,677491.320929191,655914.50367139,652820.332059001,625092.478132132,0.042397,0.03447,2020.23524239891,2020.24316939891,18095000
12,13,0.00244,677491.320929191,655914.50367139,677412.355527343,656029.348757013,0.03691,0.03447,2020.23524239891,2020.23768239891,18095000
13,5,2.19999999999942e-05,677412.355527343,656029.348757013,677282.685004142,656310.62904865,0.036932,0.03691,2020.23768239891,2020.23770439891,18095000
13,6,0.00275399999999999,677412.355527343,656029.348757013,692031.687484799,613387.90512186,0.039664,0.03691,2020.23768239891,2020.24043639891,18095000
