node1,node2,length,startLat,startLon,endLat,endLon,endNodeL,startNodeL,startYear,endYear,treeID
8,1,0.042397,683146.423596249,699862.119071043,696456.198080405,698639.750252063,0.042397,0,2020.20077239891,2020.24316939891,42395000
8,9,0.000329999999999997,683146.423596249,699862.119071043,682985.75817768,700698.191717332,0.000329999999999997,0,2020.20077239891,2020.20110239891,42395000
9,2,0.042067,682985.75817768,700698.191717332,683662.146904377,683947.419240605,0.042397,0.000329999999999997,2020.20110239891,2020.24316939891,42395000
9,10,0.02322,682985.75817768,700698.191717332,692064.167267972,603314.545199595,0.02355,0.000329999999999997,2020.20110239891,2020.22432239891,42395000
10,3,0.018847,692064.167267972,603314.545199595,691487.668209221,607994.91165642,0.042397,0.02355,2020.22432239891,2020.24316939891,42395000
10,11,0.00243,692064.167267972,603314.545199595,692587.762905607,602634.004115082,0.02598,0.02355,2020.22432239891,2020.22675239891,42395000
11,12,0.00849,692587.762905607,602634.004115082,691917.307474428,613627.470348843,0.03447,0.02598,2020.22675239891,2020.23524239891,42395000
11,4,2.29999999999918e-05,692587.762905607,602634.004115082,692663.985368161,602073.133064177,0.026003,0.02598,2020.22675239891,2020.22677539891,42395000
12,7,0.007927,691917.307474428,613627.470348843,652820.332059001,625092.478132132,0.042397,0.03447,2020.23524239891,2020.24316939891,42395000
12,13,0.00244,691917.307474428,613627.470348843,691891.700691783,613752.238344933,0.03691,0.03447,2020.23524239891,2020.23768239891,42395000
13,5,2.19999999999942e-05,691891.700691783,613752.238344933,677282.685004142,656310.62904865,0.036932,0.03691,2020.23768239891,2020.23770439891,42395000
13,6,0.00275399999999999,691891.700691783,613752.238344933,692031.687484799,613387.90512186,0.039664,0.03691,2020.23768239891,2020.24043639891,42395000
