node1,node2,length,startLat,startLon,endLat,endLon,endNodeL,startNodeL,startYear,endYear,treeID
8,1,0.042397,697773.150891605,651400.133183783,696456.198080405,698639.750252063,0.042397,0,2020.20077239891,2020.24316939891,33440000
8,9,0.000329999999999997,697773.150891605,651400.133183783,684162.963256542,682330.96493695,0.000329999999999997,0,2020.20077239891,2020.20110239891,33440000
9,2,0.042067,684162.963256542,682330.96493695,683662.146904377,683947.419240605,0.042397,0.000329999999999997,2020.20110239891,2020.24316939891,33440000
9,10,0.02322,684162.963256542,682330.96493695,692399.307213758,603590.082407554,0.02355,0.000329999999999997,2020.20110239891,2020.22432239891,33440000
10,3,0.018847,692399.307213758,603590.082407554,691487.668209221,607994.91165642,0.042397,0.02355,2020.22432239891,2020.24316939891,33440000
10,11,0.00243,692399.307213758,603590.082407554,692669.97373741,602046.137189043,0.02598,0.02355,2020.22432239891,2020.22675239891,33440000
11,12,0.00849,692669.97373741,602046.137189043,692394.024325053,602988.084599551,0.03447,0.02598,2020.22675239891,2020.23524239891,33440000
11,4,2.29999999999918e-05,692669.97373741,602046.137189043,692663.985368161,602073.133064177,0.026003,0.02598,2020.22675239891,2020.22677539891,33440000
12,7,0.007927,692394.024325053,602988.084599551,652820.332059001,625092.478132132,0.042397,0.03447,2020.23524239891,2020.24316939891,33440000
12,13,0.00244,692394.024325053,602988.084599551,691929.044176705,612683.560593932,0.03691,0.03447,2020.23524239891,2020.23768239891,33440000
13,5,2.19999999999942e-05,691929.044176705,612683.560593932,677282.685004142,656310.62904865,0.036932,0.03691,2020.23768239891,2020.23770439891,33440000
13,6,0.00275399999999999,691929.044176705,612683.560593932,692031.687484799,613387.90512186,0.039664,0.03691,2020.23768239891,2020.24043639891,33440000
