node1,node2,length,startLat,startLon,endLat,endLon,endNodeL,startNodeL,startYear,endYear,treeID
8,1,0.042397,683465.332436633,685462.743363393,696456.198080405,698639.750252063,0.042397,0,2020.20077239891,2020.24316939891,34970000
8,9,0.000329999999999997,683465.332436633,685462.743363393,683474.387914991,685710.434644738,0.000329999999999997,0,2020.20077239891,2020.20110239891,34970000
9,2,0.042067,683474.387914991,685710.434644738,683662.146904377,683947.419240605,0.042397,0.000329999999999997,2020.20110239891,2020.24316939891,34970000
9,10,0.02322,683474.387914991,685710.434644738,692701.944363515,601838.314788951,0.02355,0.000329999999999997,2020.20110239891,2020.22432239891,34970000
10,3,0.018847,692701.944363515,601838.314788951,691487.668209221,607994.91165642,0.042397,0.02355,2020.22432239891,2020.24316939891,34970000
10,11,0.00243,692701.944363515,601838.314788951,692598.56576259,602138.283215907,0.02598,0.02355,2020.22432239891,2020.22675239891,34970000
11,12,0.00849,692598.56576259,602138.283215907,692769.906198305,601433.71235057,0.03447,0.02598,2020.22675239891,2020.23524239891,34970000
11,4,2.29999999999918e-05,692598.56576259,602138.283215907,692663.985368161,602073.133064177,0.026003,0.02598,2020.22675239891,2020.22677539891,34970000
12,7,0.007927,692769.906198305,601433.71235057,652820.332059001,625092.478132132,0.042397,0.03447,2020.23524239891,2020.24316939891,34970000
12,13,0.00244,692769.906198305,601433.71235057,691735.135656348,612427.176762394,0.03691,0.03447,2020.23524239891,2020.23768239891,34970000
13,5,2.19999999999942e-05,691735.135656348,612427.176762394,677282.685004142,656310.62904865,0.036932,0.03691,2020.23768239891,2020.23770439891,34970000
13,6,0.00275399999999999,691735.135656348,612427.176762394,692031.687484799,613387.90512186,0.039664,0.03691,2020.23768239891,2020.24043639891,34970000
