node1,node2,length,startLat,startLon,endLat,endLon,endNodeL,startNodeL,startYear,endYear,treeID
8,1,0.042397,699130.733470279,685165.594304552,696456.198080405,698639.750252063,0.042397,0,2020.20077239891,2020.24316939891,44915000
8,9,0.000329999999999997,699130.733470279,685165.594304552,691930.810195716,608484.880761357,0.000329999999999997,0,2020.20077239891,2020.20110239891,44915000
9,2,0.042067,691930.810195716,608484.880761357,683662.146904377,683947.419240605,0.042397,0.000329999999999997,2020.20110239891,2020.24316939891,44915000
9,10,0.02322,691930.810195716,608484.880761357,692581.296239664,601728.080050484,0.02355,0.000329999999999997,2020.20110239891,2020.22432239891,44915000
10,3,0.018847,692581.296239664,601728.080050484,691487.668209221,607994.91165642,0.042397,0.02355,2020.22432239891,2020.24316939891,44915000
10,11,0.00243,692581.296239664,601728.080050484,692637.599762002,602203.411708797,0.02598,0.02355,2020.22432239891,2020.22675239891,44915000
11,12,0.00849,692637.599762002,602203.411708797,693202.077035279,599116.202113379,0.03447,0.02598,2020.22675239891,2020.23524239891,44915000
11,4,2.29999999999918e-05,692637.599762002,602203.411708797,692663.985368161,602073.133064177,0.026003,0.02598,2020.22675239891,2020.22677539891,44915000
12,7,0.007927,693202.077035279,599116.202113379,652820.332059001,625092.478132132,0.042397,0.03447,2020.23524239891,2020.24316939891,44915000
12,13,0.00244,693202.077035279,599116.202113379,693072.056089336,600266.091716254,0.03691,0.03447,2020.23524239891,2020.23768239891,44915000
13,5,2.19999999999942e-05,693072.056089336,600266.091716254,677282.685004142,656310.62904865,0.036932,0.03691,2020.23768239891,2020.23770439891,44915000
13,6,0.00275399999999999,693072.056089336,600266.091716254,692031.687484799,613387.90512186,0.039664,0.03691,2020.23768239891,2020.24043639891,44915000
