node1,node2,length,startLat,startLon,endLat,endLon,endNodeL,startNodeL,startYear,endYear,treeID
8,1,0.042397,682385.299983266,684180.860443236,696456.198080405,698639.750252063,0.042397,0,2020.20077239891,2020.24316939891,30245000
8,9,0.000329999999999997,682385.299983266,684180.860443236,682380.208559091,684566.475893773,0.000329999999999997,0,2020.20077239891,2020.20110239891,30245000
9,2,0.042067,682380.208559091,684566.475893773,683662.146904377,683947.419240605,0.042397,0.000329999999999997,2020.20110239891,2020.24316939891,30245000
9,10,0.02322,682380.208559091,684566.475893773,692041.924357981,603493.686349768,0.02355,0.000329999999999997,2020.20110239891,2020.22432239891,30245000
10,3,0.018847,692041.924357981,603493.686349768,691487.668209221,607994.91165642,0.042397,0.02355,2020.22432239891,2020.24316939891,30245000
10,11,0.00243,692041.924357981,603493.686349768,692662.039882035,602185.339532407,0.02598,0.02355,2020.22432239891,2020.22675239891,30245000
11,12,0.00849,692662.039882035,602185.339532407,677431.968846395,652844.695444999,0.03447,0.02598,2020.22675239891,2020.23524239891,30245000
11,4,2.29999999999918e-05,692662.039882035,602185.339532407,692663.985368161,602073.133064177,0.026003,0.02598,2020.22675239891,2020.22677539891,30245000
12,7,0.007927,677431.968846395,652844.695444999,652820.332059001,625092.478132132,0.042397,0.03447,2020.23524239891,2020.24316939891,30245000
12,13,0.00244,677431.968846395,652844.695444999,677280.699182234,656209.926497573,0.03691,0.03447,2020.23524239891,2020.23768239891,30245000
13,5,2.19999999999942e-05,677280.699182234,656209.926497573,677282.685004142,656310.62904865,0.036932,0.03691,2020.23768239891,2020.23770439891,30245000
13,6,0.00275399999999999,677280.699182234,656209.926497573,692031.687484799,613387.90512186,0.039664,0.03691,2020.23768239891,2020.24043639891,30245000
