node1,node2,length,startLat,startLon,endLat,endLon,endNodeL,startNodeL,startYear,endYear,treeID
8,1,0.042397,692378.286839752,606060.135317166,696456.198080405,698639.750252063,0.042397,0,2020.20077239891,2020.24316939891,36050000
8,9,0.000329999999999997,692378.286839752,606060.135317166,692331.223677668,606335.050146199,0.000329999999999997,0,2020.20077239891,2020.20110239891,36050000
9,2,0.042067,692331.223677668,606335.050146199,683662.146904377,683947.419240605,0.042397,0.000329999999999997,2020.20110239891,2020.24316939891,36050000
9,10,0.02322,692331.223677668,606335.050146199,692631.993421568,602574.186523439,0.02355,0.000329999999999997,2020.20110239891,2020.22432239891,36050000
10,3,0.018847,692631.993421568,602574.186523439,691487.668209221,607994.91165642,0.042397,0.02355,2020.22432239891,2020.24316939891,36050000
10,11,0.00243,692631.993421568,602574.186523439,692653.634590989,602255.180314568,0.02598,0.02355,2020.22432239891,2020.22675239891,36050000
11,12,0.00849,692653.634590989,602255.180314568,691920.675959377,612757.288495917,0.03447,0.02598,2020.22675239891,2020.23524239891,36050000
11,4,2.29999999999918e-05,692653.634590989,602255.180314568,692663.985368161,602073.133064177,0.026003,0.02598,2020.22675239891,2020.22677539891,36050000
12,7,0.007927,691920.675959377,612757.288495917,652820.332059001,625092.478132132,0.042397,0.03447,2020.23524239891,2020.24316939891,36050000
12,13,0.00244,691920.675959377,612757.288495917,691891.733799346,613259.817597008,0.03691,0.03447,2020.23524239891,2020.23768239891,36050000
13,5,2.19999999999942e-05,691891.733799346,613259.817597008,677282.685004142,656310.62904865,0.036932,0.03691,2020.23768239891,2020.23770439891,36050000
13,6,0.00275399999999999,691891.733799346,613259.817597008,692031.687484799,613387.90512186,0.039664,0.03691,2020.23768239891,2020.24043639891,36050000
