node1,node2,length,startLat,startLon,endLat,endLon,endNodeL,startNodeL,startYear,endYear,treeID
8,1,0.042397,684221.87549774,679628.779269326,696456.198080405,698639.750252063,0.042397,0,2020.20077239891,2020.24316939891,45455000
8,9,0.000329999999999997,684221.87549774,679628.779269326,684278.959832947,679708.376427026,0.000329999999999997,0,2020.20077239891,2020.20110239891,45455000
9,2,0.042067,684278.959832947,679708.376427026,683662.146904377,683947.419240605,0.042397,0.000329999999999997,2020.20110239891,2020.24316939891,45455000
9,10,0.02322,684278.959832947,679708.376427026,693210.633415761,600585.799426973,0.02355,0.000329999999999997,2020.20110239891,2020.22432239891,45455000
10,3,0.018847,693210.633415761,600585.799426973,691487.668209221,607994.91165642,0.042397,0.02355,2020.22432239891,2020.24316939891,45455000
10,11,0.00243,693210.633415761,600585.799426973,692670.855764934,602034.845228363,0.02598,0.02355,2020.22432239891,2020.22675239891,45455000
11,12,0.00849,692670.855764934,602034.845228363,692538.114897538,608910.686235883,0.03447,0.02598,2020.22675239891,2020.23524239891,45455000
11,4,2.29999999999918e-05,692670.855764934,602034.845228363,692663.985368161,602073.133064177,0.026003,0.02598,2020.22675239891,2020.22677539891,45455000
12,7,0.007927,692538.114897538,608910.686235883,652820.332059001,625092.478132132,0.042397,0.03447,2020.23524239891,2020.24316939891,45455000
12,13,0.00244,692538.114897538,608910.686235883,692329.29936183,612700.377781627,0.03691,0.03447,2020.23524239891,2020.23768239891,45455000
13,5,2.19999999999942e-05,692329.29936183,612700.377781627,677282.685004142,656310.62904865,0.036932,0.03691,2020.23768239891,2020.23770439891,45455000
13,6,0.00275399999999999,692329.29936183,612700.377781627,692031.687484799,613387.90512186,0.039664,0.03691,2020.23768239891,2020.24043639891,45455000
