node1,node2,length,startLat,startLon,endLat,endLon,endNodeL,startNodeL,startYear,endYear,treeID
8,1,0.042397,692019.96040341,599770.382536601,696456.198080405,698639.750252063,0.042397,0,2020.20077239891,2020.24316939891,46535000
8,9,0.000329999999999997,692019.96040341,599770.382536601,692148.654792868,599183.19702391,0.000329999999999997,0,2020.20077239891,2020.20110239891,46535000
9,2,0.042067,692148.654792868,599183.19702391,683662.146904377,683947.419240605,0.042397,0.000329999999999997,2020.20110239891,2020.24316939891,46535000
9,10,0.02322,692148.654792868,599183.19702391,692518.995962326,597464.366002472,0.02355,0.000329999999999997,2020.20110239891,2020.22432239891,46535000
10,3,0.018847,692518.995962326,597464.366002472,691487.668209221,607994.91165642,0.042397,0.02355,2020.22432239891,2020.24316939891,46535000
10,11,0.00243,692518.995962326,597464.366002472,692634.340141255,602105.930404731,0.02598,0.02355,2020.22432239891,2020.22675239891,46535000
11,12,0.00849,692634.340141255,602105.930404731,684636.948093196,635205.708472335,0.03447,0.02598,2020.22675239891,2020.23524239891,46535000
11,4,2.29999999999918e-05,692634.340141255,602105.930404731,692663.985368161,602073.133064177,0.026003,0.02598,2020.22675239891,2020.22677539891,46535000
12,7,0.007927,684636.948093196,635205.708472335,652820.332059001,625092.478132132,0.042397,0.03447,2020.23524239891,2020.24316939891,46535000
12,13,0.00244,684636.948093196,635205.708472335,684817.947480743,631896.095114699,0.03691,0.03447,2020.23524239891,2020.23768239891,46535000
13,5,2.19999999999942e-05,684817.947480743,631896.095114699,677282.685004142,656310.62904865,0.036932,0.03691,2020.23768239891,2020.23770439891,46535000
13,6,0.00275399999999999,684817.947480743,631896.095114699,692031.687484799,613387.90512186,0.039664,0.03691,2020.23768239891,2020.24043639891,46535000
