node1,node2,length,startLat,startLon,endLat,endLon,endNodeL,startNodeL,startYear,endYear,treeID
8,1,0.042397,687665.636452962,634198.180489718,696456.198080405,698639.750252063,0.042397,0,2020.20077239891,2020.24316939891,37805000
8,9,0.000329999999999997,687665.636452962,634198.180489718,687300.016222054,636136.638304866,0.000329999999999997,0,2020.20077239891,2020.20110239891,37805000
9,2,0.042067,687300.016222054,636136.638304866,683662.146904377,683947.419240605,0.042397,0.000329999999999997,2020.20110239891,2020.24316939891,37805000
9,10,0.02322,687300.016222054,636136.638304866,691840.260160846,605344.928768401,0.02355,0.000329999999999997,2020.20110239891,2020.22432239891,37805000
10,3,0.018847,691840.260160846,605344.928768401,691487.668209221,607994.91165642,0.042397,0.02355,2020.22432239891,2020.24316939891,37805000
10,11,0.00243,691840.260160846,605344.928768401,692681.930873514,602021.439722781,0.02598,0.02355,2020.22432239891,2020.22675239891,37805000
11,12,0.00849,692681.930873514,602021.439722781,692992.530759247,600998.515422746,0.03447,0.02598,2020.22675239891,2020.23524239891,37805000
11,4,2.29999999999918e-05,692681.930873514,602021.439722781,692663.985368161,602073.133064177,0.026003,0.02598,2020.22675239891,2020.22677539891,37805000
12,7,0.007927,692992.530759247,600998.515422746,652820.332059001,625092.478132132,0.042397,0.03447,2020.23524239891,2020.24316939891,37805000
12,13,0.00244,692992.530759247,600998.515422746,692167.047056782,611142.346461821,0.03691,0.03447,2020.23524239891,2020.23768239891,37805000
13,5,2.19999999999942e-05,692167.047056782,611142.346461821,677282.685004142,656310.62904865,0.036932,0.03691,2020.23768239891,2020.23770439891,37805000
13,6,0.00275399999999999,692167.047056782,611142.346461821,692031.687484799,613387.90512186,0.039664,0.03691,2020.23768239891,2020.24043639891,37805000
