node1,node2,length,startLat,startLon,endLat,endLon,endNodeL,startNodeL,startYear,endYear,treeID
8,1,0.042397,683553.283831817,685924.436602133,696456.198080405,698639.750252063,0.042397,0,2020.20077239891,2020.24316939891,21380000
8,9,0.000329999999999997,683553.283831817,685924.436602133,683686.435647148,685765.843460481,0.000329999999999997,0,2020.20077239891,2020.20110239891,21380000
9,2,0.042067,683686.435647148,685765.843460481,683662.146904377,683947.419240605,0.042397,0.000329999999999997,2020.20110239891,2020.24316939891,21380000
9,10,0.02322,683686.435647148,685765.843460481,691980.181077084,604013.820862231,0.02355,0.000329999999999997,2020.20110239891,2020.22432239891,21380000
10,3,0.018847,691980.181077084,604013.820862231,691487.668209221,607994.91165642,0.042397,0.02355,2020.22432239891,2020.24316939891,21380000
10,11,0.00243,691980.181077084,604013.820862231,692561.009212542,601698.784554228,0.02598,0.02355,2020.22432239891,2020.22675239891,21380000
11,12,0.00849,692561.009212542,601698.784554228,693324.411394816,600871.374546114,0.03447,0.02598,2020.22675239891,2020.23524239891,21380000
11,4,2.29999999999918e-05,692561.009212542,601698.784554228,692663.985368161,602073.133064177,0.026003,0.02598,2020.22675239891,2020.22677539891,21380000
12,7,0.007927,693324.411394816,600871.374546114,652820.332059001,625092.478132132,0.042397,0.03447,2020.23524239891,2020.24316939891,21380000
12,13,0.00244,693324.411394816,600871.374546114,693514.059626747,600839.670835956,0.03691,0.03447,2020.23524239891,2020.23768239891,21380000
13,5,2.19999999999942e-05,693514.059626747,600839.670835956,677282.685004142,656310.62904865,0.036932,0.03691,2020.23768239891,2020.23770439891,21380000
13,6,0.00275399999999999,693514.059626747,600839.670835956,692031.687484799,613387.90512186,0.039664,0.03691,2020.23768239891,2020.24043639891,21380000
