node1,node2,length,startLat,startLon,endLat,endLon,endNodeL,startNodeL,startYear,endYear,treeID
8,1,0.042397,683998.59953502,689277.984574708,696456.198080405,698639.750252063,0.042397,0,2020.20077239891,2020.24316939891,31595000
8,9,0.000329999999999997,683998.59953502,689277.984574708,683983.205481815,689391.820250768,0.000329999999999997,0,2020.20077239891,2020.20110239891,31595000
9,2,0.042067,683983.205481815,689391.820250768,683662.146904377,683947.419240605,0.042397,0.000329999999999997,2020.20110239891,2020.24316939891,31595000
9,10,0.02322,683983.205481815,689391.820250768,693023.364002176,599662.740314356,0.02355,0.000329999999999997,2020.20110239891,2020.22432239891,31595000
10,3,0.018847,693023.364002176,599662.740314356,691487.668209221,607994.91165642,0.042397,0.02355,2020.22432239891,2020.24316939891,31595000
10,11,0.00243,693023.364002176,599662.740314356,692672.038042481,602018.654207853,0.02598,0.02355,2020.22432239891,2020.22675239891,31595000
11,12,0.00849,692672.038042481,602018.654207853,692542.699204263,604379.500604346,0.03447,0.02598,2020.22675239891,2020.23524239891,31595000
11,4,2.29999999999918e-05,692672.038042481,602018.654207853,692663.985368161,602073.133064177,0.026003,0.02598,2020.22675239891,2020.22677539891,31595000
12,7,0.007927,692542.699204263,604379.500604346,652820.332059001,625092.478132132,0.042397,0.03447,2020.23524239891,2020.24316939891,31595000
12,13,0.00244,692542.699204263,604379.500604346,692079.510179268,613628.880692372,0.03691,0.03447,2020.23524239891,2020.23768239891,31595000
13,5,2.19999999999942e-05,692079.510179268,613628.880692372,677282.685004142,656310.62904865,0.036932,0.03691,2020.23768239891,2020.23770439891,31595000
13,6,0.00275399999999999,692079.510179268,613628.880692372,692031.687484799,613387.90512186,0.039664,0.03691,2020.23768239891,2020.24043639891,31595000
