node1,node2,length,startLat,startLon,endLat,endLon,endNodeL,startNodeL,startYear,endYear,treeID
8,1,0.042397,695267.808923966,595882.08028087,696456.198080405,698639.750252063,0.042397,0,2020.20077239891,2020.24316939891,38480000
8,9,0.000329999999999997,695267.808923966,595882.08028087,695350.147091044,595639.240856577,0.000329999999999997,0,2020.20077239891,2020.20110239891,38480000
9,2,0.042067,695350.147091044,595639.240856577,683662.146904377,683947.419240605,0.042397,0.000329999999999997,2020.20110239891,2020.24316939891,38480000
9,10,0.02322,695350.147091044,595639.240856577,692734.608385442,602312.032588781,0.02355,0.000329999999999997,2020.20110239891,2020.22432239891,38480000
10,3,0.018847,692734.608385442,602312.032588781,691487.668209221,607994.91165642,0.042397,0.02355,2020.22432239891,2020.24316939891,38480000
10,11,0.00243,692734.608385442,602312.032588781,692605.117768407,602257.399841657,0.02598,0.02355,2020.22432239891,2020.22675239891,38480000
11,12,0.00849,692605.117768407,602257.399841657,677437.79084578,654179.349396533,0.03447,0.02598,2020.22675239891,2020.23524239891,38480000
11,4,2.29999999999918e-05,692605.117768407,602257.399841657,692663.985368161,602073.133064177,0.026003,0.02598,2020.22675239891,2020.22677539891,38480000
12,7,0.007927,677437.79084578,654179.349396533,652820.332059001,625092.478132132,0.042397,0.03447,2020.23524239891,2020.24316939891,38480000
12,13,0.00244,677437.79084578,654179.349396533,677310.003169664,656283.307607136,0.03691,0.03447,2020.23524239891,2020.23768239891,38480000
13,5,2.19999999999942e-05,677310.003169664,656283.307607136,677282.685004142,656310.62904865,0.036932,0.03691,2020.23768239891,2020.23770439891,38480000
13,6,0.00275399999999999,677310.003169664,656283.307607136,692031.687484799,613387.90512186,0.039664,0.03691,2020.23768239891,2020.24043639891,38480000
