node1,node2,length,startLat,startLon,endLat,endLon,endNodeL,startNodeL,startYear,endYear,treeID
8,1,0.042397,696299.929528162,697442.045991024,696456.198080405,698639.750252063,0.042397,0,2020.20077239891,2020.24316939891,32945000
8,9,0.000329999999999997,696299.929528162,697442.045991024,684165.224194022,686717.999559506,0.000329999999999997,0,2020.20077239891,2020.20110239891,32945000
9,2,0.042067,684165.224194022,686717.999559506,683662.146904377,683947.419240605,0.042397,0.000329999999999997,2020.20110239891,2020.24316939891,32945000
9,10,0.02322,684165.224194022,686717.999559506,692014.490163395,604552.41580156,0.02355,0.000329999999999997,2020.20110239891,2020.22432239891,32945000
10,3,0.018847,692014.490163395,604552.41580156,691487.668209221,607994.91165642,0.042397,0.02355,2020.22432239891,2020.24316939891,32945000
10,11,0.00243,692014.490163395,604552.41580156,692620.378704568,602253.859177274,0.02598,0.02355,2020.22432239891,2020.22675239891,32945000
11,12,0.00849,692620.378704568,602253.859177274,677338.473792742,656474.355481451,0.03447,0.02598,2020.22675239891,2020.23524239891,32945000
11,4,2.29999999999918e-05,692620.378704568,602253.859177274,692663.985368161,602073.133064177,0.026003,0.02598,2020.22675239891,2020.22677539891,32945000
12,7,0.007927,677338.473792742,656474.355481451,652820.332059001,625092.478132132,0.042397,0.03447,2020.23524239891,2020.24316939891,32945000
12,13,0.00244,677338.473792742,656474.355481451,677289.783773515,656323.423313793,0.03691,0.03447,2020.23524239891,2020.23768239891,32945000
13,5,2.19999999999942e-05,677289.783773515,656323.423313793,677282.685004142,656310.62904865,0.036932,0.03691,2020.23768239891,2020.23770439891,32945000
13,6,0.00275399999999999,677289.783773515,656323.423313793,692031.687484799,613387.90512186,0.039664,0.03691,2020.23768239891,2020.24043639891,32945000
