node1,node2,length,startLat,startLon,endLat,endLon,endNodeL,startNodeL,startYear,endYear,treeID
4,1,0.000117372850671274,653990.853349086,600405.228911101,653946.509208026,600567.735874213,0.000117372850671274,0,2020.18567497687,2020.18579234972,554000
4,5,0.024117161,653990.853349086,600405.228911101,654189.658953652,599688.238921967,0.024117161,0,2020.18567497687,2020.20979213787,554000
5,2,0.0169838184103713,654189.658953652,599688.238921967,641981.057445359,626757.0034375,0.0411009794103713,0.024117161,2020.20979213787,2020.22677595628,554000
5,3,0.0169838184103713,654189.658953652,599688.238921967,648007.975863998,620287.392767377,0.0411009794103713,0.024117161,2020.20979213787,2020.22677595628,554000
