node1,node2,length,startLat,startLon,endLat,endLon,endNodeL,startNodeL,startYear,endYear,treeID
4,1,0.000117372850671274,653944.906542566,600579.493305618,653946.509208026,600567.735874213,0.000117372850671274,0,2020.18567497687,2020.18579234972,712000
4,5,0.024117161,653944.906542566,600579.493305618,637123.694261323,617604.193685233,0.024117161,0,2020.18567497687,2020.20979213787,712000
5,2,0.0169838184103713,637123.694261323,617604.193685233,641981.057445359,626757.0034375,0.0411009794103713,0.024117161,2020.20979213787,2020.22677595628,712000
5,3,0.0169838184103713,637123.694261323,617604.193685233,648007.975863998,620287.392767377,0.0411009794103713,0.024117161,2020.20979213787,2020.22677595628,712000
