node1,node2,length,startLat,startLon,endLat,endLon,endNodeL,startNodeL,startYear,endYear,treeID
4,1,0.000117372850671274,642381.592683749,625878.287025097,653946.509208026,600567.735874213,0.000117372850671274,0,2020.18567497687,2020.18579234972,178000
4,5,0.024117161,642381.592683749,625878.287025097,642506.004474261,628367.22612263,0.024117161,0,2020.18567497687,2020.20979213787,178000
5,2,0.0169838184103713,642506.004474261,628367.22612263,641981.057445359,626757.0034375,0.0411009794103713,0.024117161,2020.20979213787,2020.22677595628,178000
5,3,0.0169838184103713,642506.004474261,628367.22612263,648007.975863998,620287.392767377,0.0411009794103713,0.024117161,2020.20979213787,2020.22677595628,178000
