node1,node2,length,startLat,startLon,endLat,endLon,endNodeL,startNodeL,startYear,endYear,treeID
6,1,0.022639,642911.139508653,737508.634746156,642810.179117121,737004.216225384,0.022639,0,2020.19867247541,2020.22131147541,1621000
6,7,0.019765,642911.139508653,737508.634746156,647810.960491388,737085.38632159,0.019765,0,2020.19867247541,2020.21843747541,1621000
7,8,0.000125,647810.960491388,737085.38632159,647807.94161921,737035.642375175,0.01989,0.019765,2020.21843747541,2020.21856247541,1621000
7,9,0.000125,647810.960491388,737085.38632159,647807.94161921,737035.642375175,0.01989,0.019765,2020.21843747541,2020.21856247541,1621000
8,2,0.0246073661199937,647807.94161921,737035.642375175,648231.883716538,742679.81270325,0.0444973661199937,0.01989,2020.21856247541,2020.24316984153,1621000
8,3,0.0246073661199937,647807.94161921,737035.642375175,643827.755001683,721663.707075135,0.0444973661199937,0.01989,2020.21856247541,2020.24316984153,1621000
9,4,1.63661199936854e-05,647807.94161921,737035.642375175,647796.76862743,737138.109501098,0.0199063661199937,0.01989,2020.21856247541,2020.21857884153,1621000
9,5,0.0410003661199937,647807.94161921,737035.642375175,652301.174790691,733161.461185178,0.0608903661199937,0.01989,2020.21856247541,2020.25956284153,1621000
