node1,node2,length,startLat,startLon,endLat,endLon,endNodeL,startNodeL,startYear,endYear,treeID
6,1,0.022639,642938.551164843,737303.161593047,642810.179117121,737004.216225384,0.022639,0,2020.19867247541,2020.22131147541,4762000
6,7,0.019765,642938.551164843,737303.161593047,647780.142165486,737098.79144936,0.019765,0,2020.19867247541,2020.21843747541,4762000
7,8,0.000125,647780.142165486,737098.79144936,647782.794941295,737087.931371605,0.01989,0.019765,2020.21843747541,2020.21856247541,4762000
7,9,0.000125,647780.142165486,737098.79144936,647782.794941295,737087.931371605,0.01989,0.019765,2020.21843747541,2020.21856247541,4762000
8,2,0.0246073661199937,647782.794941295,737087.931371605,648231.883716538,742679.81270325,0.0444973661199937,0.01989,2020.21856247541,2020.24316984153,4762000
8,3,0.0246073661199937,647782.794941295,737087.931371605,643827.755001683,721663.707075135,0.0444973661199937,0.01989,2020.21856247541,2020.24316984153,4762000
9,4,1.63661199936854e-05,647782.794941295,737087.931371605,647796.76862743,737138.109501098,0.0199063661199937,0.01989,2020.21856247541,2020.21857884153,4762000
9,5,0.0410003661199937,647782.794941295,737087.931371605,652301.174790691,733161.461185178,0.0608903661199937,0.01989,2020.21856247541,2020.25956284153,4762000
