node1,node2,length,startLat,startLon,endLat,endLon,endNodeL,startNodeL,startYear,endYear,treeID
6,1,0.022639,647655.893723348,738103.407358909,642810.179117121,737004.216225384,0.022639,0,2020.19867247541,2020.22131147541,4402000
6,7,0.019765,647655.893723348,738103.407358909,647689.286725543,737619.823343291,0.019765,0,2020.19867247541,2020.21843747541,4402000
7,8,0.000125,647689.286725543,737619.823343291,647696.647808956,737445.469302576,0.01989,0.019765,2020.21843747541,2020.21856247541,4402000
7,9,0.000125,647689.286725543,737619.823343291,647696.647808956,737445.469302576,0.01989,0.019765,2020.21843747541,2020.21856247541,4402000
8,2,0.0246073661199937,647696.647808956,737445.469302576,648231.883716538,742679.81270325,0.0444973661199937,0.01989,2020.21856247541,2020.24316984153,4402000
8,3,0.0246073661199937,647696.647808956,737445.469302576,643827.755001683,721663.707075135,0.0444973661199937,0.01989,2020.21856247541,2020.24316984153,4402000
9,4,1.63661199936854e-05,647696.647808956,737445.469302576,647796.76862743,737138.109501098,0.0199063661199937,0.01989,2020.21856247541,2020.21857884153,4402000
9,5,0.0410003661199937,647696.647808956,737445.469302576,652301.174790691,733161.461185178,0.0608903661199937,0.01989,2020.21856247541,2020.25956284153,4402000
