node1,node2,length,startLat,startLon,endLat,endLon,endNodeL,startNodeL,startYear,endYear,treeID
5,1,0.006983,659993.222112523,765527.203648144,659864.039982893,764971.927018376,0.006983,0,2020.21979295628,2020.22677595628,2926000
5,6,0.022954,659993.222112523,765527.203648144,656293.080464865,731609.572604672,0.022954,0,2020.21979295628,2020.24274695628,2926000
6,2,0.000422442629805578,656293.080464865,731609.572604672,643948.051226703,715744.717991809,0.0233764426298056,0.022954,2020.24274695628,2020.24316939891,2926000
6,7,0.000406,656293.080464865,731609.572604672,656484.258456236,730964.164901263,0.02336,0.022954,2020.24274695628,2020.24315295628,2926000
7,3,1.64426298055777e-05,656484.258456236,730964.164901263,620075.939188472,788286.597419253,0.0233764426298056,0.02336,2020.24315295628,2020.24316939891,2926000
7,4,1.64426298055777e-05,656484.258456236,730964.164901263,656495.13734795,730997.282931074,0.0233764426298056,0.02336,2020.24315295628,2020.24316939891,2926000
