node1,node2,length,startLat,startLon,endLat,endLon,endNodeL,startNodeL,startYear,endYear,treeID
5,1,0.006983,655163.143106041,735712.624880261,659864.039982893,764971.927018376,0.006983,0,2020.21979295628,2020.22677595628,6661000
5,6,0.022954,655163.143106041,735712.624880261,654845.479464564,735167.823071402,0.022954,0,2020.21979295628,2020.24274695628,6661000
6,2,0.000422442629805578,654845.479464564,735167.823071402,643948.051226703,715744.717991809,0.0233764426298056,0.022954,2020.24274695628,2020.24316939891,6661000
6,7,0.000406,654845.479464564,735167.823071402,656492.775662091,730997.35641303,0.02336,0.022954,2020.24274695628,2020.24315295628,6661000
7,3,1.64426298055777e-05,656492.775662091,730997.35641303,620075.939188472,788286.597419253,0.0233764426298056,0.02336,2020.24315295628,2020.24316939891,6661000
7,4,1.64426298055777e-05,656492.775662091,730997.35641303,656495.13734795,730997.282931074,0.0233764426298056,0.02336,2020.24315295628,2020.24316939891,6661000
