node1,node2,length,startLat,startLon,endLat,endLon,endNodeL,startNodeL,startYear,endYear,treeID
5,1,0.006983,658902.779696884,763629.959982193,659864.039982893,764971.927018376,0.006983,0,2020.21979295628,2020.22677595628,2881000
5,6,0.022954,658902.779696884,763629.959982193,656168.669050625,730741.191059531,0.022954,0,2020.21979295628,2020.24274695628,2881000
6,2,0.000422442629805578,656168.669050625,730741.191059531,643948.051226703,715744.717991809,0.0233764426298056,0.022954,2020.24274695628,2020.24316939891,2881000
6,7,0.000406,656168.669050625,730741.191059531,656305.681419914,730873.422586595,0.02336,0.022954,2020.24274695628,2020.24315295628,2881000
7,3,1.64426298055777e-05,656305.681419914,730873.422586595,620075.939188472,788286.597419253,0.0233764426298056,0.02336,2020.24315295628,2020.24316939891,2881000
7,4,1.64426298055777e-05,656305.681419914,730873.422586595,656495.13734795,730997.282931074,0.0233764426298056,0.02336,2020.24315295628,2020.24316939891,2881000
