node1,node2,length,startLat,startLon,endLat,endLon,endNodeL,startNodeL,startYear,endYear,treeID
5,1,0.006983,659793.644288656,764893.112883653,659864.039982893,764971.927018376,0.006983,0,2020.21979295628,2020.22677595628,1810000
5,6,0.022954,659793.644288656,764893.112883653,643907.93160766,715720.220135471,0.022954,0,2020.21979295628,2020.24274695628,1810000
6,2,0.000422442629805578,643907.93160766,715720.220135471,643948.051226703,715744.717991809,0.0233764426298056,0.022954,2020.24274695628,2020.24316939891,1810000
6,7,0.000406,643907.93160766,715720.220135471,643964.873189661,715913.242123971,0.02336,0.022954,2020.24274695628,2020.24315295628,1810000
7,3,1.64426298055777e-05,643964.873189661,715913.242123971,620075.939188472,788286.597419253,0.0233764426298056,0.02336,2020.24315295628,2020.24316939891,1810000
7,4,1.64426298055777e-05,643964.873189661,715913.242123971,656495.13734795,730997.282931074,0.0233764426298056,0.02336,2020.24315295628,2020.24316939891,1810000
