node1,node2,length,startLat,startLon,endLat,endLon,endNodeL,startNodeL,startYear,endYear,treeID
5,1,0.006983,659581.445610067,764846.054947981,659864.039982893,764971.927018376,0.006983,0,2020.21979295628,2020.22677595628,9424000
5,6,0.022954,659581.445610067,764846.054947981,645619.198348645,717931.511211674,0.022954,0,2020.21979295628,2020.24274695628,9424000
6,2,0.000422442629805578,645619.198348645,717931.511211674,643948.051226703,715744.717991809,0.0233764426298056,0.022954,2020.24274695628,2020.24316939891,9424000
6,7,0.000406,645619.198348645,717931.511211674,645645.267500992,717937.140279789,0.02336,0.022954,2020.24274695628,2020.24315295628,9424000
7,3,1.64426298055777e-05,645645.267500992,717937.140279789,620075.939188472,788286.597419253,0.0233764426298056,0.02336,2020.24315295628,2020.24316939891,9424000
7,4,1.64426298055777e-05,645645.267500992,717937.140279789,656495.13734795,730997.282931074,0.0233764426298056,0.02336,2020.24315295628,2020.24316939891,9424000
