node1,node2,length,startLat,startLon,endLat,endLon,endNodeL,startNodeL,startYear,endYear,treeID
5,1,0.006983,659699.056000089,765053.203939202,659864.039982893,764971.927018376,0.006983,0,2020.21979295628,2020.22677595628,2296000
5,6,0.022954,659699.056000089,765053.203939202,644013.367734347,715740.629652086,0.022954,0,2020.21979295628,2020.24274695628,2296000
6,2,0.000422442629805578,644013.367734347,715740.629652086,643948.051226703,715744.717991809,0.0233764426298056,0.022954,2020.24274695628,2020.24316939891,2296000
6,7,0.000406,644013.367734347,715740.629652086,644056.496065318,715759.021856879,0.02336,0.022954,2020.24274695628,2020.24315295628,2296000
7,3,1.64426298055777e-05,644056.496065318,715759.021856879,620075.939188472,788286.597419253,0.0233764426298056,0.02336,2020.24315295628,2020.24316939891,2296000
7,4,1.64426298055777e-05,644056.496065318,715759.021856879,656495.13734795,730997.282931074,0.0233764426298056,0.02336,2020.24315295628,2020.24316939891,2296000
