node1,node2,length,startLat,startLon,endLat,endLon,endNodeL,startNodeL,startYear,endYear,treeID
5,1,0.006983,643141.399578883,714882.600452258,659864.039982893,764971.927018376,0.006983,0,2020.21979295628,2020.22677595628,7300000
5,6,0.022954,643141.399578883,714882.600452258,643953.560626974,715714.478361184,0.022954,0,2020.21979295628,2020.24274695628,7300000
6,2,0.000422442629805578,643953.560626974,715714.478361184,643948.051226703,715744.717991809,0.0233764426298056,0.022954,2020.24274695628,2020.24316939891,7300000
6,7,0.000406,643953.560626974,715714.478361184,643950.790588425,715731.21684712,0.02336,0.022954,2020.24274695628,2020.24315295628,7300000
7,3,1.64426298055777e-05,643950.790588425,715731.21684712,620075.939188472,788286.597419253,0.0233764426298056,0.02336,2020.24315295628,2020.24316939891,7300000
7,4,1.64426298055777e-05,643950.790588425,715731.21684712,656495.13734795,730997.282931074,0.0233764426298056,0.02336,2020.24315295628,2020.24316939891,7300000
