node1,node2,length,startLat,startLon,endLat,endLon,endNodeL,startNodeL,startYear,endYear,treeID
5,1,0.006983,659905.316336494,765009.064608167,659864.039982893,764971.927018376,0.006983,0,2020.21979295628,2020.22677595628,4501000
5,6,0.022954,659905.316336494,765009.064608167,656018.127200088,730231.906171061,0.022954,0,2020.21979295628,2020.24274695628,4501000
6,2,0.000422442629805578,656018.127200088,730231.906171061,643948.051226703,715744.717991809,0.0233764426298056,0.022954,2020.24274695628,2020.24316939891,4501000
6,7,0.000406,656018.127200088,730231.906171061,656609.981587674,731008.496313959,0.02336,0.022954,2020.24274695628,2020.24315295628,4501000
7,3,1.64426298055777e-05,656609.981587674,731008.496313959,620075.939188472,788286.597419253,0.0233764426298056,0.02336,2020.24315295628,2020.24316939891,4501000
7,4,1.64426298055777e-05,656609.981587674,731008.496313959,656495.13734795,730997.282931074,0.0233764426298056,0.02336,2020.24315295628,2020.24316939891,4501000
