node1,node2,length,startLat,startLon,endLat,endLon,endNodeL,startNodeL,startYear,endYear,treeID
5,1,0.006983,642266.181978662,713547.755710279,659864.039982893,764971.927018376,0.006983,0,2020.21979295628,2020.22677595628,2062000
5,6,0.022954,642266.181978662,713547.755710279,644025.692306386,715802.440971351,0.022954,0,2020.21979295628,2020.24274695628,2062000
6,2,0.000422442629805578,644025.692306386,715802.440971351,643948.051226703,715744.717991809,0.0233764426298056,0.022954,2020.24274695628,2020.24316939891,2062000
6,7,0.000406,644025.692306386,715802.440971351,656522.787076216,731026.045328758,0.02336,0.022954,2020.24274695628,2020.24315295628,2062000
7,3,1.64426298055777e-05,656522.787076216,731026.045328758,620075.939188472,788286.597419253,0.0233764426298056,0.02336,2020.24315295628,2020.24316939891,2062000
7,4,1.64426298055777e-05,656522.787076216,731026.045328758,656495.13734795,730997.282931074,0.0233764426298056,0.02336,2020.24315295628,2020.24316939891,2062000
