node1,node2,length,startLat,startLon,endLat,endLon,endNodeL,startNodeL,startYear,endYear,treeID
7,1,0.0142243303030365,652743.337611922,739740.300051789,652494.112754967,740199.296370904,0.0142243303030365,0,2020.18249698117,2020.19672131147,325000
7,8,0.00826878937100001,652743.337611922,739740.300051789,653394.195877936,739400.85987864,0.00826878937100001,0,2020.18249698117,2020.19076577054,325000
8,9,0.02717458988,653394.195877936,739400.85987864,641468.142405372,732276.794346863,0.035443379251,0.00826878937100001,2020.19076577054,2020.21794036042,325000
8,10,0.01681526478,653394.195877936,739400.85987864,650348.016644773,735153.487388065,0.025084054151,0.00826878937100001,2020.19076577054,2020.20758103532,325000
9,2,0.00337111498503646,641468.142405372,732276.794346863,648995.460703609,705615.101631964,0.0388144942360365,0.035443379251,2020.21794036042,2020.22131147541,325000
9,3,0.00337111498503646,641468.142405372,732276.794346863,641395.377176478,732318.156749794,0.0388144942360365,0.035443379251,2020.21794036042,2020.22131147541,325000
10,4,0.0137304400930365,650348.016644773,735153.487388065,649781.653696367,735631.223545193,0.0388144942440365,0.025084054151,2020.20758103532,2020.22131147541,325000
10,11,0.008324592196,650348.016644773,735153.487388065,650301.947473239,735294.999222148,0.033408646347,0.025084054151,2020.20758103532,2020.21590562752,325000
11,5,0.0272637713930365,650301.947473239,735294.999222148,631795.228335911,733787.474742572,0.0606724177400365,0.033408646347,2020.21590562752,2020.24316939891,325000
11,6,0.0436572140130365,650301.947473239,735294.999222148,667234.246269789,651824.222647266,0.0770658603600365,0.033408646347,2020.21590562752,2020.25956284153,325000
