node1,node2,length,startLat,startLon,endLat,endLon,endNodeL,startNodeL,startYear,endYear,treeID
7,1,0.0142243303030365,651622.70221753,740117.963347789,652494.112754967,740199.296370904,0.0142243303030365,0,2020.18249698117,2020.19672131147,1091000
7,8,0.00826878937100001,651622.70221753,740117.963347789,649907.602669718,735615.947207899,0.00826878937100001,0,2020.18249698117,2020.19076577054,1091000
8,9,0.02717458988,649907.602669718,735615.947207899,649103.461902121,735340.737934072,0.035443379251,0.00826878937100001,2020.19076577054,2020.21794036042,1091000
8,10,0.01681526478,649907.602669718,735615.947207899,650003.224796265,735719.593029421,0.025084054151,0.00826878937100001,2020.19076577054,2020.20758103532,1091000
9,2,0.00337111498503646,649103.461902121,735340.737934072,648995.460703609,705615.101631964,0.0388144942360365,0.035443379251,2020.21794036042,2020.22131147541,1091000
9,3,0.00337111498503646,649103.461902121,735340.737934072,641395.377176478,732318.156749794,0.0388144942360365,0.035443379251,2020.21794036042,2020.22131147541,1091000
10,4,0.0137304400930365,650003.224796265,735719.593029421,649781.653696367,735631.223545193,0.0388144942440365,0.025084054151,2020.20758103532,2020.22131147541,1091000
10,11,0.008324592196,650003.224796265,735719.593029421,650438.710268692,736028.363219679,0.033408646347,0.025084054151,2020.20758103532,2020.21590562752,1091000
11,5,0.0272637713930365,650438.710268692,736028.363219679,631795.228335911,733787.474742572,0.0606724177400365,0.033408646347,2020.21590562752,2020.24316939891,1091000
11,6,0.0436572140130365,650438.710268692,736028.363219679,667234.246269789,651824.222647266,0.0770658603600365,0.033408646347,2020.21590562752,2020.25956284153,1091000
