node1,node2,length,startLat,startLon,endLat,endLon,endNodeL,startNodeL,startYear,endYear,treeID
7,1,0.0142243303030365,652506.332282221,740270.114833704,652494.112754967,740199.296370904,0.0142243303030365,0,2020.18249698117,2020.19672131147,701000
7,8,0.00826878937100001,652506.332282221,740270.114833704,652473.572062793,740182.180785116,0.00826878937100001,0,2020.18249698117,2020.19076577054,701000
8,9,0.02717458988,652473.572062793,740182.180785116,641401.234547656,732515.912313343,0.035443379251,0.00826878937100001,2020.19076577054,2020.21794036042,701000
8,10,0.01681526478,652473.572062793,740182.180785116,650678.936658328,736443.636792189,0.025084054151,0.00826878937100001,2020.19076577054,2020.20758103532,701000
9,2,0.00337111498503646,641401.234547656,732515.912313343,648995.460703609,705615.101631964,0.0388144942360365,0.035443379251,2020.21794036042,2020.22131147541,701000
9,3,0.00337111498503646,641401.234547656,732515.912313343,641395.377176478,732318.156749794,0.0388144942360365,0.035443379251,2020.21794036042,2020.22131147541,701000
10,4,0.0137304400930365,650678.936658328,736443.636792189,649781.653696367,735631.223545193,0.0388144942440365,0.025084054151,2020.20758103532,2020.22131147541,701000
10,11,0.008324592196,650678.936658328,736443.636792189,651972.477868903,734941.76095664,0.033408646347,0.025084054151,2020.20758103532,2020.21590562752,701000
11,5,0.0272637713930365,651972.477868903,734941.76095664,631795.228335911,733787.474742572,0.0606724177400365,0.033408646347,2020.21590562752,2020.24316939891,701000
11,6,0.0436572140130365,651972.477868903,734941.76095664,667234.246269789,651824.222647266,0.0770658603600365,0.033408646347,2020.21590562752,2020.25956284153,701000
