node1,node2,length,startLat,startLon,endLat,endLon,endNodeL,startNodeL,startYear,endYear,treeID
7,1,0.0142243303030365,651905.390091401,739881.927782966,652494.112754967,740199.296370904,0.0142243303030365,0,2020.18249698117,2020.19672131147,153000
7,8,0.00826878937100001,651905.390091401,739881.927782966,649952.408038369,739424.836205075,0.00826878937100001,0,2020.18249698117,2020.19076577054,153000
8,9,0.02717458988,649952.408038369,739424.836205075,641386.536682508,732274.226348739,0.035443379251,0.00826878937100001,2020.19076577054,2020.21794036042,153000
8,10,0.01681526478,649952.408038369,739424.836205075,649032.589219455,737810.247216813,0.025084054151,0.00826878937100001,2020.19076577054,2020.20758103532,153000
9,2,0.00337111498503646,641386.536682508,732274.226348739,648995.460703609,705615.101631964,0.0388144942360365,0.035443379251,2020.21794036042,2020.22131147541,153000
9,3,0.00337111498503646,641386.536682508,732274.226348739,641395.377176478,732318.156749794,0.0388144942360365,0.035443379251,2020.21794036042,2020.22131147541,153000
10,4,0.0137304400930365,649032.589219455,737810.247216813,649781.653696367,735631.223545193,0.0388144942440365,0.025084054151,2020.20758103532,2020.22131147541,153000
10,11,0.008324592196,649032.589219455,737810.247216813,642331.916431745,741312.322881597,0.033408646347,0.025084054151,2020.20758103532,2020.21590562752,153000
11,5,0.0272637713930365,642331.916431745,741312.322881597,631795.228335911,733787.474742572,0.0606724177400365,0.033408646347,2020.21590562752,2020.24316939891,153000
11,6,0.0436572140130365,642331.916431745,741312.322881597,667234.246269789,651824.222647266,0.0770658603600365,0.033408646347,2020.21590562752,2020.25956284153,153000
