node1,node2,length,startLat,startLon,endLat,endLon,endNodeL,startNodeL,startYear,endYear,treeID
7,1,0.0142243303030365,639318.046252933,733801.414590555,652494.112754967,740199.296370904,0.0142243303030365,0,2020.18249698117,2020.19672131147,419000
7,8,0.00826878937100001,639318.046252933,733801.414590555,639103.489715625,732817.737450266,0.00826878937100001,0,2020.18249698117,2020.19076577054,419000
8,9,0.02717458988,639103.489715625,732817.737450266,640611.892935166,731993.346884267,0.035443379251,0.00826878937100001,2020.19076577054,2020.21794036042,419000
8,10,0.01681526478,639103.489715625,732817.737450266,639357.294591017,733229.696281911,0.025084054151,0.00826878937100001,2020.19076577054,2020.20758103532,419000
9,2,0.00337111498503646,640611.892935166,731993.346884267,648995.460703609,705615.101631964,0.0388144942360365,0.035443379251,2020.21794036042,2020.22131147541,419000
9,3,0.00337111498503646,640611.892935166,731993.346884267,641395.377176478,732318.156749794,0.0388144942360365,0.035443379251,2020.21794036042,2020.22131147541,419000
10,4,0.0137304400930365,639357.294591017,733229.696281911,649781.653696367,735631.223545193,0.0388144942440365,0.025084054151,2020.20758103532,2020.22131147541,419000
10,11,0.008324592196,639357.294591017,733229.696281911,631756.165334379,733762.947686915,0.033408646347,0.025084054151,2020.20758103532,2020.21590562752,419000
11,5,0.0272637713930365,631756.165334379,733762.947686915,631795.228335911,733787.474742572,0.0606724177400365,0.033408646347,2020.21590562752,2020.24316939891,419000
11,6,0.0436572140130365,631756.165334379,733762.947686915,667234.246269789,651824.222647266,0.0770658603600365,0.033408646347,2020.21590562752,2020.25956284153,419000
