node1,node2,length,startLat,startLon,endLat,endLon,endNodeL,startNodeL,startYear,endYear,treeID
8,11,0.043366,645668.528916926,729451.771235301,646013.2878719,729581.579638284,0.043366,0,2020.16900284153,2020.21236884153,8209000
8,9,0.090148,645668.528916926,729451.771235301,643735.140828125,728313.641178282,0.090148,0,2020.16900284153,2020.25915084153,8209000
9,1,0.000411999999999996,643735.140828125,728313.641178282,643750.593209959,728317.026644858,0.09056,0.090148,2020.25915084153,2020.25956284153,8209000
9,10,0.003066,643735.140828125,728313.641178282,645521.474284399,731689.16020904,0.093214,0.090148,2020.25915084153,2020.26221684153,8209000
10,2,7.91256801390416e-05,645521.474284399,731689.16020904,643327.630329213,729251.215846753,0.093293125680139,0.093214,2020.26221684153,2020.26229596721,8209000
10,3,7.91256801390416e-05,645521.474284399,731689.16020904,645516.235236805,731687.37187844,0.093293125680139,0.093214,2020.26221684153,2020.26229596721,8209000
11,4,0.033532125680139,646013.2878719,729581.579638284,647198.521708139,759302.387536514,0.076898125680139,0.043366,2020.21236884153,2020.24590096721,8209000
11,12,0.00055899999999999,646013.2878719,729581.579638284,646016.359187198,729574.40527634,0.043925,0.043366,2020.21236884153,2020.21292784153,8209000
12,13,0.064065,646016.359187198,729574.40527634,657536.135326832,737488.697566909,0.10799,0.043925,2020.21292784153,2020.27699284153,8209000
12,5,0.000187125680139053,646016.359187198,729574.40527634,646029.954772235,729584.330666394,0.044112125680139,0.043925,2020.21292784153,2020.21311496721,8209000
13,6,0.018089125680139,657536.135326832,737488.697566909,657177.804850128,739441.68047054,0.126079125680139,0.10799,2020.27699284153,2020.29508196721,8209000
13,7,0.018089125680139,657536.135326832,737488.697566909,657625.791460311,737463.357327077,0.126079125680139,0.10799,2020.27699284153,2020.29508196721,8209000
