node1,node2,length,startLat,startLon,endLat,endLon,endNodeL,startNodeL,startYear,endYear,treeID
8,11,0.043366,645126.934049728,729507.307123567,646140.808598313,729583.934804715,0.043366,0,2020.16900284153,2020.21236884153,5590000
8,9,0.090148,645126.934049728,729507.307123567,641770.758943681,729366.877985512,0.090148,0,2020.16900284153,2020.25915084153,5590000
9,1,0.000411999999999996,641770.758943681,729366.877985512,643750.593209959,728317.026644858,0.09056,0.090148,2020.25915084153,2020.25956284153,5590000
9,10,0.003066,641770.758943681,729366.877985512,644782.130386827,731336.174969827,0.093214,0.090148,2020.25915084153,2020.26221684153,5590000
10,2,7.91256801390416e-05,644782.130386827,731336.174969827,643327.630329213,729251.215846753,0.093293125680139,0.093214,2020.26221684153,2020.26229596721,5590000
10,3,7.91256801390416e-05,644782.130386827,731336.174969827,645516.235236805,731687.37187844,0.093293125680139,0.093214,2020.26221684153,2020.26229596721,5590000
11,4,0.033532125680139,646140.808598313,729583.934804715,647198.521708139,759302.387536514,0.076898125680139,0.043366,2020.21236884153,2020.24590096721,5590000
11,12,0.00055899999999999,646140.808598313,729583.934804715,646304.038674798,729742.591561307,0.043925,0.043366,2020.21236884153,2020.21292784153,5590000
12,13,0.064065,646304.038674798,729742.591561307,656825.653919027,738686.723763356,0.10799,0.043925,2020.21292784153,2020.27699284153,5590000
12,5,0.000187125680139053,646304.038674798,729742.591561307,646029.954772235,729584.330666394,0.044112125680139,0.043925,2020.21292784153,2020.21311496721,5590000
13,6,0.018089125680139,656825.653919027,738686.723763356,657177.804850128,739441.68047054,0.126079125680139,0.10799,2020.27699284153,2020.29508196721,5590000
13,7,0.018089125680139,656825.653919027,738686.723763356,657625.791460311,737463.357327077,0.126079125680139,0.10799,2020.27699284153,2020.29508196721,5590000
