node1,node2,length,startLat,startLon,endLat,endLon,endNodeL,startNodeL,startYear,endYear,treeID
8,11,0.043366,646193.586630413,729295.537125606,645761.85945735,729389.568216438,0.043366,0,2020.16900284153,2020.21236884153,6841000
8,9,0.090148,646193.586630413,729295.537125606,643733.857576193,728346.811344532,0.090148,0,2020.16900284153,2020.25915084153,6841000
9,1,0.000411999999999996,643733.857576193,728346.811344532,643750.593209959,728317.026644858,0.09056,0.090148,2020.25915084153,2020.25956284153,6841000
9,10,0.003066,643733.857576193,728346.811344532,643328.087398815,729243.449964147,0.093214,0.090148,2020.25915084153,2020.26221684153,6841000
10,2,7.91256801390416e-05,643328.087398815,729243.449964147,643327.630329213,729251.215846753,0.093293125680139,0.093214,2020.26221684153,2020.26229596721,6841000
10,3,7.91256801390416e-05,643328.087398815,729243.449964147,645516.235236805,731687.37187844,0.093293125680139,0.093214,2020.26221684153,2020.26229596721,6841000
11,4,0.033532125680139,645761.85945735,729389.568216438,647198.521708139,759302.387536514,0.076898125680139,0.043366,2020.21236884153,2020.24590096721,6841000
11,12,0.00055899999999999,645761.85945735,729389.568216438,646003.710298475,729511.700026651,0.043925,0.043366,2020.21236884153,2020.21292784153,6841000
12,13,0.064065,646003.710298475,729511.700026651,656838.205413033,738931.031849932,0.10799,0.043925,2020.21292784153,2020.27699284153,6841000
12,5,0.000187125680139053,646003.710298475,729511.700026651,646029.954772235,729584.330666394,0.044112125680139,0.043925,2020.21292784153,2020.21311496721,6841000
13,6,0.018089125680139,656838.205413033,738931.031849932,657177.804850128,739441.68047054,0.126079125680139,0.10799,2020.27699284153,2020.29508196721,6841000
13,7,0.018089125680139,656838.205413033,738931.031849932,657625.791460311,737463.357327077,0.126079125680139,0.10799,2020.27699284153,2020.29508196721,6841000
