node1,node2,length,startLat,startLon,endLat,endLon,endNodeL,startNodeL,startYear,endYear,treeID
8,11,0.043366,646309.240814985,729710.272108049,645987.630894805,729580.145324887,0.043366,0,2020.16900284153,2020.21236884153,4861000
8,9,0.090148,646309.240814985,729710.272108049,645402.879479081,731590.541503174,0.090148,0,2020.16900284153,2020.25915084153,4861000
9,1,0.000411999999999996,645402.879479081,731590.541503174,643750.593209959,728317.026644858,0.09056,0.090148,2020.25915084153,2020.25956284153,4861000
9,10,0.003066,645402.879479081,731590.541503174,645523.020666565,731693.859516155,0.093214,0.090148,2020.25915084153,2020.26221684153,4861000
10,2,7.91256801390416e-05,645523.020666565,731693.859516155,643327.630329213,729251.215846753,0.093293125680139,0.093214,2020.26221684153,2020.26229596721,4861000
10,3,7.91256801390416e-05,645523.020666565,731693.859516155,645516.235236805,731687.37187844,0.093293125680139,0.093214,2020.26221684153,2020.26229596721,4861000
11,4,0.033532125680139,645987.630894805,729580.145324887,647198.521708139,759302.387536514,0.076898125680139,0.043366,2020.21236884153,2020.24590096721,4861000
11,12,0.00055899999999999,645987.630894805,729580.145324887,646028.694973639,729590.143909513,0.043925,0.043366,2020.21236884153,2020.21292784153,4861000
12,13,0.064065,646028.694973639,729590.143909513,658151.668481889,737836.491410947,0.10799,0.043925,2020.21292784153,2020.27699284153,4861000
12,5,0.000187125680139053,646028.694973639,729590.143909513,646029.954772235,729584.330666394,0.044112125680139,0.043925,2020.21292784153,2020.21311496721,4861000
13,6,0.018089125680139,658151.668481889,737836.491410947,657177.804850128,739441.68047054,0.126079125680139,0.10799,2020.27699284153,2020.29508196721,4861000
13,7,0.018089125680139,658151.668481889,737836.491410947,657625.791460311,737463.357327077,0.126079125680139,0.10799,2020.27699284153,2020.29508196721,4861000
