node1,node2,length,startLat,startLon,endLat,endLon,endNodeL,startNodeL,startYear,endYear,treeID
8,11,0.043366,644641.063172899,723477.421100871,646043.784979554,729640.027294818,0.043366,0,2020.16900284153,2020.21236884153,4996000
8,9,0.090148,644641.063172899,723477.421100871,643824.345925575,728349.190795384,0.090148,0,2020.16900284153,2020.25915084153,4996000
9,1,0.000411999999999996,643824.345925575,728349.190795384,643750.593209959,728317.026644858,0.09056,0.090148,2020.25915084153,2020.25956284153,4996000
9,10,0.003066,643824.345925575,728349.190795384,643926.393430109,728427.09077853,0.093214,0.090148,2020.25915084153,2020.26221684153,4996000
10,2,7.91256801390416e-05,643926.393430109,728427.09077853,643327.630329213,729251.215846753,0.093293125680139,0.093214,2020.26221684153,2020.26229596721,4996000
10,3,7.91256801390416e-05,643926.393430109,728427.09077853,645516.235236805,731687.37187844,0.093293125680139,0.093214,2020.26221684153,2020.26229596721,4996000
11,4,0.033532125680139,646043.784979554,729640.027294818,647198.521708139,759302.387536514,0.076898125680139,0.043366,2020.21236884153,2020.24590096721,4996000
11,12,0.00055899999999999,646043.784979554,729640.027294818,646013.000591618,729595.70132102,0.043925,0.043366,2020.21236884153,2020.21292784153,4996000
12,13,0.064065,646013.000591618,729595.70132102,657393.02775486,740078.49816297,0.10799,0.043925,2020.21292784153,2020.27699284153,4996000
12,5,0.000187125680139053,646013.000591618,729595.70132102,646029.954772235,729584.330666394,0.044112125680139,0.043925,2020.21292784153,2020.21311496721,4996000
13,6,0.018089125680139,657393.02775486,740078.49816297,657177.804850128,739441.68047054,0.126079125680139,0.10799,2020.27699284153,2020.29508196721,4996000
13,7,0.018089125680139,657393.02775486,740078.49816297,657625.791460311,737463.357327077,0.126079125680139,0.10799,2020.27699284153,2020.29508196721,4996000
