node1,node2,length,startLat,startLon,endLat,endLon,endNodeL,startNodeL,startYear,endYear,treeID
8,11,0.043366,645964.00885247,729658.977287813,646042.216915712,729602.437668765,0.043366,0,2020.16900284153,2020.21236884153,7237000
8,9,0.090148,645964.00885247,729658.977287813,643771.933754031,728347.413418296,0.090148,0,2020.16900284153,2020.25915084153,7237000
9,1,0.000411999999999996,643771.933754031,728347.413418296,643750.593209959,728317.026644858,0.09056,0.090148,2020.25915084153,2020.25956284153,7237000
9,10,0.003066,643771.933754031,728347.413418296,643316.01308339,729191.072067804,0.093214,0.090148,2020.25915084153,2020.26221684153,7237000
10,2,7.91256801390416e-05,643316.01308339,729191.072067804,643327.630329213,729251.215846753,0.093293125680139,0.093214,2020.26221684153,2020.26229596721,7237000
10,3,7.91256801390416e-05,643316.01308339,729191.072067804,645516.235236805,731687.37187844,0.093293125680139,0.093214,2020.26221684153,2020.26229596721,7237000
11,4,0.033532125680139,646042.216915712,729602.437668765,647198.521708139,759302.387536514,0.076898125680139,0.043366,2020.21236884153,2020.24590096721,7237000
11,12,0.00055899999999999,646042.216915712,729602.437668765,646014.665892817,729567.869611415,0.043925,0.043366,2020.21236884153,2020.21292784153,7237000
12,13,0.064065,646014.665892817,729567.869611415,656892.1346505,739141.726401637,0.10799,0.043925,2020.21292784153,2020.27699284153,7237000
12,5,0.000187125680139053,646014.665892817,729567.869611415,646029.954772235,729584.330666394,0.044112125680139,0.043925,2020.21292784153,2020.21311496721,7237000
13,6,0.018089125680139,656892.1346505,739141.726401637,657177.804850128,739441.68047054,0.126079125680139,0.10799,2020.27699284153,2020.29508196721,7237000
13,7,0.018089125680139,656892.1346505,739141.726401637,657625.791460311,737463.357327077,0.126079125680139,0.10799,2020.27699284153,2020.29508196721,7237000
