node1,node2,length,startLat,startLon,endLat,endLon,endNodeL,startNodeL,startYear,endYear,treeID
8,11,0.043366,645473.699806568,730824.751581607,646066.503375348,729564.187637919,0.043366,0,2020.16900284153,2020.21236884153,6184000
8,9,0.090148,645473.699806568,730824.751581607,643787.100908351,728353.194722657,0.090148,0,2020.16900284153,2020.25915084153,6184000
9,1,0.000411999999999996,643787.100908351,728353.194722657,643750.593209959,728317.026644858,0.09056,0.090148,2020.25915084153,2020.25956284153,6184000
9,10,0.003066,643787.100908351,728353.194722657,643328.734545603,729190.641368567,0.093214,0.090148,2020.25915084153,2020.26221684153,6184000
10,2,7.91256801390416e-05,643328.734545603,729190.641368567,643327.630329213,729251.215846753,0.093293125680139,0.093214,2020.26221684153,2020.26229596721,6184000
10,3,7.91256801390416e-05,643328.734545603,729190.641368567,645516.235236805,731687.37187844,0.093293125680139,0.093214,2020.26221684153,2020.26229596721,6184000
11,4,0.033532125680139,646066.503375348,729564.187637919,647198.521708139,759302.387536514,0.076898125680139,0.043366,2020.21236884153,2020.24590096721,6184000
11,12,0.00055899999999999,646066.503375348,729564.187637919,646014.526362811,729615.752228876,0.043925,0.043366,2020.21236884153,2020.21292784153,6184000
12,13,0.064065,646014.526362811,729615.752228876,657249.388390607,740099.978089621,0.10799,0.043925,2020.21292784153,2020.27699284153,6184000
12,5,0.000187125680139053,646014.526362811,729615.752228876,646029.954772235,729584.330666394,0.044112125680139,0.043925,2020.21292784153,2020.21311496721,6184000
13,6,0.018089125680139,657249.388390607,740099.978089621,657177.804850128,739441.68047054,0.126079125680139,0.10799,2020.27699284153,2020.29508196721,6184000
13,7,0.018089125680139,657249.388390607,740099.978089621,657625.791460311,737463.357327077,0.126079125680139,0.10799,2020.27699284153,2020.29508196721,6184000
