node1,node2,length,startLat,startLon,endLat,endLon,endNodeL,startNodeL,startYear,endYear,treeID
5,6,0.00294,643539.736854611,777756.257720439,643969.051487552,777444.272396777,0.00294,0,2020.22106278688,2020.22400278688,1270000
5,7,0.00294,643539.736854611,777756.257720439,643969.051487552,777444.272396777,0.00294,0,2020.22106278688,2020.22400278688,1270000
6,1,0.005505409836,643969.051487552,777444.272396777,635840.074985863,708454.039637816,0.008445409836,0.00294,2020.22400278688,2020.22950819672,1270000
6,2,4.09289617699996e-05,643969.051487552,777444.272396777,643984.708547126,777468.745005531,0.00298092896177,0.00294,2020.22400278688,2020.22404371585,1270000
7,3,4.09289617699996e-05,643969.051487552,777444.272396777,641451.15729295,779532.953499204,0.00298092896177,0.00294,2020.22400278688,2020.22404371585,1270000
7,4,4.09289617699996e-05,643969.051487552,777444.272396777,643326.680809122,777400.613232917,0.00298092896177,0.00294,2020.22400278688,2020.22404371585,1270000
