node1,node2,length,startLat,startLon,endLat,endLon,endNodeL,startNodeL,startYear,endYear,treeID
5,6,0.00294,643946.778540086,777835.513442215,643978.708530655,777457.524978488,0.00294,0,2020.22106278688,2020.22400278688,6526000
5,7,0.00294,643946.778540086,777835.513442215,643978.708530655,777457.524978488,0.00294,0,2020.22106278688,2020.22400278688,6526000
6,1,0.005505409836,643978.708530655,777457.524978488,635840.074985863,708454.039637816,0.008445409836,0.00294,2020.22400278688,2020.22950819672,6526000
6,2,4.09289617699996e-05,643978.708530655,777457.524978488,643984.708547126,777468.745005531,0.00298092896177,0.00294,2020.22400278688,2020.22404371585,6526000
7,3,4.09289617699996e-05,643978.708530655,777457.524978488,641451.15729295,779532.953499204,0.00298092896177,0.00294,2020.22400278688,2020.22404371585,6526000
7,4,4.09289617699996e-05,643978.708530655,777457.524978488,643326.680809122,777400.613232917,0.00298092896177,0.00294,2020.22400278688,2020.22404371585,6526000
