node1,node2,length,startLat,startLon,endLat,endLon,endNodeL,startNodeL,startYear,endYear,treeID
5,6,0.00294,643519.626949104,777209.658719522,643869.763041679,777411.955766148,0.00294,0,2020.22106278688,2020.22400278688,9541000
5,7,0.00294,643519.626949104,777209.658719522,643869.763041679,777411.955766148,0.00294,0,2020.22106278688,2020.22400278688,9541000
6,1,0.005505409836,643869.763041679,777411.955766148,635840.074985863,708454.039637816,0.008445409836,0.00294,2020.22400278688,2020.22950819672,9541000
6,2,4.09289617699996e-05,643869.763041679,777411.955766148,643984.708547126,777468.745005531,0.00298092896177,0.00294,2020.22400278688,2020.22404371585,9541000
7,3,4.09289617699996e-05,643869.763041679,777411.955766148,641451.15729295,779532.953499204,0.00298092896177,0.00294,2020.22400278688,2020.22404371585,9541000
7,4,4.09289617699996e-05,643869.763041679,777411.955766148,643326.680809122,777400.613232917,0.00298092896177,0.00294,2020.22400278688,2020.22404371585,9541000
