node1,node2,length,startLat,startLon,endLat,endLon,endNodeL,startNodeL,startYear,endYear,treeID
6,7,0.000229999999999994,725385.827728377,676298.96506044,725377.268489694,676289.503763504,0.000229999999999994,0,2020.17990299454,2020.18013299454,3538000
6,8,0.04959,725385.827728377,676298.96506044,705685.483587583,671021.548765518,0.04959,0,2020.17990299454,2020.22949299454,3538000
7,1,0.035714,725377.268489694,676289.503763504,725425.79318517,676273.838018777,0.035944,0.000229999999999994,2020.18013299454,2020.21584699454,3538000
7,2,0.065768644799975,725377.268489694,676289.503763504,725220.47612821,661630.799342187,0.065998644799975,0.000229999999999994,2020.18013299454,2020.24590163934,3538000
8,3,1.4644799975011e-05,705685.483587583,671021.548765518,619268.144389093,663719.991707072,0.049604644799975,0.04959,2020.22949299454,2020.22950763934,3538000
8,9,0.01093,705685.483587583,671021.548765518,705795.00515284,671155.019654589,0.06052,0.04959,2020.22949299454,2020.24042299454,3538000
9,4,1.364479997501e-05,705795.00515284,671155.019654589,705794.380882685,671153.430006896,0.060533644799975,0.06052,2020.24042299454,2020.24043663934,3538000
9,5,0.00274664479997501,705795.00515284,671155.019654589,702452.827728692,667954.942566759,0.063266644799975,0.06052,2020.24042299454,2020.24316963934,3538000
