node1,node2,length,startLat,startLon,endLat,endLon,endNodeL,startNodeL,startYear,endYear,treeID
6,7,0.000229999999999994,727819.159308427,672096.669411577,727847.23788886,672228.601641703,0.000229999999999994,0,2020.17990299454,2020.18013299454,7750000
6,8,0.04959,727819.159308427,672096.669411577,705148.065796522,668825.182524964,0.04959,0,2020.17990299454,2020.22949299454,7750000
7,1,0.035714,727847.23788886,672228.601641703,725425.79318517,676273.838018777,0.035944,0.000229999999999994,2020.18013299454,2020.21584699454,7750000
7,2,0.065768644799975,727847.23788886,672228.601641703,725220.47612821,661630.799342187,0.065998644799975,0.000229999999999994,2020.18013299454,2020.24590163934,7750000
8,3,1.4644799975011e-05,705148.065796522,668825.182524964,619268.144389093,663719.991707072,0.049604644799975,0.04959,2020.22949299454,2020.22950763934,7750000
8,9,0.01093,705148.065796522,668825.182524964,705790.414651935,671153.227431426,0.06052,0.04959,2020.22949299454,2020.24042299454,7750000
9,4,1.364479997501e-05,705790.414651935,671153.227431426,705794.380882685,671153.430006896,0.060533644799975,0.06052,2020.24042299454,2020.24043663934,7750000
9,5,0.00274664479997501,705790.414651935,671153.227431426,702452.827728692,667954.942566759,0.063266644799975,0.06052,2020.24042299454,2020.24316963934,7750000
