node1,node2,length,startLat,startLon,endLat,endLon,endNodeL,startNodeL,startYear,endYear,treeID
6,7,0.000229999999999994,725241.291969819,676031.763412908,725178.267184977,676016.905964499,0.000229999999999994,0,2020.17990299454,2020.18013299454,2350000
6,8,0.04959,725241.291969819,676031.763412908,705954.215667032,671140.359734222,0.04959,0,2020.17990299454,2020.22949299454,2350000
7,1,0.035714,725178.267184977,676016.905964499,725425.79318517,676273.838018777,0.035944,0.000229999999999994,2020.18013299454,2020.21584699454,2350000
7,2,0.065768644799975,725178.267184977,676016.905964499,725220.47612821,661630.799342187,0.065998644799975,0.000229999999999994,2020.18013299454,2020.24590163934,2350000
8,3,1.4644799975011e-05,705954.215667032,671140.359734222,619268.144389093,663719.991707072,0.049604644799975,0.04959,2020.22949299454,2020.22950763934,2350000
8,9,0.01093,705954.215667032,671140.359734222,706046.015086419,671208.563840058,0.06052,0.04959,2020.22949299454,2020.24042299454,2350000
9,4,1.364479997501e-05,706046.015086419,671208.563840058,705794.380882685,671153.430006896,0.060533644799975,0.06052,2020.24042299454,2020.24043663934,2350000
9,5,0.00274664479997501,706046.015086419,671208.563840058,702452.827728692,667954.942566759,0.063266644799975,0.06052,2020.24042299454,2020.24316963934,2350000
