node1,node2,length,startLat,startLon,endLat,endLon,endNodeL,startNodeL,startYear,endYear,treeID
6,7,0.000229999999999994,692721.381922467,676559.538964911,692701.62202596,676584.684777224,0.000229999999999994,0,2020.17990299454,2020.18013299454,8938000
6,8,0.04959,692721.381922467,676559.538964911,704234.672530358,670438.556185447,0.04959,0,2020.17990299454,2020.22949299454,8938000
7,1,0.035714,692701.62202596,676584.684777224,725425.79318517,676273.838018777,0.035944,0.000229999999999994,2020.18013299454,2020.21584699454,8938000
7,2,0.065768644799975,692701.62202596,676584.684777224,725220.47612821,661630.799342187,0.065998644799975,0.000229999999999994,2020.18013299454,2020.24590163934,8938000
8,3,1.4644799975011e-05,704234.672530358,670438.556185447,619268.144389093,663719.991707072,0.049604644799975,0.04959,2020.22949299454,2020.22950763934,8938000
8,9,0.01093,704234.672530358,670438.556185447,705771.075598949,671160.143053537,0.06052,0.04959,2020.22949299454,2020.24042299454,8938000
9,4,1.364479997501e-05,705771.075598949,671160.143053537,705794.380882685,671153.430006896,0.060533644799975,0.06052,2020.24042299454,2020.24043663934,8938000
9,5,0.00274664479997501,705771.075598949,671160.143053537,702452.827728692,667954.942566759,0.063266644799975,0.06052,2020.24042299454,2020.24316963934,8938000
