node1,node2,length,startLat,startLon,endLat,endLon,endNodeL,startNodeL,startYear,endYear,treeID
6,7,0.000229999999999994,729716.667730708,667399.567809903,730085.401147186,667517.209226286,0.000229999999999994,0,2020.17990299454,2020.18013299454,6994000
6,8,0.04959,729716.667730708,667399.567809903,709486.482716144,673532.455137264,0.04959,0,2020.17990299454,2020.22949299454,6994000
7,1,0.035714,730085.401147186,667517.209226286,725425.79318517,676273.838018777,0.035944,0.000229999999999994,2020.18013299454,2020.21584699454,6994000
7,2,0.065768644799975,730085.401147186,667517.209226286,725220.47612821,661630.799342187,0.065998644799975,0.000229999999999994,2020.18013299454,2020.24590163934,6994000
8,3,1.4644799975011e-05,709486.482716144,673532.455137264,619268.144389093,663719.991707072,0.049604644799975,0.04959,2020.22949299454,2020.22950763934,6994000
8,9,0.01093,709486.482716144,673532.455137264,705878.407340816,671187.356318401,0.06052,0.04959,2020.22949299454,2020.24042299454,6994000
9,4,1.364479997501e-05,705878.407340816,671187.356318401,705794.380882685,671153.430006896,0.060533644799975,0.06052,2020.24042299454,2020.24043663934,6994000
9,5,0.00274664479997501,705878.407340816,671187.356318401,702452.827728692,667954.942566759,0.063266644799975,0.06052,2020.24042299454,2020.24316963934,6994000
