node1,node2,length,startLat,startLon,endLat,endLon,endNodeL,startNodeL,startYear,endYear,treeID
6,7,0.000229999999999994,705862.825990014,671280.665042478,705807.226047603,671288.992409815,0.000229999999999994,0,2020.17990299454,2020.18013299454,7840000
6,8,0.04959,705862.825990014,671280.665042478,705812.079240509,671260.709016267,0.04959,0,2020.17990299454,2020.22949299454,7840000
7,1,0.035714,705807.226047603,671288.992409815,725425.79318517,676273.838018777,0.035944,0.000229999999999994,2020.18013299454,2020.21584699454,7840000
7,2,0.065768644799975,705807.226047603,671288.992409815,725220.47612821,661630.799342187,0.065998644799975,0.000229999999999994,2020.18013299454,2020.24590163934,7840000
8,3,1.4644799975011e-05,705812.079240509,671260.709016267,619268.144389093,663719.991707072,0.049604644799975,0.04959,2020.22949299454,2020.22950763934,7840000
8,9,0.01093,705812.079240509,671260.709016267,705793.985263166,671153.333312772,0.06052,0.04959,2020.22949299454,2020.24042299454,7840000
9,4,1.364479997501e-05,705793.985263166,671153.333312772,705794.380882685,671153.430006896,0.060533644799975,0.06052,2020.24042299454,2020.24043663934,7840000
9,5,0.00274664479997501,705793.985263166,671153.333312772,702452.827728692,667954.942566759,0.063266644799975,0.06052,2020.24042299454,2020.24316963934,7840000
