node1,node2,length,startLat,startLon,endLat,endLon,endNodeL,startNodeL,startYear,endYear,treeID
6,7,0.000229999999999994,726199.423151685,676195.011299866,726137.870471482,676192.113967886,0.000229999999999994,0,2020.17990299454,2020.18013299454,8578000
6,8,0.04959,726199.423151685,676195.011299866,726739.825544099,676129.822669989,0.04959,0,2020.17990299454,2020.22949299454,8578000
7,1,0.035714,726137.870471482,676192.113967886,725425.79318517,676273.838018777,0.035944,0.000229999999999994,2020.18013299454,2020.21584699454,8578000
7,2,0.065768644799975,726137.870471482,676192.113967886,725220.47612821,661630.799342187,0.065998644799975,0.000229999999999994,2020.18013299454,2020.24590163934,8578000
8,3,1.4644799975011e-05,726739.825544099,676129.822669989,619268.144389093,663719.991707072,0.049604644799975,0.04959,2020.22949299454,2020.22950763934,8578000
8,9,0.01093,726739.825544099,676129.822669989,702507.274424277,667865.750069817,0.06052,0.04959,2020.22949299454,2020.24042299454,8578000
9,4,1.364479997501e-05,702507.274424277,667865.750069817,705794.380882685,671153.430006896,0.060533644799975,0.06052,2020.24042299454,2020.24043663934,8578000
9,5,0.00274664479997501,702507.274424277,667865.750069817,702452.827728692,667954.942566759,0.063266644799975,0.06052,2020.24042299454,2020.24316963934,8578000
