node1,node2,length,startLat,startLon,endLat,endLon,endNodeL,startNodeL,startYear,endYear,treeID
6,5,0.0967747726675596,644707.671322968,720212.647325828,644383.857488794,722370.186317246,0.0967747726675596,0,2020.16825254973,2020.2650273224,5563000
6,7,0.000260237157400006,644707.671322968,720212.647325828,644690.903948805,720254.77422616,0.000260237157400006,0,2020.16825254973,2020.16851278689,5563000
7,1,0.0910500546275596,644690.903948805,720254.77422616,640345.40134899,753790.49562438,0.0913102917849596,0.000260237157400006,2020.16851278689,2020.25956284152,5563000
7,8,0.0744,644690.903948805,720254.77422616,645305.251278691,725231.677312777,0.0746602371574,0.000260237157400006,2020.16851278689,2020.24291278689,5563000
8,2,0.000256612009459617,645305.251278691,725231.677312777,613654.293304514,765873.246471421,0.0749168491668596,0.0746602371574,2020.24291278689,2020.2431693989,5563000
8,9,0.00294,645305.251278691,725231.677312777,645927.140469932,725380.137803273,0.0776002371574,0.0746602371574,2020.24291278689,2020.24585278689,5563000
9,3,0.0164422950675596,645927.140469932,725380.137803273,647003.990494006,736789.182257346,0.0940425322249596,0.0776002371574,2020.24585278689,2020.26229508196,5563000
9,4,4.88524465696166e-05,645927.140469932,725380.137803273,645939.626923492,725513.485677266,0.0776490896039696,0.0776002371574,2020.24585278689,2020.24590163934,5563000
