node1,node2,length,startLat,startLon,endLat,endLon,endNodeL,startNodeL,startYear,endYear,treeID
6,5,0.0967747726675596,645516.708297931,724682.345565593,644383.857488794,722370.186317246,0.0967747726675596,0,2020.16825254973,2020.2650273224,2809000
6,7,0.000260237157400006,645516.708297931,724682.345565593,645729.639058673,725235.99972593,0.000260237157400006,0,2020.16825254973,2020.16851278689,2809000
7,1,0.0910500546275596,645729.639058673,725235.99972593,640345.40134899,753790.49562438,0.0913102917849596,0.000260237157400006,2020.16851278689,2020.25956284152,2809000
7,8,0.0744,645729.639058673,725235.99972593,645782.453492407,725327.261770135,0.0746602371574,0.000260237157400006,2020.16851278689,2020.24291278689,2809000
8,2,0.000256612009459617,645782.453492407,725327.261770135,613654.293304514,765873.246471421,0.0749168491668596,0.0746602371574,2020.24291278689,2020.2431693989,2809000
8,9,0.00294,645782.453492407,725327.261770135,645941.391684924,725519.200715735,0.0776002371574,0.0746602371574,2020.24291278689,2020.24585278689,2809000
9,3,0.0164422950675596,645941.391684924,725519.200715735,647003.990494006,736789.182257346,0.0940425322249596,0.0776002371574,2020.24585278689,2020.26229508196,2809000
9,4,4.88524465696166e-05,645941.391684924,725519.200715735,645939.626923492,725513.485677266,0.0776490896039696,0.0776002371574,2020.24585278689,2020.24590163934,2809000
