node1,node2,length,startLat,startLon,endLat,endLon,endNodeL,startNodeL,startYear,endYear,treeID
6,5,0.0967747726675596,646168.214689136,718061.193089874,644383.857488794,722370.186317246,0.0967747726675596,0,2020.16825254973,2020.2650273224,2008000
6,7,0.000260237157400006,646168.214689136,718061.193089874,646141.302315813,718010.6242852,0.000260237157400006,0,2020.16825254973,2020.16851278689,2008000
7,1,0.0910500546275596,646141.302315813,718010.6242852,640345.40134899,753790.49562438,0.0913102917849596,0.000260237157400006,2020.16851278689,2020.25956284152,2008000
7,8,0.0744,646141.302315813,718010.6242852,646595.090488977,723845.052241095,0.0746602371574,0.000260237157400006,2020.16851278689,2020.24291278689,2008000
8,2,0.000256612009459617,646595.090488977,723845.052241095,613654.293304514,765873.246471421,0.0749168491668596,0.0746602371574,2020.24291278689,2020.2431693989,2008000
8,9,0.00294,646595.090488977,723845.052241095,646838.852296329,735004.968786317,0.0776002371574,0.0746602371574,2020.24291278689,2020.24585278689,2008000
9,3,0.0164422950675596,646838.852296329,735004.968786317,647003.990494006,736789.182257346,0.0940425322249596,0.0776002371574,2020.24585278689,2020.26229508196,2008000
9,4,4.88524465696166e-05,646838.852296329,735004.968786317,645939.626923492,725513.485677266,0.0776490896039696,0.0776002371574,2020.24585278689,2020.24590163934,2008000
