node1,node2,length,startLat,startLon,endLat,endLon,endNodeL,startNodeL,startYear,endYear,treeID
6,5,0.0967747726675596,645563.207852905,723522.273620184,644383.857488794,722370.186317246,0.0967747726675596,0,2020.16825254973,2020.2650273224,5725000
6,7,0.000260237157400006,645563.207852905,723522.273620184,645607.092345456,723533.685743861,0.000260237157400006,0,2020.16825254973,2020.16851278689,5725000
7,1,0.0910500546275596,645607.092345456,723533.685743861,640345.40134899,753790.49562438,0.0913102917849596,0.000260237157400006,2020.16851278689,2020.25956284152,5725000
7,8,0.0744,645607.092345456,723533.685743861,645884.630075546,725607.692336732,0.0746602371574,0.000260237157400006,2020.16851278689,2020.24291278689,5725000
8,2,0.000256612009459617,645884.630075546,725607.692336732,613654.293304514,765873.246471421,0.0749168491668596,0.0746602371574,2020.24291278689,2020.2431693989,5725000
8,9,0.00294,645884.630075546,725607.692336732,645895.330157213,725721.972938307,0.0776002371574,0.0746602371574,2020.24291278689,2020.24585278689,5725000
9,3,0.0164422950675596,645895.330157213,725721.972938307,647003.990494006,736789.182257346,0.0940425322249596,0.0776002371574,2020.24585278689,2020.26229508196,5725000
9,4,4.88524465696166e-05,645895.330157213,725721.972938307,645939.626923492,725513.485677266,0.0776490896039696,0.0776002371574,2020.24585278689,2020.24590163934,5725000
