node1,node2,length,startLat,startLon,endLat,endLon,endNodeL,startNodeL,startYear,endYear,treeID
4,1,0.035321,691139.319062134,728126.750050542,691662.022734166,728682.290451365,0.035321,0,2020.13954238798,2020.17486338798,3133000
4,5,0.03834,691139.319062134,728126.750050542,691435.22796512,728445.008158264,0.03834,0,2020.13954238798,2020.17788238798,3133000
5,2,0.00244520217994649,691435.22796512,728445.008158264,688122.264827738,719304.439016901,0.0407852021799465,0.03834,2020.17788238798,2020.18032759016,3133000
5,3,0.0106422021799465,691435.22796512,728445.008158264,687655.736223453,723135.757876948,0.0489822021799465,0.03834,2020.17788238798,2020.18852459016,3133000
