node1,node2,length,startLat,startLon,endLat,endLon,endNodeL,startNodeL,startYear,endYear,treeID
4,1,0.035321,692182.061507388,728752.454262301,691662.022734166,728682.290451365,0.035321,0,2020.13954238798,2020.17486338798,5932000
4,5,0.03834,692182.061507388,728752.454262301,688107.810838881,719225.390520794,0.03834,0,2020.13954238798,2020.17788238798,5932000
5,2,0.00244520217994649,688107.810838881,719225.390520794,688122.264827738,719304.439016901,0.0407852021799465,0.03834,2020.17788238798,2020.18032759016,5932000
5,3,0.0106422021799465,688107.810838881,719225.390520794,687655.736223453,723135.757876948,0.0489822021799465,0.03834,2020.17788238798,2020.18852459016,5932000
