node1,node2,length,startLat,startLon,endLat,endLon,endNodeL,startNodeL,startYear,endYear,treeID
4,1,0.035321,688254.583103357,723788.787900648,691662.022734166,728682.290451365,0.035321,0,2020.13954238798,2020.17486338798,2053000
4,5,0.03834,688254.583103357,723788.787900648,688111.799491302,723634.870648624,0.03834,0,2020.13954238798,2020.17788238798,2053000
5,2,0.00244520217994649,688111.799491302,723634.870648624,688122.264827738,719304.439016901,0.0407852021799465,0.03834,2020.17788238798,2020.18032759016,2053000
5,3,0.0106422021799465,688111.799491302,723634.870648624,687655.736223453,723135.757876948,0.0489822021799465,0.03834,2020.17788238798,2020.18852459016,2053000
