node1,node2,length,startLat,startLon,endLat,endLon,endNodeL,startNodeL,startYear,endYear,treeID
4,1,0.035321,692727.783756615,729809.782502786,691662.022734166,728682.290451365,0.035321,0,2020.13954238798,2020.17486338798,1423000
4,5,0.03834,692727.783756615,729809.782502786,688001.490769924,723510.97167292,0.03834,0,2020.13954238798,2020.17788238798,1423000
5,2,0.00244520217994649,688001.490769924,723510.97167292,688122.264827738,719304.439016901,0.0407852021799465,0.03834,2020.17788238798,2020.18032759016,1423000
5,3,0.0106422021799465,688001.490769924,723510.97167292,687655.736223453,723135.757876948,0.0489822021799465,0.03834,2020.17788238798,2020.18852459016,1423000
