node1,node2,length,startLat,startLon,endLat,endLon,endNodeL,startNodeL,startYear,endYear,treeID
4,1,0.035321,691424.914961556,728343.267908763,691662.022734166,728682.290451365,0.035321,0,2020.13954238798,2020.17486338798,2899000
4,5,0.03834,691424.914961556,728343.267908763,688156.106259407,723607.172975687,0.03834,0,2020.13954238798,2020.17788238798,2899000
5,2,0.00244520217994649,688156.106259407,723607.172975687,688122.264827738,719304.439016901,0.0407852021799465,0.03834,2020.17788238798,2020.18032759016,2899000
5,3,0.0106422021799465,688156.106259407,723607.172975687,687655.736223453,723135.757876948,0.0489822021799465,0.03834,2020.17788238798,2020.18852459016,2899000
