node1,node2,length,startLat,startLon,endLat,endLon,endNodeL,startNodeL,startYear,endYear,treeID
9,1,5.000000000005e-06,675117.458252197,638319.847570292,675107.217392759,638341.588283139,5.000000000005e-06,0,2020.18032286885,2020.18032786885,5374000
9,10,0.01984,675117.458252197,638319.847570292,631223.541508212,732031.345893886,0.01984,0,2020.18032286885,2020.20016286885,5374000
10,2,0.0129522131199241,631223.541508212,732031.345893886,631648.382785821,732039.610512537,0.0327922131199241,0.01984,2020.20016286885,2020.21311508197,5374000
10,11,0.03552,631223.541508212,732031.345893886,647520.40028761,741489.193923773,0.05536,0.01984,2020.20016286885,2020.23568286885,5374000
11,12,0.00504,647520.40028761,741489.193923773,647217.004932955,741518.12152395,0.0604,0.05536,2020.23568286885,2020.24072286885,5374000
11,13,0.00237,647520.40028761,741489.193923773,647370.27703507,741043.460421115,0.05773,0.05536,2020.23568286885,2020.23805286885,5374000
12,3,0.00244721311992406,647217.004932955,741518.12152395,631943.641863436,738654.264028761,0.0628472131199241,0.0604,2020.24072286885,2020.24317008197,5374000
12,4,0.00244721311992406,647217.004932955,741518.12152395,647639.102205675,741612.25490094,0.0628472131199241,0.0604,2020.24072286885,2020.24317008197,5374000
13,14,0.00737699999999999,647370.27703507,741043.460421115,647241.568306532,741404.52282908,0.065107,0.05773,2020.23805286885,2020.24542986885,5374000
13,15,0.018767,647370.27703507,741043.460421115,647074.38685158,740233.93227292,0.076497,0.05773,2020.23805286885,2020.25681986885,5374000
14,5,0.000472213119924056,647241.568306532,741404.52282908,645326.548071377,740333.145859531,0.0655792131199241,0.065107,2020.24542986885,2020.24590208197,5374000
14,6,0.0114012131199241,647241.568306532,741404.52282908,645799.378063769,729646.234454007,0.076508213119924,0.065107,2020.24542986885,2020.25683108197,5374000
15,7,1.12131199240528e-05,647074.38685158,740233.93227292,647168.783827991,740310.727939849,0.0765082131199241,0.076497,2020.25681986885,2020.25683108197,5374000
15,8,0.00547521311992405,647074.38685158,740233.93227292,644563.196729722,732685.852121126,0.0819722131199241,0.076497,2020.25681986885,2020.26229508197,5374000
