node1,node2,length,startLat,startLon,endLat,endLon,endNodeL,startNodeL,startYear,endYear,treeID
9,1,5.000000000005e-06,675096.341445764,638335.674384729,675107.217392759,638341.588283139,5.000000000005e-06,0,2020.18032286885,2020.18032786885,5257000
9,10,0.01984,675096.341445764,638335.674384729,631853.336689683,732210.579190016,0.01984,0,2020.18032286885,2020.20016286885,5257000
10,2,0.0129522131199241,631853.336689683,732210.579190016,631648.382785821,732039.610512537,0.0327922131199241,0.01984,2020.20016286885,2020.21311508197,5257000
10,11,0.03552,631853.336689683,732210.579190016,645403.733914649,740241.55390856,0.05536,0.01984,2020.20016286885,2020.23568286885,5257000
11,12,0.00504,645403.733914649,740241.55390856,646316.979059529,740517.064221089,0.0604,0.05536,2020.23568286885,2020.24072286885,5257000
11,13,0.00237,645403.733914649,740241.55390856,645535.415929631,740115.756767387,0.05773,0.05536,2020.23568286885,2020.23805286885,5257000
12,3,0.00244721311992406,646316.979059529,740517.064221089,631943.641863436,738654.264028761,0.0628472131199241,0.0604,2020.24072286885,2020.24317008197,5257000
12,4,0.00244721311992406,646316.979059529,740517.064221089,647639.102205675,741612.25490094,0.0628472131199241,0.0604,2020.24072286885,2020.24317008197,5257000
13,14,0.00737699999999999,645535.415929631,740115.756767387,645537.482790252,740172.823474525,0.065107,0.05773,2020.23805286885,2020.24542986885,5257000
13,15,0.018767,645535.415929631,740115.756767387,647103.033677401,740264.626762501,0.076497,0.05773,2020.23805286885,2020.25681986885,5257000
14,5,0.000472213119924056,645537.482790252,740172.823474525,645326.548071377,740333.145859531,0.0655792131199241,0.065107,2020.24542986885,2020.24590208197,5257000
14,6,0.0114012131199241,645537.482790252,740172.823474525,645799.378063769,729646.234454007,0.076508213119924,0.065107,2020.24542986885,2020.25683108197,5257000
15,7,1.12131199240528e-05,647103.033677401,740264.626762501,647168.783827991,740310.727939849,0.0765082131199241,0.076497,2020.25681986885,2020.25683108197,5257000
15,8,0.00547521311992405,647103.033677401,740264.626762501,644563.196729722,732685.852121126,0.0819722131199241,0.076497,2020.25681986885,2020.26229508197,5257000
