node1,node2,length,startLat,startLon,endLat,endLon,endNodeL,startNodeL,startYear,endYear,treeID
9,1,5.000000000005e-06,675110.363732736,638343.008462615,675107.217392759,638341.588283139,5.000000000005e-06,0,2020.18032286885,2020.18032786885,7633000
9,10,0.01984,675110.363732736,638343.008462615,646912.995429666,740654.693132361,0.01984,0,2020.18032286885,2020.20016286885,7633000
10,2,0.0129522131199241,646912.995429666,740654.693132361,631648.382785821,732039.610512537,0.0327922131199241,0.01984,2020.20016286885,2020.21311508197,7633000
10,11,0.03552,646912.995429666,740654.693132361,646080.917675193,740044.360578321,0.05536,0.01984,2020.20016286885,2020.23568286885,7633000
11,12,0.00504,646080.917675193,740044.360578321,648126.352041566,741722.279420755,0.0604,0.05536,2020.23568286885,2020.24072286885,7633000
11,13,0.00237,646080.917675193,740044.360578321,646023.184037077,740038.960777908,0.05773,0.05536,2020.23568286885,2020.23805286885,7633000
12,3,0.00244721311992406,648126.352041566,741722.279420755,631943.641863436,738654.264028761,0.0628472131199241,0.0604,2020.24072286885,2020.24317008197,7633000
12,4,0.00244721311992406,648126.352041566,741722.279420755,647639.102205675,741612.25490094,0.0628472131199241,0.0604,2020.24072286885,2020.24317008197,7633000
13,14,0.00737699999999999,646023.184037077,740038.960777908,645364.986676247,740326.460370802,0.065107,0.05773,2020.23805286885,2020.24542986885,7633000
13,15,0.018767,646023.184037077,740038.960777908,647260.681962706,740363.604276447,0.076497,0.05773,2020.23805286885,2020.25681986885,7633000
14,5,0.000472213119924056,645364.986676247,740326.460370802,645326.548071377,740333.145859531,0.0655792131199241,0.065107,2020.24542986885,2020.24590208197,7633000
14,6,0.0114012131199241,645364.986676247,740326.460370802,645799.378063769,729646.234454007,0.076508213119924,0.065107,2020.24542986885,2020.25683108197,7633000
15,7,1.12131199240528e-05,647260.681962706,740363.604276447,647168.783827991,740310.727939849,0.0765082131199241,0.076497,2020.25681986885,2020.25683108197,7633000
15,8,0.00547521311992405,647260.681962706,740363.604276447,644563.196729722,732685.852121126,0.0819722131199241,0.076497,2020.25681986885,2020.26229508197,7633000
