node1,node2,length,startLat,startLon,endLat,endLon,endNodeL,startNodeL,startYear,endYear,treeID
9,1,5.000000000005e-06,675091.211291725,638313.155268697,675107.217392759,638341.588283139,5.000000000005e-06,0,2020.18032286885,2020.18032786885,7039000
9,10,0.01984,675091.211291725,638313.155268697,631350.66468548,731802.54910859,0.01984,0,2020.18032286885,2020.20016286885,7039000
10,2,0.0129522131199241,631350.66468548,731802.54910859,631648.382785821,732039.610512537,0.0327922131199241,0.01984,2020.20016286885,2020.21311508197,7039000
10,11,0.03552,631350.66468548,731802.54910859,647821.709502448,741283.039404587,0.05536,0.01984,2020.20016286885,2020.23568286885,7039000
11,12,0.00504,647821.709502448,741283.039404587,647495.288276596,741483.079952271,0.0604,0.05536,2020.23568286885,2020.24072286885,7039000
11,13,0.00237,647821.709502448,741283.039404587,647437.668083512,740882.860825054,0.05773,0.05536,2020.23568286885,2020.23805286885,7039000
12,3,0.00244721311992406,647495.288276596,741483.079952271,631943.641863436,738654.264028761,0.0628472131199241,0.0604,2020.24072286885,2020.24317008197,7039000
12,4,0.00244721311992406,647495.288276596,741483.079952271,647639.102205675,741612.25490094,0.0628472131199241,0.0604,2020.24072286885,2020.24317008197,7039000
13,14,0.00737699999999999,647437.668083512,740882.860825054,645299.437600094,740335.474775564,0.065107,0.05773,2020.23805286885,2020.24542986885,7039000
13,15,0.018767,647437.668083512,740882.860825054,647143.506276117,740292.253290323,0.076497,0.05773,2020.23805286885,2020.25681986885,7039000
14,5,0.000472213119924056,645299.437600094,740335.474775564,645326.548071377,740333.145859531,0.0655792131199241,0.065107,2020.24542986885,2020.24590208197,7039000
14,6,0.0114012131199241,645299.437600094,740335.474775564,645799.378063769,729646.234454007,0.076508213119924,0.065107,2020.24542986885,2020.25683108197,7039000
15,7,1.12131199240528e-05,647143.506276117,740292.253290323,647168.783827991,740310.727939849,0.0765082131199241,0.076497,2020.25681986885,2020.25683108197,7039000
15,8,0.00547521311992405,647143.506276117,740292.253290323,644563.196729722,732685.852121126,0.0819722131199241,0.076497,2020.25681986885,2020.26229508197,7039000
