node1,node2,length,startLat,startLon,endLat,endLon,endNodeL,startNodeL,startYear,endYear,treeID
9,1,5.000000000005e-06,674908.580517294,638588.015002867,675107.217392759,638341.588283139,5.000000000005e-06,0,2020.18032286885,2020.18032786885,3646000
9,10,0.01984,674908.580517294,638588.015002867,631407.597155808,730509.358974351,0.01984,0,2020.18032286885,2020.20016286885,3646000
10,2,0.0129522131199241,631407.597155808,730509.358974351,631648.382785821,732039.610512537,0.0327922131199241,0.01984,2020.20016286885,2020.21311508197,3646000
10,11,0.03552,631407.597155808,730509.358974351,645793.202770995,741564.698694947,0.05536,0.01984,2020.20016286885,2020.23568286885,3646000
11,12,0.00504,645793.202770995,741564.698694947,646246.532649191,741493.782845459,0.0604,0.05536,2020.23568286885,2020.24072286885,3646000
11,13,0.00237,645793.202770995,741564.698694947,646538.554435075,740148.295968839,0.05773,0.05536,2020.23568286885,2020.23805286885,3646000
12,3,0.00244721311992406,646246.532649191,741493.782845459,631943.641863436,738654.264028761,0.0628472131199241,0.0604,2020.24072286885,2020.24317008197,3646000
12,4,0.00244721311992406,646246.532649191,741493.782845459,647639.102205675,741612.25490094,0.0628472131199241,0.0604,2020.24072286885,2020.24317008197,3646000
13,14,0.00737699999999999,646538.554435075,740148.295968839,645229.183747892,740532.304387564,0.065107,0.05773,2020.23805286885,2020.24542986885,3646000
13,15,0.018767,646538.554435075,740148.295968839,647299.214813462,740301.206554315,0.076497,0.05773,2020.23805286885,2020.25681986885,3646000
14,5,0.000472213119924056,645229.183747892,740532.304387564,645326.548071377,740333.145859531,0.0655792131199241,0.065107,2020.24542986885,2020.24590208197,3646000
14,6,0.0114012131199241,645229.183747892,740532.304387564,645799.378063769,729646.234454007,0.076508213119924,0.065107,2020.24542986885,2020.25683108197,3646000
15,7,1.12131199240528e-05,647299.214813462,740301.206554315,647168.783827991,740310.727939849,0.0765082131199241,0.076497,2020.25681986885,2020.25683108197,3646000
15,8,0.00547521311992405,647299.214813462,740301.206554315,644563.196729722,732685.852121126,0.0819722131199241,0.076497,2020.25681986885,2020.26229508197,3646000
