node1,node2,length,startLat,startLon,endLat,endLon,endNodeL,startNodeL,startYear,endYear,treeID
9,1,5.000000000005e-06,675109.882064679,638323.852605763,675107.217392759,638341.588283139,5.000000000005e-06,0,2020.18032286885,2020.18032786885,5815000
9,10,0.01984,675109.882064679,638323.852605763,631641.905994302,732076.353887041,0.01984,0,2020.18032286885,2020.20016286885,5815000
10,2,0.0129522131199241,631641.905994302,732076.353887041,631648.382785821,732039.610512537,0.0327922131199241,0.01984,2020.20016286885,2020.21311508197,5815000
10,11,0.03552,631641.905994302,732076.353887041,647881.837217408,741668.091164234,0.05536,0.01984,2020.20016286885,2020.23568286885,5815000
11,12,0.00504,647881.837217408,741668.091164234,647645.515700387,741643.075974377,0.0604,0.05536,2020.23568286885,2020.24072286885,5815000
11,13,0.00237,647881.837217408,741668.091164234,647354.078696594,740626.842182033,0.05773,0.05536,2020.23568286885,2020.23805286885,5815000
12,3,0.00244721311992406,647645.515700387,741643.075974377,631943.641863436,738654.264028761,0.0628472131199241,0.0604,2020.24072286885,2020.24317008197,5815000
12,4,0.00244721311992406,647645.515700387,741643.075974377,647639.102205675,741612.25490094,0.0628472131199241,0.0604,2020.24072286885,2020.24317008197,5815000
13,14,0.00737699999999999,647354.078696594,740626.842182033,645453.114652068,740495.231462423,0.065107,0.05773,2020.23805286885,2020.24542986885,5815000
13,15,0.018767,647354.078696594,740626.842182033,647274.379923561,740429.373978987,0.076497,0.05773,2020.23805286885,2020.25681986885,5815000
14,5,0.000472213119924056,645453.114652068,740495.231462423,645326.548071377,740333.145859531,0.0655792131199241,0.065107,2020.24542986885,2020.24590208197,5815000
14,6,0.0114012131199241,645453.114652068,740495.231462423,645799.378063769,729646.234454007,0.076508213119924,0.065107,2020.24542986885,2020.25683108197,5815000
15,7,1.12131199240528e-05,647274.379923561,740429.373978987,647168.783827991,740310.727939849,0.0765082131199241,0.076497,2020.25681986885,2020.25683108197,5815000
15,8,0.00547521311992405,647274.379923561,740429.373978987,644563.196729722,732685.852121126,0.0819722131199241,0.076497,2020.25681986885,2020.26229508197,5815000
