node1,node2,length,startLat,startLon,endLat,endLon,endNodeL,startNodeL,startYear,endYear,treeID
9,1,5.000000000005e-06,674865.71498987,637946.43891749,675107.217392759,638341.588283139,5.000000000005e-06,0,2020.18032286885,2020.18032786885,6418000
9,10,0.01984,674865.71498987,637946.43891749,631189.38108726,731306.941000781,0.01984,0,2020.18032286885,2020.20016286885,6418000
10,2,0.0129522131199241,631189.38108726,731306.941000781,631648.382785821,732039.610512537,0.0327922131199241,0.01984,2020.20016286885,2020.21311508197,6418000
10,11,0.03552,631189.38108726,731306.941000781,645866.864043495,740489.69727296,0.05536,0.01984,2020.20016286885,2020.23568286885,6418000
11,12,0.00504,645866.864043495,740489.69727296,646004.354811971,740375.667043535,0.0604,0.05536,2020.23568286885,2020.24072286885,6418000
11,13,0.00237,645866.864043495,740489.69727296,645380.728951096,740386.153097487,0.05773,0.05536,2020.23568286885,2020.23805286885,6418000
12,3,0.00244721311992406,646004.354811971,740375.667043535,631943.641863436,738654.264028761,0.0628472131199241,0.0604,2020.24072286885,2020.24317008197,6418000
12,4,0.00244721311992406,646004.354811971,740375.667043535,647639.102205675,741612.25490094,0.0628472131199241,0.0604,2020.24072286885,2020.24317008197,6418000
13,14,0.00737699999999999,645380.728951096,740386.153097487,645276.561987695,740345.812234241,0.065107,0.05773,2020.23805286885,2020.24542986885,6418000
13,15,0.018767,645380.728951096,740386.153097487,647169.22750338,740314.108016725,0.076497,0.05773,2020.23805286885,2020.25681986885,6418000
14,5,0.000472213119924056,645276.561987695,740345.812234241,645326.548071377,740333.145859531,0.0655792131199241,0.065107,2020.24542986885,2020.24590208197,6418000
14,6,0.0114012131199241,645276.561987695,740345.812234241,645799.378063769,729646.234454007,0.076508213119924,0.065107,2020.24542986885,2020.25683108197,6418000
15,7,1.12131199240528e-05,647169.22750338,740314.108016725,647168.783827991,740310.727939849,0.0765082131199241,0.076497,2020.25681986885,2020.25683108197,6418000
15,8,0.00547521311992405,647169.22750338,740314.108016725,644563.196729722,732685.852121126,0.0819722131199241,0.076497,2020.25681986885,2020.26229508197,6418000
