node1,node2,length,startLat,startLon,endLat,endLon,endNodeL,startNodeL,startYear,endYear,treeID
6,7,0.00244,633426.997683659,652312.743454303,633574.936672705,652108.086737931,0.00244,0,2020.2324926776,2020.2349326776,1351000
6,8,0.00546,633426.997683659,652312.743454303,619637.415157075,619619.966162025,0.00546,0,2020.2324926776,2020.2379526776,1351000
7,1,4.00000000000001e-05,633574.936672705,652108.086737931,618830.926421162,656326.000465578,0.00248,0.00244,2020.2349326776,2020.2349726776,1351000
7,2,4.04808701596048e-05,633574.936672705,652108.086737931,633555.915783879,652111.216882986,0.0024804808701596,0.00244,2020.2349326776,2020.23497315847,1351000
8,5,0.0024844808701596,619637.415157075,619619.966162025,709028.714898039,583723.121456066,0.0079444808701596,0.00546,2020.2379526776,2020.24043715847,1351000
8,9,0.00244,619637.415157075,619619.966162025,633574.936672705,652108.086737931,0.0079,0.00546,2020.2379526776,2020.2403926776,1351000
9,3,4.44808701596053e-05,633574.936672705,652108.086737931,627462.927836731,622915.775901243,0.0079444808701596,0.0079,2020.2403926776,2020.24043715847,1351000
9,4,4.44808701596053e-05,633574.936672705,652108.086737931,619747.428772907,619357.568886858,0.0079444808701596,0.0079,2020.2403926776,2020.24043715847,1351000
