node1,node2,length,startLat,startLon,endLat,endLon,endNodeL,startNodeL,startYear,endYear,treeID
6,7,0.00244,633508.254149971,652148.634301341,633550.897065861,652095.034445381,0.00244,0,2020.2324926776,2020.2349326776,4438000
6,8,0.00546,633508.254149971,652148.634301341,633605.08478397,652263.85601269,0.00546,0,2020.2324926776,2020.2379526776,4438000
7,1,4.00000000000001e-05,633550.897065861,652095.034445381,618830.926421162,656326.000465578,0.00248,0.00244,2020.2349326776,2020.2349726776,4438000
7,2,4.04808701596048e-05,633550.897065861,652095.034445381,633555.915783879,652111.216882986,0.0024804808701596,0.00244,2020.2349326776,2020.23497315847,4438000
8,5,0.0024844808701596,633605.08478397,652263.85601269,709028.714898039,583723.121456066,0.0079444808701596,0.00546,2020.2379526776,2020.24043715847,4438000
8,9,0.00244,633605.08478397,652263.85601269,633550.897065861,652095.034445381,0.0079,0.00546,2020.2379526776,2020.2403926776,4438000
9,3,4.44808701596053e-05,633550.897065861,652095.034445381,627462.927836731,622915.775901243,0.0079444808701596,0.0079,2020.2403926776,2020.24043715847,4438000
9,4,4.44808701596053e-05,633550.897065861,652095.034445381,619747.428772907,619357.568886858,0.0079444808701596,0.0079,2020.2403926776,2020.24043715847,4438000
