node1,node2,length,startLat,startLon,endLat,endLon,endNodeL,startNodeL,startYear,endYear,treeID
6,7,0.00244,621761.020278142,619041.761828123,633546.309652269,652144.058591357,0.00244,0,2020.2324926776,2020.2349326776,7111000
6,8,0.00546,621761.020278142,619041.761828123,620296.208245613,619658.179796565,0.00546,0,2020.2324926776,2020.2379526776,7111000
7,1,4.00000000000001e-05,633546.309652269,652144.058591357,618830.926421162,656326.000465578,0.00248,0.00244,2020.2349326776,2020.2349726776,7111000
7,2,4.04808701596048e-05,633546.309652269,652144.058591357,633555.915783879,652111.216882986,0.0024804808701596,0.00244,2020.2349326776,2020.23497315847,7111000
8,5,0.0024844808701596,620296.208245613,619658.179796565,709028.714898039,583723.121456066,0.0079444808701596,0.00546,2020.2379526776,2020.24043715847,7111000
8,9,0.00244,620296.208245613,619658.179796565,633546.309652269,652144.058591357,0.0079,0.00546,2020.2379526776,2020.2403926776,7111000
9,3,4.44808701596053e-05,633546.309652269,652144.058591357,627462.927836731,622915.775901243,0.0079444808701596,0.0079,2020.2403926776,2020.24043715847,7111000
9,4,4.44808701596053e-05,633546.309652269,652144.058591357,619747.428772907,619357.568886858,0.0079444808701596,0.0079,2020.2403926776,2020.24043715847,7111000
