node1,node2,length,startLat,startLon,endLat,endLon,endNodeL,startNodeL,startYear,endYear,treeID
6,5,0.0767763544560485,728286.739402862,679787.108710986,723261.081780438,657017.712644161,0.0767763544560485,0,2020.16912528488,2020.24590163934,9095000
6,7,0.000327501999999993,728286.739402862,679787.108710986,728866.310008325,680161.230899363,0.000327501999999993,0,2020.16912528488,2020.16945278688,9095000
7,4,0.0463942076460485,728866.310008325,680161.230899363,730084.296540616,678214.580723411,0.0467217096460485,0.000327501999999993,2020.16945278688,2020.21584699453,9095000
7,8,0.06001,728866.310008325,680161.230899363,708479.306511078,664722.07571182,0.060337502,0.000327501999999993,2020.16945278688,2020.22946278688,9095000
8,1,4.54098320685076e-05,708479.306511078,664722.07571182,619323.637766745,665614.180272292,0.0603829118320685,0.060337502,2020.22946278688,2020.22950819672,9095000
8,9,0.01086,708479.306511078,664722.07571182,706912.166070969,668694.64113303,0.071197502,0.060337502,2020.22946278688,2020.24032278688,9095000
9,2,0.00011437158084851,706912.166070969,668694.64113303,706879.121012216,668646.71299934,0.0713118735808485,0.071197502,2020.24032278688,2020.24043715846,9095000
9,3,0.00284661201804851,706912.166070969,668694.64113303,702593.080319071,671279.492830832,0.0740441140180485,0.071197502,2020.24032278688,2020.2431693989,9095000
