node1,node2,length,startLat,startLon,endLat,endLon,endNodeL,startNodeL,startYear,endYear,treeID
6,5,0.0767763544560485,701862.71873959,672045.481612274,723261.081780438,657017.712644161,0.0767763544560485,0,2020.16912528488,2020.24590163934,12695000
6,7,0.000327501999999993,701862.71873959,672045.481612274,701852.043685909,672040.947251587,0.000327501999999993,0,2020.16912528488,2020.16945278688,12695000
7,4,0.0463942076460485,701852.043685909,672040.947251587,730084.296540616,678214.580723411,0.0467217096460485,0.000327501999999993,2020.16945278688,2020.21584699453,12695000
7,8,0.06001,701852.043685909,672040.947251587,702334.103011921,671563.249491628,0.060337502,0.000327501999999993,2020.16945278688,2020.22946278688,12695000
8,1,4.54098320685076e-05,702334.103011921,671563.249491628,619323.637766745,665614.180272292,0.0603829118320685,0.060337502,2020.22946278688,2020.22950819672,12695000
8,9,0.01086,702334.103011921,671563.249491628,702327.611556965,671570.865252193,0.071197502,0.060337502,2020.22946278688,2020.24032278688,12695000
9,2,0.00011437158084851,702327.611556965,671570.865252193,706879.121012216,668646.71299934,0.0713118735808485,0.071197502,2020.24032278688,2020.24043715846,12695000
9,3,0.00284661201804851,702327.611556965,671570.865252193,702593.080319071,671279.492830832,0.0740441140180485,0.071197502,2020.24032278688,2020.2431693989,12695000
