node1,node2,length,startLat,startLon,endLat,endLon,endNodeL,startNodeL,startYear,endYear,treeID
6,5,0.0767763544560485,705956.450161876,668094.64515571,723261.081780438,657017.712644161,0.0767763544560485,0,2020.16912528488,2020.24590163934,41405000
6,7,0.000327501999999993,705956.450161876,668094.64515571,705946.042078793,668386.172190575,0.000327501999999993,0,2020.16912528488,2020.16945278688,41405000
7,4,0.0463942076460485,705946.042078793,668386.172190575,730084.296540616,678214.580723411,0.0467217096460485,0.000327501999999993,2020.16945278688,2020.21584699453,41405000
7,8,0.06001,705946.042078793,668386.172190575,706019.666517447,668630.922493062,0.060337502,0.000327501999999993,2020.16945278688,2020.22946278688,41405000
8,1,4.54098320685076e-05,706019.666517447,668630.922493062,619323.637766745,665614.180272292,0.0603829118320685,0.060337502,2020.22946278688,2020.22950819672,41405000
8,9,0.01086,706019.666517447,668630.922493062,706842.790734426,668646.543891334,0.071197502,0.060337502,2020.22946278688,2020.24032278688,41405000
9,2,0.00011437158084851,706842.790734426,668646.543891334,706879.121012216,668646.71299934,0.0713118735808485,0.071197502,2020.24032278688,2020.24043715846,41405000
9,3,0.00284661201804851,706842.790734426,668646.543891334,702593.080319071,671279.492830832,0.0740441140180485,0.071197502,2020.24032278688,2020.2431693989,41405000
