node1,node2,length,startLat,startLon,endLat,endLon,endNodeL,startNodeL,startYear,endYear,treeID
4,1,0.0628488743200143,647321.841909367,719868.996389333,647275.405735201,719815.105675361,0.0628488743200143,0,2020.19398172677,2020.25683060109,829000
4,5,0.024235,647321.841909367,719868.996389333,647605.807430649,720157.587144079,0.024235,0,2020.19398172677,2020.21821672677,829000
5,2,0.0358816338800143,647605.807430649,720157.587144079,641227.968926675,740176.054930905,0.0601166338800143,0.024235,2020.21821672677,2020.25409836065,829000
5,3,0.0468105956300143,647605.807430649,720157.587144079,654099.244255354,743039.347107403,0.0710455956300143,0.024235,2020.21821672677,2020.2650273224,829000
