node1,node2,length,startLat,startLon,endLat,endLon,endNodeL,startNodeL,startYear,endYear,treeID
4,1,0.0628488743200143,652077.303741671,740104.268955416,647275.405735201,719815.105675361,0.0628488743200143,0,2020.19398172677,2020.25683060109,391000
4,5,0.024235,652077.303741671,740104.268955416,654153.968117392,743086.687541454,0.024235,0,2020.19398172677,2020.21821672677,391000
5,2,0.0358816338800143,654153.968117392,743086.687541454,641227.968926675,740176.054930905,0.0601166338800143,0.024235,2020.21821672677,2020.25409836065,391000
5,3,0.0468105956300143,654153.968117392,743086.687541454,654099.244255354,743039.347107403,0.0710455956300143,0.024235,2020.21821672677,2020.2650273224,391000
