node1,node2,length,startLat,startLon,endLat,endLon,endNodeL,startNodeL,startYear,endYear,treeID
4,1,0.0628488743200143,647046.825953062,719600.222081511,647275.405735201,719815.105675361,0.0628488743200143,0,2020.19398172677,2020.25683060109,155000
4,5,0.024235,647046.825953062,719600.222081511,646988.280642677,719532.374133411,0.024235,0,2020.19398172677,2020.21821672677,155000
5,2,0.0358816338800143,646988.280642677,719532.374133411,641227.968926675,740176.054930905,0.0601166338800143,0.024235,2020.21821672677,2020.25409836065,155000
5,3,0.0468105956300143,646988.280642677,719532.374133411,654099.244255354,743039.347107403,0.0710455956300143,0.024235,2020.21821672677,2020.2650273224,155000
