node1,node2,length,startLat,startLon,endLat,endLon,endNodeL,startNodeL,startYear,endYear,treeID
5,1,0.00303748634208202,621085.127901679,604331.052445197,628143.328966534,607029.521886715,0.00303748634208202,0,2020.20461278688,2020.20765027322,3853000
5,6,0.00278,621085.127901679,604331.052445197,620110.926020452,603857.747533986,0.00278,0,2020.20461278688,2020.20739278688,3853000
6,2,0.00298972677908202,620110.926020452,603857.747533986,646652.912942847,585480.285060582,0.00576972677908202,0.00278,2020.20739278688,2020.21038251366,3853000
6,7,0.00294,620110.926020452,603857.747533986,615295.575216924,602436.965416272,0.00572,0.00278,2020.20739278688,2020.21033278688,3853000
7,3,4.9726778992024e-05,615295.575216924,602436.965416272,615212.148431076,602449.659224425,0.00576972677899202,0.00572,2020.21033278688,2020.21038251366,3853000
7,4,4.9726778992024e-05,615295.575216924,602436.965416272,615175.594806798,603525.057596293,0.00576972677899202,0.00572,2020.21033278688,2020.21038251366,3853000
