node1,node2,length,startLat,startLon,endLat,endLon,endNodeL,startNodeL,startYear,endYear,treeID
5,1,0.00303748634208202,628307.570429456,607051.321531116,628143.328966534,607029.521886715,0.00303748634208202,0,2020.20461278688,2020.20765027322,8533000
5,6,0.00278,628307.570429456,607051.321531116,646868.322364488,585500.821188955,0.00278,0,2020.20461278688,2020.20739278688,8533000
6,2,0.00298972677908202,646868.322364488,585500.821188955,646652.912942847,585480.285060582,0.00576972677908202,0.00278,2020.20739278688,2020.21038251366,8533000
6,7,0.00294,646868.322364488,585500.821188955,614617.294011535,603842.653519361,0.00572,0.00278,2020.20739278688,2020.21033278688,8533000
7,3,4.9726778992024e-05,614617.294011535,603842.653519361,615212.148431076,602449.659224425,0.00576972677899202,0.00572,2020.21033278688,2020.21038251366,8533000
7,4,4.9726778992024e-05,614617.294011535,603842.653519361,615175.594806798,603525.057596293,0.00576972677899202,0.00572,2020.21033278688,2020.21038251366,8533000
