node1,node2,length,startLat,startLon,endLat,endLon,endNodeL,startNodeL,startYear,endYear,treeID
5,1,0.00303748634208202,628204.356153424,607151.944150238,628143.328966534,607029.521886715,0.00303748634208202,0,2020.20461278688,2020.20765027322,5518000
5,6,0.00278,628204.356153424,607151.944150238,626160.026075385,606760.178914535,0.00278,0,2020.20461278688,2020.20739278688,5518000
6,2,0.00298972677908202,626160.026075385,606760.178914535,646652.912942847,585480.285060582,0.00576972677908202,0.00278,2020.20739278688,2020.21038251366,5518000
6,7,0.00294,626160.026075385,606760.178914535,615242.935342789,602489.531613217,0.00572,0.00278,2020.20739278688,2020.21033278688,5518000
7,3,4.9726778992024e-05,615242.935342789,602489.531613217,615212.148431076,602449.659224425,0.00576972677899202,0.00572,2020.21033278688,2020.21038251366,5518000
7,4,4.9726778992024e-05,615242.935342789,602489.531613217,615175.594806798,603525.057596293,0.00576972677899202,0.00572,2020.21033278688,2020.21038251366,5518000
