node1,node2,length,startLat,startLon,endLat,endLon,endNodeL,startNodeL,startYear,endYear,treeID
5,1,0.00303748634208202,627860.595038174,606756.834961081,628143.328966534,607029.521886715,0.00303748634208202,0,2020.20461278688,2020.20765027322,6346000
5,6,0.00278,627860.595038174,606756.834961081,615493.754288271,603549.001748043,0.00278,0,2020.20461278688,2020.20739278688,6346000
6,2,0.00298972677908202,615493.754288271,603549.001748043,646652.912942847,585480.285060582,0.00576972677908202,0.00278,2020.20739278688,2020.21038251366,6346000
6,7,0.00294,615493.754288271,603549.001748043,615212.669648706,603598.01448577,0.00572,0.00278,2020.20739278688,2020.21033278688,6346000
7,3,4.9726778992024e-05,615212.669648706,603598.01448577,615212.148431076,602449.659224425,0.00576972677899202,0.00572,2020.21033278688,2020.21038251366,6346000
7,4,4.9726778992024e-05,615212.669648706,603598.01448577,615175.594806798,603525.057596293,0.00576972677899202,0.00572,2020.21033278688,2020.21038251366,6346000
