node1,node2,length,startLat,startLon,endLat,endLon,endNodeL,startNodeL,startYear,endYear,treeID
5,1,0.00303748634208202,628223.684944395,607128.37040127,628143.328966534,607029.521886715,0.00303748634208202,0,2020.20461278688,2020.20765027322,4303000
5,6,0.00278,628223.684944395,607128.37040127,614357.719981585,603041.075893196,0.00278,0,2020.20461278688,2020.20739278688,4303000
6,2,0.00298972677908202,614357.719981585,603041.075893196,646652.912942847,585480.285060582,0.00576972677908202,0.00278,2020.20739278688,2020.21038251366,4303000
6,7,0.00294,614357.719981585,603041.075893196,615017.92405084,603293.437774654,0.00572,0.00278,2020.20739278688,2020.21033278688,4303000
7,3,4.9726778992024e-05,615017.92405084,603293.437774654,615212.148431076,602449.659224425,0.00576972677899202,0.00572,2020.21033278688,2020.21038251366,4303000
7,4,4.9726778992024e-05,615017.92405084,603293.437774654,615175.594806798,603525.057596293,0.00576972677899202,0.00572,2020.21033278688,2020.21038251366,4303000
