node1,node2,length,startLat,startLon,endLat,endLon,endNodeL,startNodeL,startYear,endYear,treeID
5,1,0.00303748634208202,627392.68002275,605689.612889358,628143.328966534,607029.521886715,0.00303748634208202,0,2020.20461278688,2020.20765027322,2620000
5,6,0.00278,627392.68002275,605689.612889358,617834.00584927,596273.139218863,0.00278,0,2020.20461278688,2020.20739278688,2620000
6,2,0.00298972677908202,617834.00584927,596273.139218863,646652.912942847,585480.285060582,0.00576972677908202,0.00278,2020.20739278688,2020.21038251366,2620000
6,7,0.00294,617834.00584927,596273.139218863,615021.898120562,602170.819627767,0.00572,0.00278,2020.20739278688,2020.21033278688,2620000
7,3,4.9726778992024e-05,615021.898120562,602170.819627767,615212.148431076,602449.659224425,0.00576972677899202,0.00572,2020.21033278688,2020.21038251366,2620000
7,4,4.9726778992024e-05,615021.898120562,602170.819627767,615175.594806798,603525.057596293,0.00576972677899202,0.00572,2020.21033278688,2020.21038251366,2620000
