node1,node2,length,startLat,startLon,endLat,endLon,endNodeL,startNodeL,startYear,endYear,treeID
5,1,0.00303748634208202,628214.386449765,606211.995036883,628143.328966534,607029.521886715,0.00303748634208202,0,2020.20461278688,2020.20765027322,6364000
5,6,0.00278,628214.386449765,606211.995036883,629105.166157731,605556.266909976,0.00278,0,2020.20461278688,2020.20739278688,6364000
6,2,0.00298972677908202,629105.166157731,605556.266909976,646652.912942847,585480.285060582,0.00576972677908202,0.00278,2020.20739278688,2020.21038251366,6364000
6,7,0.00294,629105.166157731,605556.266909976,615204.106280794,603512.291875986,0.00572,0.00278,2020.20739278688,2020.21033278688,6364000
7,3,4.9726778992024e-05,615204.106280794,603512.291875986,615212.148431076,602449.659224425,0.00576972677899202,0.00572,2020.21033278688,2020.21038251366,6364000
7,4,4.9726778992024e-05,615204.106280794,603512.291875986,615175.594806798,603525.057596293,0.00576972677899202,0.00572,2020.21033278688,2020.21038251366,6364000
