node1,node2,length,startLat,startLon,endLat,endLon,endNodeL,startNodeL,startYear,endYear,treeID
5,1,0.00303748634208202,613968.263570065,603532.555953132,628143.328966534,607029.521886715,0.00303748634208202,0,2020.20461278688,2020.20765027322,1027000
5,6,0.00278,613968.263570065,603532.555953132,614496.774153104,603291.89038959,0.00278,0,2020.20461278688,2020.20739278688,1027000
6,2,0.00298972677908202,614496.774153104,603291.89038959,646652.912942847,585480.285060582,0.00576972677908202,0.00278,2020.20739278688,2020.21038251366,1027000
6,7,0.00294,614496.774153104,603291.89038959,615092.190746325,603478.974013805,0.00572,0.00278,2020.20739278688,2020.21033278688,1027000
7,3,4.9726778992024e-05,615092.190746325,603478.974013805,615212.148431076,602449.659224425,0.00576972677899202,0.00572,2020.21033278688,2020.21038251366,1027000
7,4,4.9726778992024e-05,615092.190746325,603478.974013805,615175.594806798,603525.057596293,0.00576972677899202,0.00572,2020.21033278688,2020.21038251366,1027000
