node1,node2,length,startLat,startLon,endLat,endLon,endNodeL,startNodeL,startYear,endYear,treeID
5,1,0.0506485026598547,657857.164150876,766058.627832415,657639.165599063,765889.085372043,0.0506485026598547,0,2020.20618209844,2020.2568306011,295000
5,6,0.008460423802,657857.164150876,766058.627832415,658256.579916566,766660.386687003,0.008460423802,0,2020.20618209844,2020.21464252224,295000
6,2,0.0421880788498546,658256.579916566,766660.386687003,658158.505482456,766562.929162245,0.0506485026518546,0.008460423802,2020.21464252224,2020.25683060109,295000
6,7,0.003993973548,658256.579916566,766660.386687003,658373.157990764,766653.507620848,0.01245439735,0.008460423802,2020.21464252224,2020.21863649579,295000
7,3,0.0409263457398547,658373.157990764,766653.507620848,615493.55349295,785629.360417704,0.0533807430898547,0.01245439735,2020.21863649579,2020.25956284153,295000
7,4,0.0409263457398547,658373.157990764,766653.507620848,660504.996233143,767409.876759615,0.0533807430898547,0.01245439735,2020.21863649579,2020.25956284153,295000
