node1,node2,length,startLat,startLon,endLat,endLon,endNodeL,startNodeL,startYear,endYear,treeID
5,6,0.000199923969000003,710310.384198512,704708.398133757,710301.203592804,704701.912518064,0.000199923969000003,0,2020.18135286292,2020.18155278689,3961000
5,7,0.000199923969000003,710310.384198512,704708.398133757,710301.203592804,704701.912518064,0.000199923969000003,0,2020.18135286292,2020.18155278689,3961000
6,1,0.0588843715798546,710301.203592804,704701.912518064,694149.031382167,707001.323415995,0.0590842955488546,0.000199923969000003,2020.18155278689,2020.24043715847,3961000
6,2,0.0479554098398546,710301.203592804,704701.912518064,679229.418318674,685173.330251501,0.0481553338088546,0.000199923969000003,2020.18155278689,2020.22950819673,3961000
7,3,0.0397586885198546,710301.203592804,704701.912518064,709959.205824516,704434.325019237,0.0399586124888546,0.000199923969000003,2020.18155278689,2020.22131147541,3961000
7,4,0.0616166120198546,710301.203592804,704701.912518064,721119.803803077,671965.519730271,0.0618165359888546,0.000199923969000003,2020.18155278689,2020.24316939891,3961000
