node1,node2,length,startLat,startLon,endLat,endLon,endNodeL,startNodeL,startYear,endYear,treeID
5,1,0.0506485026598547,657673.273740601,765887.941438783,657639.165599063,765889.085372043,0.0506485026598547,0,2020.20618209844,2020.2568306011,257000
5,6,0.008460423802,657673.273740601,765887.941438783,657540.791366748,765746.226905458,0.008460423802,0,2020.20618209844,2020.21464252224,257000
6,2,0.0421880788498546,657540.791366748,765746.226905458,658158.505482456,766562.929162245,0.0506485026518546,0.008460423802,2020.21464252224,2020.25683060109,257000
6,7,0.003993973548,657540.791366748,765746.226905458,657547.384363428,765752.535442059,0.01245439735,0.008460423802,2020.21464252224,2020.21863649579,257000
7,3,0.0409263457398547,657547.384363428,765752.535442059,615493.55349295,785629.360417704,0.0533807430898547,0.01245439735,2020.21863649579,2020.25956284153,257000
7,4,0.0409263457398547,657547.384363428,765752.535442059,660504.996233143,767409.876759615,0.0533807430898547,0.01245439735,2020.21863649579,2020.25956284153,257000
