node1,node2,length,startLat,startLon,endLat,endLon,endNodeL,startNodeL,startYear,endYear,treeID
5,1,0.0506485026598547,657934.002903515,766491.423297331,657639.165599063,765889.085372043,0.0506485026598547,0,2020.20618209844,2020.2568306011,821000
5,6,0.008460423802,657934.002903515,766491.423297331,657961.437005839,766447.293683642,0.008460423802,0,2020.20618209844,2020.21464252224,821000
6,2,0.0421880788498546,657961.437005839,766447.293683642,658158.505482456,766562.929162245,0.0506485026518546,0.008460423802,2020.21464252224,2020.25683060109,821000
6,7,0.003993973548,657961.437005839,766447.293683642,658376.857935185,766874.372606079,0.01245439735,0.008460423802,2020.21464252224,2020.21863649579,821000
7,3,0.0409263457398547,658376.857935185,766874.372606079,615493.55349295,785629.360417704,0.0533807430898547,0.01245439735,2020.21863649579,2020.25956284153,821000
7,4,0.0409263457398547,658376.857935185,766874.372606079,660504.996233143,767409.876759615,0.0533807430898547,0.01245439735,2020.21863649579,2020.25956284153,821000
