node1,node2,length,startLat,startLon,endLat,endLon,endNodeL,startNodeL,startYear,endYear,treeID
5,1,0.0506485026598547,657693.976437896,765976.477841539,657639.165599063,765889.085372043,0.0506485026598547,0,2020.20618209844,2020.2568306011,876000
5,6,0.008460423802,657693.976437896,765976.477841539,657681.340184702,765965.094760825,0.008460423802,0,2020.20618209844,2020.21464252224,876000
6,2,0.0421880788498546,657681.340184702,765965.094760825,658158.505482456,766562.929162245,0.0506485026518546,0.008460423802,2020.21464252224,2020.25683060109,876000
6,7,0.003993973548,657681.340184702,765965.094760825,657652.072324337,765942.201673409,0.01245439735,0.008460423802,2020.21464252224,2020.21863649579,876000
7,3,0.0409263457398547,657652.072324337,765942.201673409,615493.55349295,785629.360417704,0.0533807430898547,0.01245439735,2020.21863649579,2020.25956284153,876000
7,4,0.0409263457398547,657652.072324337,765942.201673409,660504.996233143,767409.876759615,0.0533807430898547,0.01245439735,2020.21863649579,2020.25956284153,876000
