node1,node2,length,startLat,startLon,endLat,endLon,endNodeL,startNodeL,startYear,endYear,treeID
5,6,0.000199923969000003,709980.538241848,704056.362265932,709990.089284837,704062.400779528,0.000199923969000003,0,2020.18135286292,2020.18155278689,8416000
5,7,0.000199923969000003,709980.538241848,704056.362265932,709990.089284837,704062.400779528,0.000199923969000003,0,2020.18135286292,2020.18155278689,8416000
6,1,0.0588843715798546,709990.089284837,704062.400779528,694149.031382167,707001.323415995,0.0590842955488546,0.000199923969000003,2020.18155278689,2020.24043715847,8416000
6,2,0.0479554098398546,709990.089284837,704062.400779528,679229.418318674,685173.330251501,0.0481553338088546,0.000199923969000003,2020.18155278689,2020.22950819673,8416000
7,3,0.0397586885198546,709990.089284837,704062.400779528,709959.205824516,704434.325019237,0.0399586124888546,0.000199923969000003,2020.18155278689,2020.22131147541,8416000
7,4,0.0616166120198546,709990.089284837,704062.400779528,721119.803803077,671965.519730271,0.0618165359888546,0.000199923969000003,2020.18155278689,2020.24316939891,8416000
