node1,node2,length,startLat,startLon,endLat,endLon,endNodeL,startNodeL,startYear,endYear,treeID
4,3,0.002942841529942,646277.81778918,724221.588781882,645843.009640735,723732.483420008,0.002942841529942,0,2020.17465278689,2020.17759562842,3808000
4,5,0.00294,646277.81778918,724221.588781882,651410.404550462,738375.325856064,0.00294,0,2020.17465278689,2020.17759278689,3808000
5,1,2.84152988399991e-06,651410.404550462,738375.325856064,632990.453859137,753510.541247212,0.002942841529884,0.00294,2020.17759278689,2020.17759562842,3808000
5,2,2.84152988399991e-06,651410.404550462,738375.325856064,651411.77810477,738376.194891189,0.002942841529884,0.00294,2020.17759278689,2020.17759562842,3808000
