node1,node2,length,startLat,startLon,endLat,endLon,endNodeL,startNodeL,startYear,endYear,treeID
4,3,0.002942841529942,646424.626757049,724773.596228532,645843.009640735,723732.483420008,0.002942841529942,0,2020.17465278689,2020.17759562842,6139000
4,5,0.00294,646424.626757049,724773.596228532,651449.564907405,738454.470619749,0.00294,0,2020.17465278689,2020.17759278689,6139000
5,1,2.84152988399991e-06,651449.564907405,738454.470619749,632990.453859137,753510.541247212,0.002942841529884,0.00294,2020.17759278689,2020.17759562842,6139000
5,2,2.84152988399991e-06,651449.564907405,738454.470619749,651411.77810477,738376.194891189,0.002942841529884,0.00294,2020.17759278689,2020.17759562842,6139000
