node1,node2,length,startLat,startLon,endLat,endLon,endNodeL,startNodeL,startYear,endYear,treeID
4,3,0.002942841529942,645942.53989104,723307.667791677,645843.009640735,723732.483420008,0.002942841529942,0,2020.17465278689,2020.17759562842,2557000
4,5,0.00294,645942.53989104,723307.667791677,651404.745762951,738405.002128904,0.00294,0,2020.17465278689,2020.17759278689,2557000
5,1,2.84152988399991e-06,651404.745762951,738405.002128904,632990.453859137,753510.541247212,0.002942841529884,0.00294,2020.17759278689,2020.17759562842,2557000
5,2,2.84152988399991e-06,651404.745762951,738405.002128904,651411.77810477,738376.194891189,0.002942841529884,0.00294,2020.17759278689,2020.17759562842,2557000
