node1,node2,length,startLat,startLon,endLat,endLon,endNodeL,startNodeL,startYear,endYear,treeID
4,3,0.002942841529942,645677.5572455,723480.276104758,645843.009640735,723732.483420008,0.002942841529942,0,2020.17465278689,2020.17759562842,7228000
4,5,0.00294,645677.5572455,723480.276104758,651403.161252355,738368.286318255,0.00294,0,2020.17465278689,2020.17759278689,7228000
5,1,2.84152988399991e-06,651403.161252355,738368.286318255,632990.453859137,753510.541247212,0.002942841529884,0.00294,2020.17759278689,2020.17759562842,7228000
5,2,2.84152988399991e-06,651403.161252355,738368.286318255,651411.77810477,738376.194891189,0.002942841529884,0.00294,2020.17759278689,2020.17759562842,7228000
