node1,node2,length,startLat,startLon,endLat,endLon,endNodeL,startNodeL,startYear,endYear,treeID
4,3,0.002942841529942,651410.487864159,739080.169391031,645843.009640735,723732.483420008,0.002942841529942,0,2020.17465278689,2020.17759562842,2692000
4,5,0.00294,651410.487864159,739080.169391031,651408.618095151,738345.475110875,0.00294,0,2020.17465278689,2020.17759278689,2692000
5,1,2.84152988399991e-06,651408.618095151,738345.475110875,632990.453859137,753510.541247212,0.002942841529884,0.00294,2020.17759278689,2020.17759562842,2692000
5,2,2.84152988399991e-06,651408.618095151,738345.475110875,651411.77810477,738376.194891189,0.002942841529884,0.00294,2020.17759278689,2020.17759562842,2692000
