node1,node2,length,startLat,startLon,endLat,endLon,endNodeL,startNodeL,startYear,endYear,treeID
4,3,0.002942841529942,652256.200954308,739552.739084516,645843.009640735,723732.483420008,0.002942841529942,0,2020.17465278689,2020.17759562842,4789000
4,5,0.00294,652256.200954308,739552.739084516,651381.29906351,738319.270544459,0.00294,0,2020.17465278689,2020.17759278689,4789000
5,1,2.84152988399991e-06,651381.29906351,738319.270544459,632990.453859137,753510.541247212,0.002942841529884,0.00294,2020.17759278689,2020.17759562842,4789000
5,2,2.84152988399991e-06,651381.29906351,738319.270544459,651411.77810477,738376.194891189,0.002942841529884,0.00294,2020.17759278689,2020.17759562842,4789000
