node1,node2,length,startLat,startLon,endLat,endLon,endNodeL,startNodeL,startYear,endYear,treeID
4,3,0.002942841529942,645743.759277977,723617.482893036,645843.009640735,723732.483420008,0.002942841529942,0,2020.17465278689,2020.17759562842,3853000
4,5,0.00294,645743.759277977,723617.482893036,651413.473933891,738378.614760644,0.00294,0,2020.17465278689,2020.17759278689,3853000
5,1,2.84152988399991e-06,651413.473933891,738378.614760644,632990.453859137,753510.541247212,0.002942841529884,0.00294,2020.17759278689,2020.17759562842,3853000
5,2,2.84152988399991e-06,651413.473933891,738378.614760644,651411.77810477,738376.194891189,0.002942841529884,0.00294,2020.17759278689,2020.17759562842,3853000
