node1,node2,length,startLat,startLon,endLat,endLon,endNodeL,startNodeL,startYear,endYear,treeID
6,7,0.02237246086,644029.408951803,726946.083216178,644503.655867317,728327.248898462,0.02237246086,0,2020.19071920585,2020.21309166671,665000
6,8,0.01918164382,644029.408951803,726946.083216178,643995.990914851,726809.272046166,0.01918164382,0,2020.19071920585,2020.20990084967,665000
7,1,0.0328099726370329,644503.655867317,728327.248898462,646197.368620406,761103.287007353,0.0551824334970329,0.02237246086,2020.21309166671,2020.24590163935,665000
7,2,2.30873904829426e-05,644503.655867317,728327.248898462,645362.233391974,729956.634809497,0.0223955482504829,0.02237246086,2020.21309166671,2020.2131147541,665000
8,3,0.0496619918670329,643995.990914851,726809.272046166,643830.476929286,724647.459794639,0.0688436356870329,0.01918164382,2020.20990084967,2020.25956284154,665000
8,9,0.008742043963,643995.990914851,726809.272046166,642855.008990306,730683.82619415,0.027923687783,0.01918164382,2020.20990084967,2020.21864289363,665000
9,4,0.043652188337033,642855.008990306,730683.82619415,643297.193596727,731341.638056529,0.071575876120033,0.027923687783,2020.21864289363,2020.26229508197,665000
9,5,0.043652188337033,642855.008990306,730683.82619415,642827.619418556,730558.921742627,0.071575876120033,0.027923687783,2020.21864289363,2020.26229508197,665000
