node1,node2,length,startLat,startLon,endLat,endLon,endNodeL,startNodeL,startYear,endYear,treeID
6,7,0.02237246086,643329.319331019,726495.44903103,645357.110012577,730024.933336124,0.02237246086,0,2020.19071920585,2020.21309166671,483000
6,8,0.01918164382,643329.319331019,726495.44903103,643475.592941881,726410.850744047,0.01918164382,0,2020.19071920585,2020.20990084967,483000
7,1,0.0328099726370329,645357.110012577,730024.933336124,646197.368620406,761103.287007353,0.0551824334970329,0.02237246086,2020.21309166671,2020.24590163935,483000
7,2,2.30873904829426e-05,645357.110012577,730024.933336124,645362.233391974,729956.634809497,0.0223955482504829,0.02237246086,2020.21309166671,2020.2131147541,483000
8,3,0.0496619918670329,643475.592941881,726410.850744047,643830.476929286,724647.459794639,0.0688436356870329,0.01918164382,2020.20990084967,2020.25956284154,483000
8,9,0.008742043963,643475.592941881,726410.850744047,643646.264556899,729183.158354494,0.027923687783,0.01918164382,2020.20990084967,2020.21864289363,483000
9,4,0.043652188337033,643646.264556899,729183.158354494,643297.193596727,731341.638056529,0.071575876120033,0.027923687783,2020.21864289363,2020.26229508197,483000
9,5,0.043652188337033,643646.264556899,729183.158354494,642827.619418556,730558.921742627,0.071575876120033,0.027923687783,2020.21864289363,2020.26229508197,483000
