node1,node2,length,startLat,startLon,endLat,endLon,endNodeL,startNodeL,startYear,endYear,treeID
6,7,0.02510175376,646057.085451279,742311.429310427,645921.273276553,733723.703597878,0.02510175376,0,2020.15784658011,2020.18294833387,537000
6,8,0.000162146672500002,646057.085451279,742311.429310427,646225.785783698,742907.858111223,0.000162146672500002,0,2020.15784658011,2020.15800872678,537000
7,1,0.07115002679,645921.273276553,733723.703597878,646444.156327348,735956.543014309,0.09625178055,0.02510175376,2020.18294833387,2020.25409836066,537000
7,2,0.000111775421599999,645921.273276553,733723.703597878,653973.281993078,735569.831548714,0.0252135291816,0.02510175376,2020.18294833387,2020.18306010929,537000
8,3,0.0168546612,646225.785783698,742907.858111223,646790.24708192,745012.319407183,0.0170168078725,0.000162146672500002,2020.15800872678,2020.17486338798,537000
8,9,0.01379279651,646225.785783698,742907.858111223,616467.728402102,650134.401518524,0.0139549431825,0.000162146672500002,2020.15800872678,2020.17180152329,537000
9,4,0.005794105131,616467.728402102,650134.401518524,635182.405974618,727659.563192284,0.0197490483135,0.0139549431825,2020.17180152329,2020.17759562842,537000
9,5,0.000329624256299996,616467.728402102,650134.401518524,616443.504790455,650028.21605081,0.0142845674388,0.0139549431825,2020.17180152329,2020.17213114755,537000
