node1,node2,length,startLat,startLon,endLat,endLon,endNodeL,startNodeL,startYear,endYear,treeID
6,7,0.02237246086,645468.938835551,730065.393505417,645363.367156713,729956.269749738,0.02237246086,0,2020.19071920585,2020.21309166671,348000
6,8,0.01918164382,645468.938835551,730065.393505417,643824.95987891,724671.147887084,0.01918164382,0,2020.19071920585,2020.20990084967,348000
7,1,0.0328099726370329,645363.367156713,729956.269749738,646197.368620406,761103.287007353,0.0551824334970329,0.02237246086,2020.21309166671,2020.24590163935,348000
7,2,2.30873904829426e-05,645363.367156713,729956.269749738,645362.233391974,729956.634809497,0.0223955482504829,0.02237246086,2020.21309166671,2020.2131147541,348000
8,3,0.0496619918670329,643824.95987891,724671.147887084,643830.476929286,724647.459794639,0.0688436356870329,0.01918164382,2020.20990084967,2020.25956284154,348000
8,9,0.008742043963,643824.95987891,724671.147887084,643534.938558821,732463.411193727,0.027923687783,0.01918164382,2020.20990084967,2020.21864289363,348000
9,4,0.043652188337033,643534.938558821,732463.411193727,643297.193596727,731341.638056529,0.071575876120033,0.027923687783,2020.21864289363,2020.26229508197,348000
9,5,0.043652188337033,643534.938558821,732463.411193727,642827.619418556,730558.921742627,0.071575876120033,0.027923687783,2020.21864289363,2020.26229508197,348000
