node1,node2,length,startLat,startLon,endLat,endLon,endNodeL,startNodeL,startYear,endYear,treeID
6,7,0.02237246086,644274.945202767,725017.307014352,645358.691334098,729949.554936046,0.02237246086,0,2020.19071920585,2020.21309166671,267000
6,8,0.01918164382,644274.945202767,725017.307014352,643851.574739762,724403.902752308,0.01918164382,0,2020.19071920585,2020.20990084967,267000
7,1,0.0328099726370329,645358.691334098,729949.554936046,646197.368620406,761103.287007353,0.0551824334970329,0.02237246086,2020.21309166671,2020.24590163935,267000
7,2,2.30873904829426e-05,645358.691334098,729949.554936046,645362.233391974,729956.634809497,0.0223955482504829,0.02237246086,2020.21309166671,2020.2131147541,267000
8,3,0.0496619918670329,643851.574739762,724403.902752308,643830.476929286,724647.459794639,0.0688436356870329,0.01918164382,2020.20990084967,2020.25956284154,267000
8,9,0.008742043963,643851.574739762,724403.902752308,643228.161351857,731275.577191678,0.027923687783,0.01918164382,2020.20990084967,2020.21864289363,267000
9,4,0.043652188337033,643228.161351857,731275.577191678,643297.193596727,731341.638056529,0.071575876120033,0.027923687783,2020.21864289363,2020.26229508197,267000
9,5,0.043652188337033,643228.161351857,731275.577191678,642827.619418556,730558.921742627,0.071575876120033,0.027923687783,2020.21864289363,2020.26229508197,267000
