node1,node2,length,startLat,startLon,endLat,endLon,endNodeL,startNodeL,startYear,endYear,treeID
6,7,0.02237246086,645363.432748672,729833.497267222,645360.671191586,729951.592835773,0.02237246086,0,2020.19071920585,2020.21309166671,192000
6,8,0.01918164382,645363.432748672,729833.497267222,645313.658424927,729637.515546937,0.01918164382,0,2020.19071920585,2020.20990084967,192000
7,1,0.0328099726370329,645360.671191586,729951.592835773,646197.368620406,761103.287007353,0.0551824334970329,0.02237246086,2020.21309166671,2020.24590163935,192000
7,2,2.30873904829426e-05,645360.671191586,729951.592835773,645362.233391974,729956.634809497,0.0223955482504829,0.02237246086,2020.21309166671,2020.2131147541,192000
8,3,0.0496619918670329,645313.658424927,729637.515546937,643830.476929286,724647.459794639,0.0688436356870329,0.01918164382,2020.20990084967,2020.25956284154,192000
8,9,0.008742043963,645313.658424927,729637.515546937,642901.4058948,730524.989851784,0.027923687783,0.01918164382,2020.20990084967,2020.21864289363,192000
9,4,0.043652188337033,642901.4058948,730524.989851784,643297.193596727,731341.638056529,0.071575876120033,0.027923687783,2020.21864289363,2020.26229508197,192000
9,5,0.043652188337033,642901.4058948,730524.989851784,642827.619418556,730558.921742627,0.071575876120033,0.027923687783,2020.21864289363,2020.26229508197,192000
