node1,node2,length,startLat,startLon,endLat,endLon,endNodeL,startNodeL,startYear,endYear,treeID
6,7,0.02510175376,653099.195820301,734643.499106799,653971.562820486,735578.214458135,0.02510175376,0,2020.15784658011,2020.18294833387,764000
6,8,0.000162146672500002,653099.195820301,734643.499106799,653073.469342882,734669.115527588,0.000162146672500002,0,2020.15784658011,2020.15800872678,764000
7,1,0.07115002679,653971.562820486,735578.214458135,646444.156327348,735956.543014309,0.09625178055,0.02510175376,2020.18294833387,2020.25409836066,764000
7,2,0.000111775421599999,653971.562820486,735578.214458135,653973.281993078,735569.831548714,0.0252135291816,0.02510175376,2020.18294833387,2020.18306010929,764000
8,3,0.0168546612,653073.469342882,734669.115527588,646790.24708192,745012.319407183,0.0170168078725,0.000162146672500002,2020.15800872678,2020.17486338798,764000
8,9,0.01379279651,653073.469342882,734669.115527588,634790.698795351,726917.131425984,0.0139549431825,0.000162146672500002,2020.15800872678,2020.17180152329,764000
9,4,0.005794105131,634790.698795351,726917.131425984,635182.405974618,727659.563192284,0.0197490483135,0.0139549431825,2020.17180152329,2020.17759562842,764000
9,5,0.000329624256299996,634790.698795351,726917.131425984,616443.504790455,650028.21605081,0.0142845674388,0.0139549431825,2020.17180152329,2020.17213114755,764000
