node1,node2,length,startLat,startLon,endLat,endLon,endNodeL,startNodeL,startYear,endYear,treeID
4,1,0.0467959890599322,646287.337259983,577941.87522795,666620.555758804,649935.429432172,0.0467959890599322,0,2020.17724772678,2020.22404371584,735000
4,5,0.035559,646287.337259983,577941.87522795,646585.203511483,578196.495724111,0.035559,0,2020.17724772678,2020.21280672678,735000
5,2,0.0167014699399322,646585.203511483,578196.495724111,648482.224462685,578586.422219542,0.0522604699399322,0.035559,2020.21280672678,2020.22950819672,735000
5,3,0.0167014699399322,646585.203511483,578196.495724111,643771.505820132,575988.083409213,0.0522604699399322,0.035559,2020.21280672678,2020.22950819672,735000
