node1,node2,length,startLat,startLon,endLat,endLon,endNodeL,startNodeL,startYear,endYear,treeID
4,1,0.0467959890599322,666829.435064766,650152.058791061,666620.555758804,649935.429432172,0.0467959890599322,0,2020.17724772678,2020.22404371584,1084000
4,5,0.035559,666829.435064766,650152.058791061,643262.529058689,575551.262611626,0.035559,0,2020.17724772678,2020.21280672678,1084000
5,2,0.0167014699399322,643262.529058689,575551.262611626,648482.224462685,578586.422219542,0.0522604699399322,0.035559,2020.21280672678,2020.22950819672,1084000
5,3,0.0167014699399322,643262.529058689,575551.262611626,643771.505820132,575988.083409213,0.0522604699399322,0.035559,2020.21280672678,2020.22950819672,1084000
