node1,node2,length,startLat,startLon,endLat,endLon,endNodeL,startNodeL,startYear,endYear,treeID
4,1,0.00295781421393667,647280.407630454,741403.943863085,645473.145002033,729638.585465332,0.00295781421393667,0,2020.25387278688,2020.2568306011,7822000
4,5,0.00294,647280.407630454,741403.943863085,647122.861146608,741252.271876213,0.00294,0,2020.25387278688,2020.25681278688,7822000
5,2,1.78142134466732e-05,647122.861146608,741252.271876213,647146.998466518,741322.263431529,0.00295781421344667,0.00294,2020.25681278688,2020.2568306011,7822000
5,3,0.00548229508793667,647122.861146608,741252.271876213,644067.668108405,732458.655300783,0.00842229508793667,0.00294,2020.25681278688,2020.26229508197,7822000
