node1,node2,length,startLat,startLon,endLat,endLon,endNodeL,startNodeL,startYear,endYear,treeID
4,1,0.0467959890599322,666443.156098657,649761.443968078,666620.555758804,649935.429432172,0.0467959890599322,0,2020.17724772678,2020.22404371584,831000
4,5,0.035559,666443.156098657,649761.443968078,643787.250873412,576015.184813363,0.035559,0,2020.17724772678,2020.21280672678,831000
5,2,0.0167014699399322,643787.250873412,576015.184813363,648482.224462685,578586.422219542,0.0522604699399322,0.035559,2020.21280672678,2020.22950819672,831000
5,3,0.0167014699399322,643787.250873412,576015.184813363,643771.505820132,575988.083409213,0.0522604699399322,0.035559,2020.21280672678,2020.22950819672,831000
