node1,node2,length,startLat,startLon,endLat,endLon,endNodeL,startNodeL,startYear,endYear,treeID
4,1,0.00295781421393667,645548.567497694,729720.253767209,645473.145002033,729638.585465332,0.00295781421393667,0,2020.25387278688,2020.2568306011,1918000
4,5,0.00294,645548.567497694,729720.253767209,647148.586493137,741323.208357024,0.00294,0,2020.25387278688,2020.25681278688,1918000
5,2,1.78142134466732e-05,647148.586493137,741323.208357024,647146.998466518,741322.263431529,0.00295781421344667,0.00294,2020.25681278688,2020.2568306011,1918000
5,3,0.00548229508793667,647148.586493137,741323.208357024,644067.668108405,732458.655300783,0.00842229508793667,0.00294,2020.25681278688,2020.26229508197,1918000
