node1,node2,length,startLat,startLon,endLat,endLon,endNodeL,startNodeL,startYear,endYear,treeID
4,1,0.0467959890599322,648864.394652185,578916.373929923,666620.555758804,649935.429432172,0.0467959890599322,0,2020.17724772678,2020.22404371584,523000
4,5,0.035559,648864.394652185,578916.373929923,648623.067929378,578707.659504165,0.035559,0,2020.17724772678,2020.21280672678,523000
5,2,0.0167014699399322,648623.067929378,578707.659504165,648482.224462685,578586.422219542,0.0522604699399322,0.035559,2020.21280672678,2020.22950819672,523000
5,3,0.0167014699399322,648623.067929378,578707.659504165,643771.505820132,575988.083409213,0.0522604699399322,0.035559,2020.21280672678,2020.22950819672,523000
