node1,node2,length,startLat,startLon,endLat,endLon,endNodeL,startNodeL,startYear,endYear,treeID
4,1,0.00295781421393667,646960.000936508,738952.740739467,645473.145002033,729638.585465332,0.00295781421393667,0,2020.25387278688,2020.2568306011,3700000
4,5,0.00294,646960.000936508,738952.740739467,647110.793760743,739413.825738833,0.00294,0,2020.25387278688,2020.25681278688,3700000
5,2,1.78142134466732e-05,647110.793760743,739413.825738833,647146.998466518,741322.263431529,0.00295781421344667,0.00294,2020.25681278688,2020.2568306011,3700000
5,3,0.00548229508793667,647110.793760743,739413.825738833,644067.668108405,732458.655300783,0.00842229508793667,0.00294,2020.25681278688,2020.26229508197,3700000
