node1,node2,length,startLat,startLon,endLat,endLon,endNodeL,startNodeL,startYear,endYear,treeID
4,1,0.0467959890599322,648788.432972465,578701.771314229,666620.555758804,649935.429432172,0.0467959890599322,0,2020.17724772678,2020.22404371584,475000
4,5,0.035559,648788.432972465,578701.771314229,648924.530018952,578867.990270108,0.035559,0,2020.17724772678,2020.21280672678,475000
5,2,0.0167014699399322,648924.530018952,578867.990270108,648482.224462685,578586.422219542,0.0522604699399322,0.035559,2020.21280672678,2020.22950819672,475000
5,3,0.0167014699399322,648924.530018952,578867.990270108,643771.505820132,575988.083409213,0.0522604699399322,0.035559,2020.21280672678,2020.22950819672,475000
