node1,node2,length,startLat,startLon,endLat,endLon,endNodeL,startNodeL,startYear,endYear,treeID
4,1,0.0467959890599322,648477.764654401,578605.536237945,666620.555758804,649935.429432172,0.0467959890599322,0,2020.17724772678,2020.22404371584,230000
4,5,0.035559,648477.764654401,578605.536237945,648403.194012089,578517.231672295,0.035559,0,2020.17724772678,2020.21280672678,230000
5,2,0.0167014699399322,648403.194012089,578517.231672295,648482.224462685,578586.422219542,0.0522604699399322,0.035559,2020.21280672678,2020.22950819672,230000
5,3,0.0167014699399322,648403.194012089,578517.231672295,643771.505820132,575988.083409213,0.0522604699399322,0.035559,2020.21280672678,2020.22950819672,230000
