node1,node2,length,startLat,startLon,endLat,endLon,endNodeL,startNodeL,startYear,endYear,treeID
4,1,0.0467959890599322,649010.352184781,579084.179890146,666620.555758804,649935.429432172,0.0467959890599322,0,2020.17724772678,2020.22404371584,940000
4,5,0.035559,649010.352184781,579084.179890146,648762.628270124,578846.324279324,0.035559,0,2020.17724772678,2020.21280672678,940000
5,2,0.0167014699399322,648762.628270124,578846.324279324,648482.224462685,578586.422219542,0.0522604699399322,0.035559,2020.21280672678,2020.22950819672,940000
5,3,0.0167014699399322,648762.628270124,578846.324279324,643771.505820132,575988.083409213,0.0522604699399322,0.035559,2020.21280672678,2020.22950819672,940000
