node1,node2,length,startLat,startLon,endLat,endLon,endNodeL,startNodeL,startYear,endYear,treeID
4,1,0.0467959890599322,666831.521935046,650121.719807622,666620.555758804,649935.429432172,0.0467959890599322,0,2020.17724772678,2020.22404371584,583000
4,5,0.035559,666831.521935046,650121.719807622,643619.977488751,575751.316033788,0.035559,0,2020.17724772678,2020.21280672678,583000
5,2,0.0167014699399322,643619.977488751,575751.316033788,648482.224462685,578586.422219542,0.0522604699399322,0.035559,2020.21280672678,2020.22950819672,583000
5,3,0.0167014699399322,643619.977488751,575751.316033788,643771.505820132,575988.083409213,0.0522604699399322,0.035559,2020.21280672678,2020.22950819672,583000
