node1,node2,length,startLat,startLon,endLat,endLon,endNodeL,startNodeL,startYear,endYear,treeID
6,7,0.000100295111099998,646974.429015391,735294.054622104,647200.535622784,736651.206727205,0.000100295111099998,0,2020.20742849686,2020.20752879197,315000
6,8,0.000100295111099998,646974.429015391,735294.054622104,647200.535622784,736651.206727205,0.000100295111099998,0,2020.20742849686,2020.20752879197,315000
7,1,0.05203404956,647200.535622784,736651.206727205,648949.210202702,734135.589034909,0.0521343446711,0.000100295111099998,2020.20752879197,2020.25956284153,315000
7,2,0.03564060693,647200.535622784,736651.206727205,648800.915535269,742020.662823917,0.0357409020411,0.000100295111099998,2020.20752879197,2020.2431693989,315000
8,3,0.01378268344,647200.535622784,736651.206727205,643773.982234863,736831.556474498,0.0138829785511,0.000100295111099998,2020.20752879197,2020.22131147541,315000
8,9,0.007679328005,647200.535622784,736651.206727205,647054.015198439,735350.074478218,0.0077796231161,0.000100295111099998,2020.20752879197,2020.21520811997,315000
9,4,0.02796127893,647054.015198439,735350.074478218,643793.051666392,718956.970261427,0.0357409020461,0.0077796231161,2020.21520811997,2020.2431693989,315000
9,5,0.003371114992,647054.015198439,735350.074478218,646973.830197876,735697.836069259,0.0111507381081,0.0077796231161,2020.21520811997,2020.21857923497,315000
