node1,node2,length,startLat,startLon,endLat,endLon,endNodeL,startNodeL,startYear,endYear,treeID
6,7,0.000100295111099998,643830.400537585,736861.695408242,643811.799194065,736859.918836132,0.000100295111099998,0,2020.20742849686,2020.20752879197,777000
6,8,0.000100295111099998,643830.400537585,736861.695408242,643811.799194065,736859.918836132,0.000100295111099998,0,2020.20742849686,2020.20752879197,777000
7,1,0.05203404956,643811.799194065,736859.918836132,648949.210202702,734135.589034909,0.0521343446711,0.000100295111099998,2020.20752879197,2020.25956284153,777000
7,2,0.03564060693,643811.799194065,736859.918836132,648800.915535269,742020.662823917,0.0357409020411,0.000100295111099998,2020.20752879197,2020.2431693989,777000
8,3,0.01378268344,643811.799194065,736859.918836132,643773.982234863,736831.556474498,0.0138829785511,0.000100295111099998,2020.20752879197,2020.22131147541,777000
8,9,0.007679328005,643811.799194065,736859.918836132,647098.532207614,735812.884239815,0.0077796231161,0.000100295111099998,2020.20752879197,2020.21520811997,777000
9,4,0.02796127893,647098.532207614,735812.884239815,643793.051666392,718956.970261427,0.0357409020461,0.0077796231161,2020.21520811997,2020.2431693989,777000
9,5,0.003371114992,647098.532207614,735812.884239815,646973.830197876,735697.836069259,0.0111507381081,0.0077796231161,2020.21520811997,2020.21857923497,777000
