node1,node2,length,startLat,startLon,endLat,endLon,endNodeL,startNodeL,startYear,endYear,treeID
6,7,0.000100295111099998,643638.281061991,736785.707243229,643609.266606982,736749.727016732,0.000100295111099998,0,2020.20742849686,2020.20752879197,680000
6,8,0.000100295111099998,643638.281061991,736785.707243229,643609.266606982,736749.727016732,0.000100295111099998,0,2020.20742849686,2020.20752879197,680000
7,1,0.05203404956,643609.266606982,736749.727016732,648949.210202702,734135.589034909,0.0521343446711,0.000100295111099998,2020.20752879197,2020.25956284153,680000
7,2,0.03564060693,643609.266606982,736749.727016732,648800.915535269,742020.662823917,0.0357409020411,0.000100295111099998,2020.20752879197,2020.2431693989,680000
8,3,0.01378268344,643609.266606982,736749.727016732,643773.982234863,736831.556474498,0.0138829785511,0.000100295111099998,2020.20752879197,2020.22131147541,680000
8,9,0.007679328005,643609.266606982,736749.727016732,646334.998008847,734745.614115729,0.0077796231161,0.000100295111099998,2020.20752879197,2020.21520811997,680000
9,4,0.02796127893,646334.998008847,734745.614115729,643793.051666392,718956.970261427,0.0357409020461,0.0077796231161,2020.21520811997,2020.2431693989,680000
9,5,0.003371114992,646334.998008847,734745.614115729,646973.830197876,735697.836069259,0.0111507381081,0.0077796231161,2020.21520811997,2020.21857923497,680000
