node1,node2,length,startLat,startLon,endLat,endLon,endNodeL,startNodeL,startYear,endYear,treeID
6,7,0.000100295111099998,646214.233672129,735516.027306798,646212.33118644,735529.199293723,0.000100295111099998,0,2020.20742849686,2020.20752879197,410000
6,8,0.000100295111099998,646214.233672129,735516.027306798,646212.33118644,735529.199293723,0.000100295111099998,0,2020.20742849686,2020.20752879197,410000
7,1,0.05203404956,646212.33118644,735529.199293723,648949.210202702,734135.589034909,0.0521343446711,0.000100295111099998,2020.20752879197,2020.25956284153,410000
7,2,0.03564060693,646212.33118644,735529.199293723,648800.915535269,742020.662823917,0.0357409020411,0.000100295111099998,2020.20752879197,2020.2431693989,410000
8,3,0.01378268344,646212.33118644,735529.199293723,643773.982234863,736831.556474498,0.0138829785511,0.000100295111099998,2020.20752879197,2020.22131147541,410000
8,9,0.007679328005,646212.33118644,735529.199293723,646702.021518882,735715.129260608,0.0077796231161,0.000100295111099998,2020.20752879197,2020.21520811997,410000
9,4,0.02796127893,646702.021518882,735715.129260608,643793.051666392,718956.970261427,0.0357409020461,0.0077796231161,2020.21520811997,2020.2431693989,410000
9,5,0.003371114992,646702.021518882,735715.129260608,646973.830197876,735697.836069259,0.0111507381081,0.0077796231161,2020.21520811997,2020.21857923497,410000
