node1,node2,length,startLat,startLon,endLat,endLon,endNodeL,startNodeL,startYear,endYear,treeID
4,1,0.0197479539798,677539.155530065,680955.889619788,677886.177741271,681370.450708101,0.0197479539798,0,2020.14691871269,2020.16666666667,571000
4,5,0.000141241900200002,677539.155530065,680955.889619788,677033.8721868,680598.300067552,0.000141241900200002,0,2020.14691871269,2020.14705995459,571000
5,2,0.0196067120798,677033.8721868,680598.300067552,678470.013312407,683058.486241802,0.01974795398,0.000141241900200002,2020.14705995459,2020.16666666667,571000
5,3,0.0168744716398,677033.8721868,680598.300067552,709751.277107501,638290.015000033,0.01701571354,0.000141241900200002,2020.14705995459,2020.16393442623,571000
