node1,node2,length,startLat,startLon,endLat,endLon,endNodeL,startNodeL,startYear,endYear,treeID
4,1,0.0197479539798,677335.70926112,681044.911084732,677886.177741271,681370.450708101,0.0197479539798,0,2020.14691871269,2020.16666666667,228000
4,5,0.000141241900200002,677335.70926112,681044.911084732,677311.005776555,681019.195730431,0.000141241900200002,0,2020.14691871269,2020.14705995459,228000
5,2,0.0196067120798,677311.005776555,681019.195730431,678470.013312407,683058.486241802,0.01974795398,0.000141241900200002,2020.14705995459,2020.16666666667,228000
5,3,0.0168744716398,677311.005776555,681019.195730431,709751.277107501,638290.015000033,0.01701571354,0.000141241900200002,2020.14705995459,2020.16393442623,228000
