node1,node2,length,startLat,startLon,endLat,endLon,endNodeL,startNodeL,startYear,endYear,treeID
4,3,0.00562640426459256,632762.392288585,758660.350092465,629791.648451151,756146.221044119,0.00562640426459256,0,2020.25940091814,2020.26502732241,8200000
4,5,0.000121868740699999,632762.392288585,758660.350092465,632677.471239283,758582.854558237,0.000121868740699999,0,2020.25940091814,2020.25952278689,8200000
5,1,4.00546492325682e-05,632677.471239283,758582.854558237,632654.798289382,758561.519013621,0.000161923389932567,0.000121868740699999,2020.25952278689,2020.25956284153,8200000
5,2,0.0984007103845926,632677.471239283,758582.854558237,640889.821340161,755372.974307045,0.0985225791252926,0.000121868740699999,2020.25952278689,2020.35792349727,8200000
