node1,node2,length,startLat,startLon,endLat,endLon,endNodeL,startNodeL,startYear,endYear,treeID
9,1,2.19999999999942e-05,638288.363869143,770858.463302441,638342.365206904,770787.908618678,2.19999999999942e-05,0,2020.16391242623,2020.16393442623,3520000
9,10,0.00849,638288.363869143,770858.463302441,644743.58524676,759174.254543818,0.00849,0,2020.16391242623,2020.17240242623,3520000
10,11,0.00244,644743.58524676,759174.254543818,644188.81058975,760173.140483924,0.01093,0.00849,2020.17240242623,2020.17484242623,3520000
10,12,0.01337,644743.58524676,759174.254543818,650926.484007368,743885.314546442,0.02186,0.00849,2020.17240242623,2020.18577242623,3520000
11,2,0.00275289617003015,644188.81058975,760173.140483924,653499.721368531,760313.572091665,0.0136828961700301,0.01093,2020.17484242623,2020.1775953224,3520000
11,3,2.08961700301491e-05,644188.81058975,760173.140483924,644328.116767948,760083.212471651,0.0109508961700301,0.01093,2020.17484242623,2020.1748633224,3520000
12,4,1.98961700301342e-05,650926.484007368,743885.314546442,650777.196483673,743982.01764556,0.0218798961700301,0.02186,2020.18577242623,2020.1857923224,3520000
12,13,0.01122,650926.484007368,743885.314546442,640680.986463137,756999.545326417,0.03308,0.02186,2020.18577242623,2020.19699242623,3520000
13,14,0.00244,640680.986463137,756999.545326417,644188.81058975,760173.140483924,0.03552,0.03308,2020.19699242623,2020.19943242623,3520000
13,15,0.00832,640680.986463137,756999.545326417,614690.871476611,770270.975006048,0.0414,0.03308,2020.19699242623,2020.20531242623,3520000
14,6,2.08961700301491e-05,644188.81058975,760173.140483924,661283.761418774,754693.907387243,0.0355408961700301,0.03552,2020.19943242623,2020.1994533224,3520000
14,5,2.08961700301491e-05,644188.81058975,760173.140483924,643303.267765298,771679.734280998,0.0355408961700301,0.03552,2020.19943242623,2020.1994533224,3520000
15,7,0.00233689617003014,614690.871476611,770270.975006048,611789.585609064,781623.756248252,0.0437368961700301,0.0414,2020.20531242623,2020.2076493224,3520000
15,8,0.0597148961700301,614690.871476611,770270.975006048,650002.13291104,732988.073192809,0.10111489617003,0.0414,2020.20531242623,2020.2650273224,3520000
