node1,node2,length,startLat,startLon,endLat,endLon,endNodeL,startNodeL,startYear,endYear,treeID
9,1,2.19999999999942e-05,638519.094316942,770544.506656921,638342.365206904,770787.908618678,2.19999999999942e-05,0,2020.16391242623,2020.16393442623,1747000
9,10,0.00849,638519.094316942,770544.506656921,645308.355975997,756204.117021922,0.00849,0,2020.16391242623,2020.17240242623,1747000
10,11,0.00244,645308.355975997,756204.117021922,644449.022348726,759959.825922237,0.01093,0.00849,2020.17240242623,2020.17484242623,1747000
10,12,0.01337,645308.355975997,756204.117021922,651196.745008229,743291.835059743,0.02186,0.00849,2020.17240242623,2020.18577242623,1747000
11,2,0.00275289617003015,644449.022348726,759959.825922237,653499.721368531,760313.572091665,0.0136828961700301,0.01093,2020.17484242623,2020.1775953224,1747000
11,3,2.08961700301491e-05,644449.022348726,759959.825922237,644328.116767948,760083.212471651,0.0109508961700301,0.01093,2020.17484242623,2020.1748633224,1747000
12,4,1.98961700301342e-05,651196.745008229,743291.835059743,650777.196483673,743982.01764556,0.0218798961700301,0.02186,2020.18577242623,2020.1857923224,1747000
12,13,0.01122,651196.745008229,743291.835059743,653181.563172976,742014.01675404,0.03308,0.02186,2020.18577242623,2020.19699242623,1747000
13,14,0.00244,653181.563172976,742014.01675404,644449.022348726,759959.825922237,0.03552,0.03308,2020.19699242623,2020.19943242623,1747000
13,15,0.00832,653181.563172976,742014.01675404,656474.285055193,737295.153903033,0.0414,0.03308,2020.19699242623,2020.20531242623,1747000
14,6,2.08961700301491e-05,644449.022348726,759959.825922237,661283.761418774,754693.907387243,0.0355408961700301,0.03552,2020.19943242623,2020.1994533224,1747000
14,5,2.08961700301491e-05,644449.022348726,759959.825922237,643303.267765298,771679.734280998,0.0355408961700301,0.03552,2020.19943242623,2020.1994533224,1747000
15,7,0.00233689617003014,656474.285055193,737295.153903033,611789.585609064,781623.756248252,0.0437368961700301,0.0414,2020.20531242623,2020.2076493224,1747000
15,8,0.0597148961700301,656474.285055193,737295.153903033,650002.13291104,732988.073192809,0.10111489617003,0.0414,2020.20531242623,2020.2650273224,1747000
