node1,node2,length,startLat,startLon,endLat,endLon,endNodeL,startNodeL,startYear,endYear,treeID
9,1,2.19999999999942e-05,638220.457735704,770951.855330791,638342.365206904,770787.908618678,2.19999999999942e-05,0,2020.16391242623,2020.16393442623,5905000
9,10,0.00849,638220.457735704,770951.855330791,645544.901243506,758738.816973453,0.00849,0,2020.16391242623,2020.17240242623,5905000
10,11,0.00244,645544.901243506,758738.816973453,644285.593542299,760069.901856498,0.01093,0.00849,2020.17240242623,2020.17484242623,5905000
10,12,0.01337,645544.901243506,758738.816973453,650762.245102555,744061.901505595,0.02186,0.00849,2020.17240242623,2020.18577242623,5905000
11,2,0.00275289617003015,644285.593542299,760069.901856498,653499.721368531,760313.572091665,0.0136828961700301,0.01093,2020.17484242623,2020.1775953224,5905000
11,3,2.08961700301491e-05,644285.593542299,760069.901856498,644328.116767948,760083.212471651,0.0109508961700301,0.01093,2020.17484242623,2020.1748633224,5905000
12,4,1.98961700301342e-05,650762.245102555,744061.901505595,650777.196483673,743982.01764556,0.0218798961700301,0.02186,2020.18577242623,2020.1857923224,5905000
12,13,0.01122,650762.245102555,744061.901505595,637875.922432557,762664.098903651,0.03308,0.02186,2020.18577242623,2020.19699242623,5905000
13,14,0.00244,637875.922432557,762664.098903651,644285.593542299,760069.901856498,0.03552,0.03308,2020.19699242623,2020.19943242623,5905000
13,15,0.00832,637875.922432557,762664.098903651,635526.611636278,765851.897463502,0.0414,0.03308,2020.19699242623,2020.20531242623,5905000
14,6,2.08961700301491e-05,644285.593542299,760069.901856498,661283.761418774,754693.907387243,0.0355408961700301,0.03552,2020.19943242623,2020.1994533224,5905000
14,5,2.08961700301491e-05,644285.593542299,760069.901856498,643303.267765298,771679.734280998,0.0355408961700301,0.03552,2020.19943242623,2020.1994533224,5905000
15,7,0.00233689617003014,635526.611636278,765851.897463502,611789.585609064,781623.756248252,0.0437368961700301,0.0414,2020.20531242623,2020.2076493224,5905000
15,8,0.0597148961700301,635526.611636278,765851.897463502,650002.13291104,732988.073192809,0.10111489617003,0.0414,2020.20531242623,2020.2650273224,5905000
