node1,node2,length,startLat,startLon,endLat,endLon,endNodeL,startNodeL,startYear,endYear,treeID
9,1,2.19999999999942e-05,638232.436434071,771107.965027498,638342.365206904,770787.908618678,2.19999999999942e-05,0,2020.16391242623,2020.16393442623,8281000
9,10,0.00849,638232.436434071,771107.965027498,644074.588341407,761118.544250331,0.00849,0,2020.16391242623,2020.17240242623,8281000
10,11,0.00244,644074.588341407,761118.544250331,644512.112532406,759658.940619722,0.01093,0.00849,2020.17240242623,2020.17484242623,8281000
10,12,0.01337,644074.588341407,761118.544250331,650865.151165672,743520.688402051,0.02186,0.00849,2020.17240242623,2020.18577242623,8281000
11,2,0.00275289617003015,644512.112532406,759658.940619722,653499.721368531,760313.572091665,0.0136828961700301,0.01093,2020.17484242623,2020.1775953224,8281000
11,3,2.08961700301491e-05,644512.112532406,759658.940619722,644328.116767948,760083.212471651,0.0109508961700301,0.01093,2020.17484242623,2020.1748633224,8281000
12,4,1.98961700301342e-05,650865.151165672,743520.688402051,650777.196483673,743982.01764556,0.0218798961700301,0.02186,2020.18577242623,2020.1857923224,8281000
12,13,0.01122,650865.151165672,743520.688402051,644296.805803073,769003.432621481,0.03308,0.02186,2020.18577242623,2020.19699242623,8281000
13,14,0.00244,644296.805803073,769003.432621481,644512.112532406,759658.940619722,0.03552,0.03308,2020.19699242623,2020.19943242623,8281000
13,15,0.00832,644296.805803073,769003.432621481,612953.409995389,780255.463924225,0.0414,0.03308,2020.19699242623,2020.20531242623,8281000
14,6,2.08961700301491e-05,644512.112532406,759658.940619722,661283.761418774,754693.907387243,0.0355408961700301,0.03552,2020.19943242623,2020.1994533224,8281000
14,5,2.08961700301491e-05,644512.112532406,759658.940619722,643303.267765298,771679.734280998,0.0355408961700301,0.03552,2020.19943242623,2020.1994533224,8281000
15,7,0.00233689617003014,612953.409995389,780255.463924225,611789.585609064,781623.756248252,0.0437368961700301,0.0414,2020.20531242623,2020.2076493224,8281000
15,8,0.0597148961700301,612953.409995389,780255.463924225,650002.13291104,732988.073192809,0.10111489617003,0.0414,2020.20531242623,2020.2650273224,8281000
