node1,node2,length,startLat,startLon,endLat,endLon,endNodeL,startNodeL,startYear,endYear,treeID
6,7,0.000214376064899997,649551.261793387,739542.683267656,649442.862151057,739562.924591149,0.000214376064899997,0,2020.19860135071,2020.19881572678,875000
6,8,0.000214376064899997,649551.261793387,739542.683267656,649442.862151057,739562.924591149,0.000214376064899997,0,2020.19860135071,2020.19881572678,875000
7,1,0.00337006556987685,649442.862151057,739562.924591149,650471.300030527,739799.162051934,0.00358444163477685,0.000214376064899997,2020.19881572678,2020.20218579235,875000
7,2,0.00337006556987685,649442.862151057,739562.924591149,646417.975452821,733869.472332551,0.00358444163477685,0.000214376064899997,2020.19881572678,2020.20218579235,875000
8,3,0.00337006556987685,649442.862151057,739562.924591149,649713.434671532,739543.730064984,0.00358444163477685,0.000214376064899997,2020.19881572678,2020.20218579235,875000
8,9,0.00590084685800001,649442.862151057,739562.924591149,648434.977305362,738976.670662608,0.0061152229229,0.000214376064899997,2020.19881572678,2020.20471657363,875000
9,4,0.0548462678958768,648434.977305362,738976.670662608,650513.556542746,732516.084016474,0.0609614908187769,0.0061152229229,2020.20471657363,2020.25956284153,875000
9,5,0.000201459149176846,648434.977305362,738976.670662608,642745.986766026,737655.851454544,0.00631668207207685,0.0061152229229,2020.20471657363,2020.20491803278,875000
