node1,node2,length,startLat,startLon,endLat,endLon,endNodeL,startNodeL,startYear,endYear,treeID
4,1,0.021763,646848.288901294,734438.846083,644107.601292089,737707.589729516,0.021763,0,2020.18042279235,2020.20218579235,6643000
4,5,0.019,646848.288901294,734438.846083,645567.304464737,732916.097492983,0.019,0,2020.18042279235,2020.19942279235,6643000
5,2,0.0546755683099446,645567.304464737,732916.097492983,635868.408763382,733214.531552291,0.0736755683099446,0.019,2020.19942279235,2020.25409836066,6643000
5,3,3.05683099446133e-05,645567.304464737,732916.097492983,645496.130779693,732833.298234528,0.0190305683099446,0.019,2020.19942279235,2020.19945336066,6643000
