node1,node2,length,startLat,startLon,endLat,endLon,endNodeL,startNodeL,startYear,endYear,treeID
4,1,0.021763,645684.498508813,746775.297878095,644107.601292089,737707.589729516,0.021763,0,2020.18042279235,2020.20218579235,5644000
4,5,0.019,645684.498508813,746775.297878095,645445.57341683,732881.935912016,0.019,0,2020.18042279235,2020.19942279235,5644000
5,2,0.0546755683099446,645445.57341683,732881.935912016,635868.408763382,733214.531552291,0.0736755683099446,0.019,2020.19942279235,2020.25409836066,5644000
5,3,3.05683099446133e-05,645445.57341683,732881.935912016,645496.130779693,732833.298234528,0.0190305683099446,0.019,2020.19942279235,2020.19945336066,5644000
