node1,node2,length,startLat,startLon,endLat,endLon,endNodeL,startNodeL,startYear,endYear,treeID
6,7,0.000214376064899997,650197.306839683,739658.091997773,650471.308918758,739854.499463077,0.000214376064899997,0,2020.19860135071,2020.19881572678,336000
6,8,0.000214376064899997,650197.306839683,739658.091997773,650471.308918758,739854.499463077,0.000214376064899997,0,2020.19860135071,2020.19881572678,336000
7,1,0.00337006556987685,650471.308918758,739854.499463077,650471.300030527,739799.162051934,0.00358444163477685,0.000214376064899997,2020.19881572678,2020.20218579235,336000
7,2,0.00337006556987685,650471.308918758,739854.499463077,646417.975452821,733869.472332551,0.00358444163477685,0.000214376064899997,2020.19881572678,2020.20218579235,336000
8,3,0.00337006556987685,650471.308918758,739854.499463077,649713.434671532,739543.730064984,0.00358444163477685,0.000214376064899997,2020.19881572678,2020.20218579235,336000
8,9,0.00590084685800001,650471.308918758,739854.499463077,642751.74970659,737663.97829034,0.0061152229229,0.000214376064899997,2020.19881572678,2020.20471657363,336000
9,4,0.0548462678958768,642751.74970659,737663.97829034,650513.556542746,732516.084016474,0.0609614908187769,0.0061152229229,2020.20471657363,2020.25956284153,336000
9,5,0.000201459149176846,642751.74970659,737663.97829034,642745.986766026,737655.851454544,0.00631668207207685,0.0061152229229,2020.20471657363,2020.20491803278,336000
