node1,node2,length,startLat,startLon,endLat,endLon,endNodeL,startNodeL,startYear,endYear,treeID
9,1,6.16393386501379e-05,644796.922238058,766439.141541632,644067.010500217,766130.379347285,6.16393386501379e-05,0,2020.16387278689,2020.16393442622,5320000
9,10,0.00813,644796.922238058,766439.141541632,642850.4279332,761678.696134837,0.00813,0,2020.16387278689,2020.17200278689,5320000
10,11,0.0028,642850.4279332,761678.696134837,645248.633927111,760041.748114189,0.01093,0.00813,2020.17200278689,2020.17480278689,5320000
10,12,0.01086,642850.4279332,761678.696134837,652001.550113707,741314.480213673,0.01899,0.00813,2020.17200278689,2020.18286278689,5320000
11,2,0.00279284152434014,645248.633927111,760041.748114189,653957.485229848,760497.337814724,0.0137228415243401,0.01093,2020.17480278689,2020.17759562841,5320000
11,3,6.06010871601476e-05,645248.633927111,760041.748114189,645378.973955078,760077.971830968,0.0109906010871601,0.01093,2020.17480278689,2020.17486338797,5320000
12,4,0.00292956283634013,652001.550113707,741314.480213673,651525.098779223,742253.58649542,0.0219195628363401,0.01899,2020.18286278689,2020.18579234972,5320000
12,13,0.01359,652001.550113707,741314.480213673,652592.879057694,732392.453832242,0.03258,0.01899,2020.18286278689,2020.19645278689,5320000
13,14,0.00294,652592.879057694,732392.453832242,662131.79876229,754842.023509609,0.03552,0.03258,2020.19645278689,2020.19939278689,5320000
13,15,0.00822,652592.879057694,732392.453832242,645593.686317921,726920.421769927,0.0408,0.03258,2020.19645278689,2020.20467278689,5320000
14,6,6.07650215201372e-05,662131.79876229,754842.023509609,662087.710000271,755193.034201346,0.0355807650215201,0.03552,2020.19939278689,2020.19945355191,5320000
14,5,6.07650215201372e-05,662131.79876229,754842.023509609,639151.618062807,772839.649410064,0.0355807650215201,0.03552,2020.19939278689,2020.19945355191,5320000
15,7,0.00297748633334014,645593.686317921,726920.421769927,614258.951214717,778734.663002706,0.0437774863333401,0.0408,2020.20467278689,2020.20765027322,5320000
15,8,0.0603545355143401,645593.686317921,726920.421769927,650383.086033655,732686.7879305,0.10115453551434,0.0408,2020.20467278689,2020.2650273224,5320000
