node1,node2,length,startLat,startLon,endLat,endLon,endNodeL,startNodeL,startYear,endYear,treeID
4,1,0.021763,646410.164820623,733878.332811682,644107.601292089,737707.589729516,0.021763,0,2020.18042279235,2020.20218579235,9433000
4,5,0.019,646410.164820623,733878.332811682,645484.255941912,732819.061325583,0.019,0,2020.18042279235,2020.19942279235,9433000
5,2,0.0546755683099446,645484.255941912,732819.061325583,635868.408763382,733214.531552291,0.0736755683099446,0.019,2020.19942279235,2020.25409836066,9433000
5,3,3.05683099446133e-05,645484.255941912,732819.061325583,645496.130779693,732833.298234528,0.0190305683099446,0.019,2020.19942279235,2020.19945336066,9433000
