node1,node2,length,startLat,startLon,endLat,endLon,endNodeL,startNodeL,startYear,endYear,treeID
6,7,0.000214376064899997,649851.006707268,739690.513808333,649858.504892915,739714.726637673,0.000214376064899997,0,2020.19860135071,2020.19881572678,255000
6,8,0.000214376064899997,649851.006707268,739690.513808333,649858.504892915,739714.726637673,0.000214376064899997,0,2020.19860135071,2020.19881572678,255000
7,1,0.00337006556987685,649858.504892915,739714.726637673,650471.300030527,739799.162051934,0.00358444163477685,0.000214376064899997,2020.19881572678,2020.20218579235,255000
7,2,0.00337006556987685,649858.504892915,739714.726637673,646417.975452821,733869.472332551,0.00358444163477685,0.000214376064899997,2020.19881572678,2020.20218579235,255000
8,3,0.00337006556987685,649858.504892915,739714.726637673,649713.434671532,739543.730064984,0.00358444163477685,0.000214376064899997,2020.19881572678,2020.20218579235,255000
8,9,0.00590084685800001,649858.504892915,739714.726637673,642743.111811015,737643.893916636,0.0061152229229,0.000214376064899997,2020.19881572678,2020.20471657363,255000
9,4,0.0548462678958768,642743.111811015,737643.893916636,650513.556542746,732516.084016474,0.0609614908187769,0.0061152229229,2020.20471657363,2020.25956284153,255000
9,5,0.000201459149176846,642743.111811015,737643.893916636,642745.986766026,737655.851454544,0.00631668207207685,0.0061152229229,2020.20471657363,2020.20491803278,255000
