node1,node2,length,startLat,startLon,endLat,endLon,endNodeL,startNodeL,startYear,endYear,treeID
6,7,0.000214376064899997,650535.94192149,739862.979960206,650609.360020414,739923.061876653,0.000214376064899997,0,2020.19860135071,2020.19881572678,252000
6,8,0.000214376064899997,650535.94192149,739862.979960206,650609.360020414,739923.061876653,0.000214376064899997,0,2020.19860135071,2020.19881572678,252000
7,1,0.00337006556987685,650609.360020414,739923.061876653,650471.300030527,739799.162051934,0.00358444163477685,0.000214376064899997,2020.19881572678,2020.20218579235,252000
7,2,0.00337006556987685,650609.360020414,739923.061876653,646417.975452821,733869.472332551,0.00358444163477685,0.000214376064899997,2020.19881572678,2020.20218579235,252000
8,3,0.00337006556987685,650609.360020414,739923.061876653,649713.434671532,739543.730064984,0.00358444163477685,0.000214376064899997,2020.19881572678,2020.20218579235,252000
8,9,0.00590084685800001,650609.360020414,739923.061876653,647290.922206868,738334.531533486,0.0061152229229,0.000214376064899997,2020.19881572678,2020.20471657363,252000
9,4,0.0548462678958768,647290.922206868,738334.531533486,650513.556542746,732516.084016474,0.0609614908187769,0.0061152229229,2020.20471657363,2020.25956284153,252000
9,5,0.000201459149176846,647290.922206868,738334.531533486,642745.986766026,737655.851454544,0.00631668207207685,0.0061152229229,2020.20471657363,2020.20491803278,252000
