node1,node2,length,startLat,startLon,endLat,endLon,endNodeL,startNodeL,startYear,endYear,treeID
4,1,0.021763,645426.244192709,732701.937157237,644107.601292089,737707.589729516,0.021763,0,2020.18042279235,2020.20218579235,2017000
4,5,0.019,645426.244192709,732701.937157237,645509.571307076,732850.573155598,0.019,0,2020.18042279235,2020.19942279235,2017000
5,2,0.0546755683099446,645509.571307076,732850.573155598,635868.408763382,733214.531552291,0.0736755683099446,0.019,2020.19942279235,2020.25409836066,2017000
5,3,3.05683099446133e-05,645509.571307076,732850.573155598,645496.130779693,732833.298234528,0.0190305683099446,0.019,2020.19942279235,2020.19945336066,2017000
