node1,node2,length,startLat,startLon,endLat,endLon,endNodeL,startNodeL,startYear,endYear,treeID
7,1,0.0463285245900365,647579.266354966,734916.767011303,650703.534230547,738981.399654629,0.0463285245900365,0,2020.15039278689,2020.19672131148,4915000
7,8,0.06794,647579.266354966,734916.767011303,648252.520059876,734148.082780005,0.06794,0,2020.15039278689,2020.21833278689,4915000
8,9,0.00294,648252.520059876,734148.082780005,648310.68209035,734133.234249452,0.07088,0.06794,2020.21833278689,2020.22127278689,4915000
8,10,0.00294,648252.520059876,734148.082780005,648310.68209035,734133.234249452,0.07088,0.06794,2020.21833278689,2020.22127278689,4915000
9,2,3.86885246764501e-05,648310.68209035,734133.234249452,640155.633704582,730093.923511848,0.0709186885246764,0.07088,2020.22127278689,2020.22131147541,4915000
9,3,3.86885246764501e-05,648310.68209035,734133.234249452,648311.412670065,734139.596799053,0.0709186885246764,0.07088,2020.22127278689,2020.22131147541,4915000
10,4,3.86885246764501e-05,648310.68209035,734133.234249452,652123.405273144,705964.614461808,0.0709186885246764,0.07088,2020.22127278689,2020.22131147541,4915000
10,11,0.02186,648310.68209035,734133.234249452,630134.724384531,731505.262528772,0.09274,0.07088,2020.22127278689,2020.24313278689,4915000
11,5,3.66120219164601e-05,630134.724384531,731505.262528772,630144.866035708,731507.376488516,0.0927766120219165,0.09274,2020.24313278689,2020.24316939891,4915000
11,6,0.0164300546400365,630134.724384531,731505.262528772,667533.447119098,650828.156132958,0.109170054640036,0.09274,2020.24313278689,2020.25956284153,4915000
