node1,node2,length,startLat,startLon,endLat,endLon,endNodeL,startNodeL,startYear,endYear,treeID
7,1,0.0463285245900365,641102.570596584,730127.563319453,650703.534230547,738981.399654629,0.0463285245900365,0,2020.15039278689,2020.19672131148,2323000
7,8,0.06794,641102.570596584,730127.563319453,640286.006052024,730185.136486198,0.06794,0,2020.15039278689,2020.21833278689,2323000
8,9,0.00294,640286.006052024,730185.136486198,640157.294240893,730096.363192069,0.07088,0.06794,2020.21833278689,2020.22127278689,2323000
8,10,0.00294,640286.006052024,730185.136486198,640157.294240893,730096.363192069,0.07088,0.06794,2020.21833278689,2020.22127278689,2323000
9,2,3.86885246764501e-05,640157.294240893,730096.363192069,640155.633704582,730093.923511848,0.0709186885246764,0.07088,2020.22127278689,2020.22131147541,2323000
9,3,3.86885246764501e-05,640157.294240893,730096.363192069,648311.412670065,734139.596799053,0.0709186885246764,0.07088,2020.22127278689,2020.22131147541,2323000
10,4,3.86885246764501e-05,640157.294240893,730096.363192069,652123.405273144,705964.614461808,0.0709186885246764,0.07088,2020.22127278689,2020.22131147541,2323000
10,11,0.02186,640157.294240893,730096.363192069,630163.538167662,731488.734316712,0.09274,0.07088,2020.22127278689,2020.24313278689,2323000
11,5,3.66120219164601e-05,630163.538167662,731488.734316712,630144.866035708,731507.376488516,0.0927766120219165,0.09274,2020.24313278689,2020.24316939891,2323000
11,6,0.0164300546400365,630163.538167662,731488.734316712,667533.447119098,650828.156132958,0.109170054640036,0.09274,2020.24313278689,2020.25956284153,2323000
