node1,node2,length,startLat,startLon,endLat,endLon,endNodeL,startNodeL,startYear,endYear,treeID
7,1,0.0463285245900365,649026.091531293,744594.19918107,650703.534230547,738981.399654629,0.0463285245900365,0,2020.15039278689,2020.19672131148,4357000
7,8,0.06794,649026.091531293,744594.19918107,648319.33298815,733416.383686087,0.06794,0,2020.15039278689,2020.21833278689,4357000
8,9,0.00294,648319.33298815,733416.383686087,648312.585259707,734106.550742673,0.07088,0.06794,2020.21833278689,2020.22127278689,4357000
8,10,0.00294,648319.33298815,733416.383686087,648312.585259707,734106.550742673,0.07088,0.06794,2020.21833278689,2020.22127278689,4357000
9,2,3.86885246764501e-05,648312.585259707,734106.550742673,640155.633704582,730093.923511848,0.0709186885246764,0.07088,2020.22127278689,2020.22131147541,4357000
9,3,3.86885246764501e-05,648312.585259707,734106.550742673,648311.412670065,734139.596799053,0.0709186885246764,0.07088,2020.22127278689,2020.22131147541,4357000
10,4,3.86885246764501e-05,648312.585259707,734106.550742673,652123.405273144,705964.614461808,0.0709186885246764,0.07088,2020.22127278689,2020.22131147541,4357000
10,11,0.02186,648312.585259707,734106.550742673,651774.738395819,706717.750609379,0.09274,0.07088,2020.22127278689,2020.24313278689,4357000
11,5,3.66120219164601e-05,651774.738395819,706717.750609379,630144.866035708,731507.376488516,0.0927766120219165,0.09274,2020.24313278689,2020.24316939891,4357000
11,6,0.0164300546400365,651774.738395819,706717.750609379,667533.447119098,650828.156132958,0.109170054640036,0.09274,2020.24313278689,2020.25956284153,4357000
