node1,node2,length,startLat,startLon,endLat,endLon,endNodeL,startNodeL,startYear,endYear,treeID
5,6,0.008497067141,736530.417421911,694562.720354869,735632.86857751,659212.868765266,0.008497067141,0,2020.16618990907,2020.17468697621,889000
5,7,0.00862103778,736530.417421911,694562.720354869,736495.615479491,694827.621585621,0.00862103778,0,2020.16618990907,2020.17481094685,889000
6,1,0.000176411771039999,735632.86857751,659212.868765266,667269.97236736,734615.351304648,0.00867347891204,0.008497067141,2020.17468697621,2020.17486338798,889000
6,2,0.000176411771039999,735632.86857751,659212.868765266,735744.615486837,659244.41072887,0.00867347891204,0.008497067141,2020.17468697621,2020.17486338798,889000
7,3,5.24411320999996e-05,736495.615479491,694827.621585621,736522.286096303,694849.708855293,0.0086734789121,0.00862103778,2020.17481094685,2020.17486338798,889000
7,4,5.24411320999996e-05,736495.615479491,694827.621585621,661133.129120621,645713.407990366,0.0086734789121,0.00862103778,2020.17481094685,2020.17486338798,889000
