node1,node2,length,startLat,startLon,endLat,endLon,endNodeL,startNodeL,startYear,endYear,treeID
4,1,0.0384548876900428,640117.221235836,730375.145038033,640160.559202575,730424.776735415,0.0384548876900428,0,2020.20471451122,2020.24316939891,1085000
4,5,0.01342410712,640117.221235836,730375.145038033,638572.238774401,728616.338907922,0.01342410712,0,2020.20471451122,2020.21813861834,1085000
5,2,0.0414242231900428,638572.238774401,728616.338907922,642383.689066873,732762.730697307,0.0548483303100428,0.01342410712,2020.21813861834,2020.25956284153,1085000
5,3,0.0496209445000428,638572.238774401,728616.338907922,640544.816034726,730262.119768877,0.0630450516200428,0.01342410712,2020.21813861834,2020.26775956284,1085000
