node1,node2,length,startLat,startLon,endLat,endLon,endNodeL,startNodeL,startYear,endYear,treeID
4,1,0.0384548876900428,639668.926187181,729895.209207644,640160.559202575,730424.776735415,0.0384548876900428,0,2020.20471451122,2020.24316939891,286000
4,5,0.01342410712,639668.926187181,729895.209207644,639313.149998493,729490.629455818,0.01342410712,0,2020.20471451122,2020.21813861834,286000
5,2,0.0414242231900428,639313.149998493,729490.629455818,642383.689066873,732762.730697307,0.0548483303100428,0.01342410712,2020.21813861834,2020.25956284153,286000
5,3,0.0496209445000428,639313.149998493,729490.629455818,640544.816034726,730262.119768877,0.0630450516200428,0.01342410712,2020.21813861834,2020.26775956284,286000
