node1,node2,length,startLat,startLon,endLat,endLon,endNodeL,startNodeL,startYear,endYear,treeID
4,1,0.0628495641200143,654457.550509617,743424.264328556,647275.405735201,719815.105675361,0.0628495641200143,0,2020.19398103698,2020.2568306011,744000
4,5,0.02423461977,654457.550509617,743424.264328556,654200.030255378,743132.171868679,0.02423461977,0,2020.19398103698,2020.21821565675,744000
5,2,0.0358827039000143,654200.030255378,743132.171868679,641227.968926675,740176.054930905,0.0601173236700143,0.02423461977,2020.21821565675,2020.25409836065,744000
5,3,0.0468116656500143,654200.030255378,743132.171868679,654099.244255354,743039.347107403,0.0710462854200143,0.02423461977,2020.21821565675,2020.2650273224,744000
