node1,node2,length,startLat,startLon,endLat,endLon,endNodeL,startNodeL,startYear,endYear,treeID
4,1,0.0628495641200143,677182.121526695,768822.1381195,647275.405735201,719815.105675361,0.0628495641200143,0,2020.19398103698,2020.2568306011,792000
4,5,0.02423461977,677182.121526695,768822.1381195,677200.871061741,768843.179981714,0.02423461977,0,2020.19398103698,2020.21821565675,792000
5,2,0.0358827039000143,677200.871061741,768843.179981714,641227.968926675,740176.054930905,0.0601173236700143,0.02423461977,2020.21821565675,2020.25409836065,792000
5,3,0.0468116656500143,677200.871061741,768843.179981714,654099.244255354,743039.347107403,0.0710462854200143,0.02423461977,2020.21821565675,2020.2650273224,792000
