node1,node2,length,startLat,startLon,endLat,endLon,endNodeL,startNodeL,startYear,endYear,treeID
4,1,0.0628495641200143,646667.648836536,720098.630991656,647275.405735201,719815.105675361,0.0628495641200143,0,2020.19398103698,2020.2568306011,954000
4,5,0.02423461977,646667.648836536,720098.630991656,646922.133101375,720966.855262264,0.02423461977,0,2020.19398103698,2020.21821565675,954000
5,2,0.0358827039000143,646922.133101375,720966.855262264,641227.968926675,740176.054930905,0.0601173236700143,0.02423461977,2020.21821565675,2020.25409836065,954000
5,3,0.0468116656500143,646922.133101375,720966.855262264,654099.244255354,743039.347107403,0.0710462854200143,0.02423461977,2020.21821565675,2020.2650273224,954000
