node1,node2,length,startLat,startLon,endLat,endLon,endNodeL,startNodeL,startYear,endYear,treeID
5,6,0.008399887884,661922.615381692,645918.978357635,735719.082767446,659202.689686605,0.008399887884,0,2020.16619072678,2020.17459061466,775000
5,7,0.008576129258,661922.615381692,645918.978357635,661001.048223127,645652.749229555,0.008576129258,0,2020.16619072678,2020.17476685604,775000
6,1,0.000272773318700001,735719.082767446,659202.689686605,667269.97236736,734615.351304648,0.0086726612027,0.008399887884,2020.17459061466,2020.17486338798,775000
6,2,0.000272773318700001,735719.082767446,659202.689686605,735744.615486837,659244.41072887,0.0086726612027,0.008399887884,2020.17459061466,2020.17486338798,775000
7,3,9.653194433e-05,661001.048223127,645652.749229555,736522.286096303,694849.708855293,0.00867266120233,0.008576129258,2020.17476685604,2020.17486338798,775000
7,4,9.653194433e-05,661001.048223127,645652.749229555,661133.129120621,645713.407990366,0.00867266120233,0.008576129258,2020.17476685604,2020.17486338798,775000
