node1,node2,length,startLat,startLon,endLat,endLon,endNodeL,startNodeL,startYear,endYear,treeID
5,6,0.008399887884,734775.84888243,659543.637455532,735573.502157714,659131.982004823,0.008399887884,0,2020.16619072678,2020.17459061466,852000
5,7,0.008576129258,734775.84888243,659543.637455532,661268.126732914,645855.065832273,0.008576129258,0,2020.16619072678,2020.17476685604,852000
6,1,0.000272773318700001,735573.502157714,659131.982004823,667269.97236736,734615.351304648,0.0086726612027,0.008399887884,2020.17459061466,2020.17486338798,852000
6,2,0.000272773318700001,735573.502157714,659131.982004823,735744.615486837,659244.41072887,0.0086726612027,0.008399887884,2020.17459061466,2020.17486338798,852000
7,3,9.653194433e-05,661268.126732914,645855.065832273,736522.286096303,694849.708855293,0.00867266120233,0.008576129258,2020.17476685604,2020.17486338798,852000
7,4,9.653194433e-05,661268.126732914,645855.065832273,661133.129120621,645713.407990366,0.00867266120233,0.008576129258,2020.17476685604,2020.17486338798,852000
