node1,node2,length,startLat,startLon,endLat,endLon,endNodeL,startNodeL,startYear,endYear,treeID
5,6,0.008399887884,744834.980883165,688241.986076926,667286.672045761,734697.791367429,0.008399887884,0,2020.16619072678,2020.17459061466,277000
5,7,0.008576129258,744834.980883165,688241.986076926,736803.650794192,691945.82013438,0.008576129258,0,2020.16619072678,2020.17476685604,277000
6,1,0.000272773318700001,667286.672045761,734697.791367429,667269.97236736,734615.351304648,0.0086726612027,0.008399887884,2020.17459061466,2020.17486338798,277000
6,2,0.000272773318700001,667286.672045761,734697.791367429,735744.615486837,659244.41072887,0.0086726612027,0.008399887884,2020.17459061466,2020.17486338798,277000
7,3,9.653194433e-05,736803.650794192,691945.82013438,736522.286096303,694849.708855293,0.00867266120233,0.008576129258,2020.17476685604,2020.17486338798,277000
7,4,9.653194433e-05,736803.650794192,691945.82013438,661133.129120621,645713.407990366,0.00867266120233,0.008576129258,2020.17476685604,2020.17486338798,277000
