node1,node2,length,startLat,startLon,endLat,endLon,endNodeL,startNodeL,startYear,endYear,treeID
7,1,0.002453,683403.09556171,669146.679563256,665979.024206034,681354.262383147,0.002453,0,2020.22432295628,2020.22677595628,5869000
7,8,0.00516999999999999,683403.09556171,669146.679563256,679830.531915279,681203.393347164,0.00516999999999999,0,2020.22432295628,2020.22949295628,5869000
8,2,1.45792399177391e-05,679830.531915279,681203.393347164,688590.870763747,707430.466092694,0.00518457923991773,0.00516999999999999,2020.22949295628,2020.22950753552,5869000
8,9,0.01366,679830.531915279,681203.393347164,680339.257521823,680840.391111403,0.01883,0.00516999999999999,2020.22949295628,2020.24315295628,5869000
9,10,0.00273,680339.257521823,680840.391111403,621680.769719068,682217.215722774,0.02156,0.01883,2020.24315295628,2020.24588295628,5869000
9,3,1.65792399177411e-05,680339.257521823,680840.391111403,680306.232734784,680846.025079858,0.0188465792399177,0.01883,2020.24315295628,2020.24316953552,5869000
10,11,0.01913,621680.769719068,682217.215722774,685481.856091023,723200.250445086,0.04069,0.02156,2020.24588295628,2020.26501295628,5869000
10,4,1.85792399177431e-05,621680.769719068,682217.215722774,621679.314788925,682213.562829808,0.0215785792399177,0.02156,2020.24588295628,2020.24590153552,5869000
11,5,1.45792399177391e-05,685481.856091023,723200.250445086,685536.311939326,723258.186533308,0.0407045792399177,0.04069,2020.26501295628,2020.26502753552,5869000
11,6,0.0819815792399177,685481.856091023,723200.250445086,729884.608097628,695957.974724877,0.122671579239918,0.04069,2020.26501295628,2020.34699453552,5869000
