node1,node2,length,startLat,startLon,endLat,endLon,endNodeL,startNodeL,startYear,endYear,treeID
7,1,0.002453,665599.395325122,680930.391480622,665979.024206034,681354.262383147,0.002453,0,2020.22432295628,2020.22677595628,3709000
7,8,0.00516999999999999,665599.395325122,680930.391480622,688610.014810986,707458.185506062,0.00516999999999999,0,2020.22432295628,2020.22949295628,3709000
8,2,1.45792399177391e-05,688610.014810986,707458.185506062,688590.870763747,707430.466092694,0.00518457923991773,0.00516999999999999,2020.22949295628,2020.22950753552,3709000
8,9,0.01366,688610.014810986,707458.185506062,688726.257305151,708041.09657581,0.01883,0.00516999999999999,2020.22949295628,2020.24315295628,3709000
9,10,0.00273,688726.257305151,708041.09657581,688288.279592818,707571.920083295,0.02156,0.01883,2020.24315295628,2020.24588295628,3709000
9,3,1.65792399177411e-05,688726.257305151,708041.09657581,680306.232734784,680846.025079858,0.0188465792399177,0.01883,2020.24315295628,2020.24316953552,3709000
10,11,0.01913,688288.279592818,707571.920083295,685543.961269572,723265.436152676,0.04069,0.02156,2020.24588295628,2020.26501295628,3709000
10,4,1.85792399177431e-05,688288.279592818,707571.920083295,621679.314788925,682213.562829808,0.0215785792399177,0.02156,2020.24588295628,2020.24590153552,3709000
11,5,1.45792399177391e-05,685543.961269572,723265.436152676,685536.311939326,723258.186533308,0.0407045792399177,0.04069,2020.26501295628,2020.26502753552,3709000
11,6,0.0819815792399177,685543.961269572,723265.436152676,729884.608097628,695957.974724877,0.122671579239918,0.04069,2020.26501295628,2020.34699453552,3709000
