node1,node2,length,startLat,startLon,endLat,endLon,endNodeL,startNodeL,startYear,endYear,treeID
7,1,0.002453,689006.241289425,707827.423312617,665979.024206034,681354.262383147,0.002453,0,2020.22432295628,2020.22677595628,8056000
7,8,0.00516999999999999,689006.241289425,707827.423312617,688523.567179304,707372.442634252,0.00516999999999999,0,2020.22432295628,2020.22949295628,8056000
8,2,1.45792399177391e-05,688523.567179304,707372.442634252,688590.870763747,707430.466092694,0.00518457923991773,0.00516999999999999,2020.22949295628,2020.22950753552,8056000
8,9,0.01366,688523.567179304,707372.442634252,680332.166610715,680864.57390425,0.01883,0.00516999999999999,2020.22949295628,2020.24315295628,8056000
9,10,0.00273,680332.166610715,680864.57390425,621858.565824433,682148.945932614,0.02156,0.01883,2020.24315295628,2020.24588295628,8056000
9,3,1.65792399177411e-05,680332.166610715,680864.57390425,680306.232734784,680846.025079858,0.0188465792399177,0.01883,2020.24315295628,2020.24316953552,8056000
10,11,0.01913,621858.565824433,682148.945932614,684912.07529186,724886.947499691,0.04069,0.02156,2020.24588295628,2020.26501295628,8056000
10,4,1.85792399177431e-05,621858.565824433,682148.945932614,621679.314788925,682213.562829808,0.0215785792399177,0.02156,2020.24588295628,2020.24590153552,8056000
11,5,1.45792399177391e-05,684912.07529186,724886.947499691,685536.311939326,723258.186533308,0.0407045792399177,0.04069,2020.26501295628,2020.26502753552,8056000
11,6,0.0819815792399177,684912.07529186,724886.947499691,729884.608097628,695957.974724877,0.122671579239918,0.04069,2020.26501295628,2020.34699453552,8056000
