node1,node2,length,startLat,startLon,endLat,endLon,endNodeL,startNodeL,startYear,endYear,treeID
6,1,0.023023,623242.06137572,613929.73028669,621462.01417369,620604.532346784,0.023023,0,2020.18735951366,2020.21038251366,7381000
6,7,0.019203,623242.06137572,613929.73028669,623708.881933599,613598.63214973,0.019203,0,2020.18735951366,2020.20656251366,7381000
7,2,0.0420708469999304,623708.881933599,613598.63214973,657539.412963268,545440.536995205,0.0612738469999304,0.019203,2020.20656251366,2020.24863336066,7381000
7,8,0.01775,623708.881933599,613598.63214973,624487.351146179,611350.028953587,0.036953,0.019203,2020.20656251366,2020.22431251366,7381000
8,5,0.00246284699993037,624487.351146179,611350.028953587,623431.798995666,646915.571713831,0.0394158469999304,0.036953,2020.22431251366,2020.22677536066,7381000
8,9,0.00517,624487.351146179,611350.028953587,624112.831342779,611892.429600694,0.042123,0.036953,2020.22431251366,2020.22948251366,7381000
9,3,2.48469999303697e-05,624112.831342779,611892.429600694,623949.589230053,612004.203828413,0.0421478469999304,0.042123,2020.22948251366,2020.22950736066,7381000
9,4,0.0246158469999304,624112.831342779,611892.429600694,625143.991150846,738324.736095045,0.0667388469999304,0.042123,2020.22948251366,2020.25409836066,7381000
