node1,node2,length,startLat,startLon,endLat,endLon,endNodeL,startNodeL,startYear,endYear,treeID
5,6,0.000315999999999997,660802.057524044,779081.460088819,660748.71054581,778985.19164234,0.000315999999999997,0,2020.20926660109,2020.20958260109,7831000
5,7,0.012036,660802.057524044,779081.460088819,627158.973569019,712377.290117686,0.012036,0,2020.20926660109,2020.22130260109,7831000
6,1,0.047248,660748.71054581,778985.19164234,638352.706029381,741350.463134731,0.047564,0.000315999999999997,2020.20958260109,2020.25683060109,7831000
6,2,0.047248,660748.71054581,778985.19164234,650951.956194052,763906.602280075,0.047564,0.000315999999999997,2020.20958260109,2020.25683060109,7831000
7,3,9.00000000000206e-06,627158.973569019,712377.290117686,627200.31703903,712450.337350459,0.012045,0.012036,2020.22130260109,2020.22131160109,7831000
7,4,9.00000000000206e-06,627158.973569019,712377.290117686,621620.613947002,733338.677581932,0.012045,0.012036,2020.22130260109,2020.22131160109,7831000
