node1,node2,length,startLat,startLon,endLat,endLon,endNodeL,startNodeL,startYear,endYear,treeID
5,6,0.000315999999999997,638432.22377288,740973.043111968,638642.830483946,741444.84757528,0.000315999999999997,0,2020.20926660109,2020.20958260109,6544000
5,7,0.012036,638432.22377288,740973.043111968,637593.614481174,739559.510849311,0.012036,0,2020.20926660109,2020.22130260109,6544000
6,1,0.047248,638642.830483946,741444.84757528,638352.706029381,741350.463134731,0.047564,0.000315999999999997,2020.20958260109,2020.25683060109,6544000
6,2,0.047248,638642.830483946,741444.84757528,650951.956194052,763906.602280075,0.047564,0.000315999999999997,2020.20958260109,2020.25683060109,6544000
7,3,9.00000000000206e-06,637593.614481174,739559.510849311,627200.31703903,712450.337350459,0.012045,0.012036,2020.22130260109,2020.22131160109,6544000
7,4,9.00000000000206e-06,637593.614481174,739559.510849311,621620.613947002,733338.677581932,0.012045,0.012036,2020.22130260109,2020.22131160109,6544000
