node1,node2,length,startLat,startLon,endLat,endLon,endNodeL,startNodeL,startYear,endYear,treeID
5,6,0.000315999999999997,639175.171219859,742377.86637235,639325.952903063,742659.698454232,0.000315999999999997,0,2020.20926660109,2020.20958260109,6634000
5,7,0.012036,639175.171219859,742377.86637235,627203.650706743,712448.80846524,0.012036,0,2020.20926660109,2020.22130260109,6634000
6,1,0.047248,639325.952903063,742659.698454232,638352.706029381,741350.463134731,0.047564,0.000315999999999997,2020.20958260109,2020.25683060109,6634000
6,2,0.047248,639325.952903063,742659.698454232,650951.956194052,763906.602280075,0.047564,0.000315999999999997,2020.20958260109,2020.25683060109,6634000
7,3,9.00000000000206e-06,627203.650706743,712448.80846524,627200.31703903,712450.337350459,0.012045,0.012036,2020.22130260109,2020.22131160109,6634000
7,4,9.00000000000206e-06,627203.650706743,712448.80846524,621620.613947002,733338.677581932,0.012045,0.012036,2020.22130260109,2020.22131160109,6634000
