node1,node2,length,startLat,startLon,endLat,endLon,endNodeL,startNodeL,startYear,endYear,treeID
5,6,0.000315999999999997,621522.233011014,733262.448813063,621518.041971773,733256.446511741,0.000315999999999997,0,2020.20926660109,2020.20958260109,9775000
5,7,0.012036,621522.233011014,733262.448813063,621617.39455466,733337.547816432,0.012036,0,2020.20926660109,2020.22130260109,9775000
6,1,0.047248,621518.041971773,733256.446511741,638352.706029381,741350.463134731,0.047564,0.000315999999999997,2020.20958260109,2020.25683060109,9775000
6,2,0.047248,621518.041971773,733256.446511741,650951.956194052,763906.602280075,0.047564,0.000315999999999997,2020.20958260109,2020.25683060109,9775000
7,3,9.00000000000206e-06,621617.39455466,733337.547816432,627200.31703903,712450.337350459,0.012045,0.012036,2020.22130260109,2020.22131160109,9775000
7,4,9.00000000000206e-06,621617.39455466,733337.547816432,621620.613947002,733338.677581932,0.012045,0.012036,2020.22130260109,2020.22131160109,9775000
