node1,node2,length,startLat,startLon,endLat,endLon,endNodeL,startNodeL,startYear,endYear,treeID
5,6,0.000315999999999997,621589.926736324,733296.820693742,621567.047021255,733269.720665361,0.000315999999999997,0,2020.20926660109,2020.20958260109,9649000
5,7,0.012036,621589.926736324,733296.820693742,621619.300654464,733337.160751082,0.012036,0,2020.20926660109,2020.22130260109,9649000
6,1,0.047248,621567.047021255,733269.720665361,638352.706029381,741350.463134731,0.047564,0.000315999999999997,2020.20958260109,2020.25683060109,9649000
6,2,0.047248,621567.047021255,733269.720665361,650951.956194052,763906.602280075,0.047564,0.000315999999999997,2020.20958260109,2020.25683060109,9649000
7,3,9.00000000000206e-06,621619.300654464,733337.160751082,627200.31703903,712450.337350459,0.012045,0.012036,2020.22130260109,2020.22131160109,9649000
7,4,9.00000000000206e-06,621619.300654464,733337.160751082,621620.613947002,733338.677581932,0.012045,0.012036,2020.22130260109,2020.22131160109,9649000
