node1,node2,length,startLat,startLon,endLat,endLon,endNodeL,startNodeL,startYear,endYear,treeID
5,6,0.000315999999999997,652129.863224291,765572.791907529,652045.116320418,765475.254685148,0.000315999999999997,0,2020.20926660109,2020.20958260109,5725000
5,7,0.012036,652129.863224291,765572.791907529,621622.230297363,733341.118819813,0.012036,0,2020.20926660109,2020.22130260109,5725000
6,1,0.047248,652045.116320418,765475.254685148,638352.706029381,741350.463134731,0.047564,0.000315999999999997,2020.20958260109,2020.25683060109,5725000
6,2,0.047248,652045.116320418,765475.254685148,650951.956194052,763906.602280075,0.047564,0.000315999999999997,2020.20958260109,2020.25683060109,5725000
7,3,9.00000000000206e-06,621622.230297363,733341.118819813,627200.31703903,712450.337350459,0.012045,0.012036,2020.22130260109,2020.22131160109,5725000
7,4,9.00000000000206e-06,621622.230297363,733341.118819813,621620.613947002,733338.677581932,0.012045,0.012036,2020.22130260109,2020.22131160109,5725000
