node1,node2,length,startLat,startLon,endLat,endLon,endNodeL,startNodeL,startYear,endYear,treeID
5,6,0.000315999999999997,622056.266580491,733800.575592514,622085.204498164,733823.687385382,0.000315999999999997,0,2020.20926660109,2020.20958260109,9874000
5,7,0.012036,622056.266580491,733800.575592514,621636.196141371,733354.873531543,0.012036,0,2020.20926660109,2020.22130260109,9874000
6,1,0.047248,622085.204498164,733823.687385382,638352.706029381,741350.463134731,0.047564,0.000315999999999997,2020.20958260109,2020.25683060109,9874000
6,2,0.047248,622085.204498164,733823.687385382,650951.956194052,763906.602280075,0.047564,0.000315999999999997,2020.20958260109,2020.25683060109,9874000
7,3,9.00000000000206e-06,621636.196141371,733354.873531543,627200.31703903,712450.337350459,0.012045,0.012036,2020.22130260109,2020.22131160109,9874000
7,4,9.00000000000206e-06,621636.196141371,733354.873531543,621620.613947002,733338.677581932,0.012045,0.012036,2020.22130260109,2020.22131160109,9874000
