node1,node2,length,startLat,startLon,endLat,endLon,endNodeL,startNodeL,startYear,endYear,treeID
5,6,0.000315999999999997,627101.423906714,712170.93386289,637304.654969819,738914.588031697,0.000315999999999997,0,2020.20926660109,2020.20958260109,8002000
5,7,0.012036,627101.423906714,712170.93386289,627223.556033268,712489.899763092,0.012036,0,2020.20926660109,2020.22130260109,8002000
6,1,0.047248,637304.654969819,738914.588031697,638352.706029381,741350.463134731,0.047564,0.000315999999999997,2020.20958260109,2020.25683060109,8002000
6,2,0.047248,637304.654969819,738914.588031697,650951.956194052,763906.602280075,0.047564,0.000315999999999997,2020.20958260109,2020.25683060109,8002000
7,3,9.00000000000206e-06,627223.556033268,712489.899763092,627200.31703903,712450.337350459,0.012045,0.012036,2020.22130260109,2020.22131160109,8002000
7,4,9.00000000000206e-06,627223.556033268,712489.899763092,621620.613947002,733338.677581932,0.012045,0.012036,2020.22130260109,2020.22131160109,8002000
