node1,node2,length,startLat,startLon,endLat,endLon,endNodeL,startNodeL,startYear,endYear,treeID
5,6,0.000315999999999997,621593.266696797,733336.459257935,621549.629264964,733340.177559128,0.000315999999999997,0,2020.20926660109,2020.20958260109,9631000
5,7,0.012036,621593.266696797,733336.459257935,621614.798926858,733335.401499239,0.012036,0,2020.20926660109,2020.22130260109,9631000
6,1,0.047248,621549.629264964,733340.177559128,638352.706029381,741350.463134731,0.047564,0.000315999999999997,2020.20958260109,2020.25683060109,9631000
6,2,0.047248,621549.629264964,733340.177559128,650951.956194052,763906.602280075,0.047564,0.000315999999999997,2020.20958260109,2020.25683060109,9631000
7,3,9.00000000000206e-06,621614.798926858,733335.401499239,627200.31703903,712450.337350459,0.012045,0.012036,2020.22130260109,2020.22131160109,9631000
7,4,9.00000000000206e-06,621614.798926858,733335.401499239,621620.613947002,733338.677581932,0.012045,0.012036,2020.22130260109,2020.22131160109,9631000
