node1,node2,length,startLat,startLon,endLat,endLon,endNodeL,startNodeL,startYear,endYear,treeID
6,1,9.18033227553794e-06,637696.847485754,708816.652979131,638080.052724712,707950.108161128,9.18033227553794e-06,0,2020.29507278688,2020.29508196721,28850000
6,7,0.05171,637696.847485754,708816.652979131,650557.790634541,732173.47806987,0.05171,0,2020.29507278688,2020.34678278688,28850000
7,8,0.00567,650557.790634541,732173.47806987,650654.235416258,732429.812489932,0.05738,0.05171,2020.34678278688,2020.35245278688,28850000
7,9,0.00294,650557.790634541,732173.47806987,648533.4860037,741628.710706378,0.05465,0.05171,2020.34678278688,2020.34972278688,28850000
8,2,6.2295126075293e-06,650654.235416258,732429.812489932,654958.634188932,728557.102918218,0.0573862295126075,0.05738,2020.35245278688,2020.35245901639,28850000
8,3,6.2295126075293e-06,650654.235416258,732429.812489932,650650.090114097,732414.284194281,0.0573862295126075,0.05738,2020.35245278688,2020.35245901639,28850000
9,4,0.00820071038754453,648533.4860037,741628.710706378,636385.434567584,728364.306069694,0.0628507103875445,0.05465,2020.34972278688,2020.35792349727,28850000
9,5,3.9890754805344e-06,648533.4860037,741628.710706378,648471.173341801,741497.860583527,0.0546539890754805,0.05465,2020.34972278688,2020.34972677596,28850000
