node1,node2,length,startLat,startLon,endLat,endLon,endNodeL,startNodeL,startYear,endYear,treeID
5,1,0.0533161147400142,635712.58342907,763594.646254955,638058.513472575,767647.916397663,0.0533161147400142,0,2020.20624672678,2020.25956284152,979000
5,6,0.008754,635712.58342907,763594.646254955,635713.601463997,763572.520643441,0.008754,0,2020.20624672678,2020.21500072678,979000
6,2,0.0527588360600143,635713.601463997,763572.520643441,632623.194604429,753519.936208098,0.0615128360600143,0.008754,2020.21500072678,2020.26775956284,979000
6,7,0.003387,635713.601463997,763572.520643441,635727.254745478,763607.520023568,0.012141,0.008754,2020.21500072678,2020.21838772678,979000
7,3,0.0466395956200143,635727.254745478,763607.520023568,643822.776734008,754699.551187068,0.0587805956200143,0.012141,2020.21838772678,2020.2650273224,979000
7,4,0.0357106338700143,635727.254745478,763607.520023568,634684.670427803,762502.12267159,0.0478516338700143,0.012141,2020.21838772678,2020.25409836065,979000
