node1,node2,length,startLat,startLon,endLat,endLon,endNodeL,startNodeL,startYear,endYear,treeID
6,1,9.18033227553794e-06,638081.140833276,707949.794527337,638080.052724712,707950.108161128,9.18033227553794e-06,0,2020.29507278688,2020.29508196721,45230000
6,7,0.05171,638081.140833276,707949.794527337,650544.731451124,732271.301580981,0.05171,0,2020.29507278688,2020.34678278688,45230000
7,8,0.00567,650544.731451124,732271.301580981,650650.274018021,732415.267385709,0.05738,0.05171,2020.34678278688,2020.35245278688,45230000
7,9,0.00294,650544.731451124,732271.301580981,648470.957641675,741498.434274173,0.05465,0.05171,2020.34678278688,2020.34972278688,45230000
8,2,6.2295126075293e-06,650650.274018021,732415.267385709,654958.634188932,728557.102918218,0.0573862295126075,0.05738,2020.35245278688,2020.35245901639,45230000
8,3,6.2295126075293e-06,650650.274018021,732415.267385709,650650.090114097,732414.284194281,0.0573862295126075,0.05738,2020.35245278688,2020.35245901639,45230000
9,4,0.00820071038754453,648470.957641675,741498.434274173,636385.434567584,728364.306069694,0.0628507103875445,0.05465,2020.34972278688,2020.35792349727,45230000
9,5,3.9890754805344e-06,648470.957641675,741498.434274173,648471.173341801,741497.860583527,0.0546539890754805,0.05465,2020.34972278688,2020.34972677596,45230000
