node1,node2,length,startLat,startLon,endLat,endLon,endNodeL,startNodeL,startYear,endYear,treeID
6,1,9.18033227553794e-06,638068.84842701,707916.155736241,638080.052724712,707950.108161128,9.18033227553794e-06,0,2020.29507278688,2020.29508196721,10760000
6,7,0.05171,638068.84842701,707916.155736241,650636.099307473,732305.959703753,0.05171,0,2020.29507278688,2020.34678278688,10760000
7,8,0.00567,650636.099307473,732305.959703753,650653.741249752,732430.409820086,0.05738,0.05171,2020.34678278688,2020.35245278688,10760000
7,9,0.00294,650636.099307473,732305.959703753,648478.212754867,741460.818830738,0.05465,0.05171,2020.34678278688,2020.34972278688,10760000
8,2,6.2295126075293e-06,650653.741249752,732430.409820086,654958.634188932,728557.102918218,0.0573862295126075,0.05738,2020.35245278688,2020.35245901639,10760000
8,3,6.2295126075293e-06,650653.741249752,732430.409820086,650650.090114097,732414.284194281,0.0573862295126075,0.05738,2020.35245278688,2020.35245901639,10760000
9,4,0.00820071038754453,648478.212754867,741460.818830738,636385.434567584,728364.306069694,0.0628507103875445,0.05465,2020.34972278688,2020.35792349727,10760000
9,5,3.9890754805344e-06,648478.212754867,741460.818830738,648471.173341801,741497.860583527,0.0546539890754805,0.05465,2020.34972278688,2020.34972677596,10760000
