node1,node2,length,startLat,startLon,endLat,endLon,endNodeL,startNodeL,startYear,endYear,treeID
5,1,0.0533161147400142,638228.497809161,768149.592022537,638058.513472575,767647.916397663,0.0533161147400142,0,2020.20624672678,2020.25956284152,425000
5,6,0.008754,638228.497809161,768149.592022537,637415.978310015,766057.878774956,0.008754,0,2020.20624672678,2020.21500072678,425000
6,2,0.0527588360600143,637415.978310015,766057.878774956,632623.194604429,753519.936208098,0.0615128360600143,0.008754,2020.21500072678,2020.26775956284,425000
6,7,0.003387,637415.978310015,766057.878774956,635192.308153581,760626.705677178,0.012141,0.008754,2020.21500072678,2020.21838772678,425000
7,3,0.0466395956200143,635192.308153581,760626.705677178,643822.776734008,754699.551187068,0.0587805956200143,0.012141,2020.21838772678,2020.2650273224,425000
7,4,0.0357106338700143,635192.308153581,760626.705677178,634684.670427803,762502.12267159,0.0478516338700143,0.012141,2020.21838772678,2020.25409836065,425000
