node1,node2,length,startLat,startLon,endLat,endLon,endNodeL,startNodeL,startYear,endYear,treeID
5,1,0.0533161147400142,636860.091572793,765810.119726262,638058.513472575,767647.916397663,0.0533161147400142,0,2020.20624672678,2020.25956284152,985000
5,6,0.008754,636860.091572793,765810.119726262,636450.738436785,765205.05945437,0.008754,0,2020.20624672678,2020.21500072678,985000
6,2,0.0527588360600143,636450.738436785,765205.05945437,632623.194604429,753519.936208098,0.0615128360600143,0.008754,2020.21500072678,2020.26775956284,985000
6,7,0.003387,636450.738436785,765205.05945437,636348.504749623,765130.461942401,0.012141,0.008754,2020.21500072678,2020.21838772678,985000
7,3,0.0466395956200143,636348.504749623,765130.461942401,643822.776734008,754699.551187068,0.0587805956200143,0.012141,2020.21838772678,2020.2650273224,985000
7,4,0.0357106338700143,636348.504749623,765130.461942401,634684.670427803,762502.12267159,0.0478516338700143,0.012141,2020.21838772678,2020.25409836065,985000
