node1,node2,length,startLat,startLon,endLat,endLon,endNodeL,startNodeL,startYear,endYear,treeID
6,1,9.18033227553794e-06,638077.194145586,707947.451844911,638080.052724712,707950.108161128,9.18033227553794e-06,0,2020.29507278688,2020.29508196721,41270000
6,7,0.05171,638077.194145586,707947.451844911,654519.571210659,728016.404913525,0.05171,0,2020.29507278688,2020.34678278688,41270000
7,8,0.00567,654519.571210659,728016.404913525,654973.247260723,728572.921152774,0.05738,0.05171,2020.34678278688,2020.35245278688,41270000
7,9,0.00294,654519.571210659,728016.404913525,648582.891812668,741613.692560162,0.05465,0.05171,2020.34678278688,2020.34972278688,41270000
8,2,6.2295126075293e-06,654973.247260723,728572.921152774,654958.634188932,728557.102918218,0.0573862295126075,0.05738,2020.35245278688,2020.35245901639,41270000
8,3,6.2295126075293e-06,654973.247260723,728572.921152774,650650.090114097,732414.284194281,0.0573862295126075,0.05738,2020.35245278688,2020.35245901639,41270000
9,4,0.00820071038754453,648582.891812668,741613.692560162,636385.434567584,728364.306069694,0.0628507103875445,0.05465,2020.34972278688,2020.35792349727,41270000
9,5,3.9890754805344e-06,648582.891812668,741613.692560162,648471.173341801,741497.860583527,0.0546539890754805,0.05465,2020.34972278688,2020.34972677596,41270000
