node1,node2,length,startLat,startLon,endLat,endLon,endNodeL,startNodeL,startYear,endYear,treeID
5,1,0.0533161147400142,634897.4127531,762619.018547579,638058.513472575,767647.916397663,0.0533161147400142,0,2020.20624672678,2020.25956284152,664000
5,6,0.008754,634897.4127531,762619.018547579,634867.612535712,762613.018793641,0.008754,0,2020.20624672678,2020.21500072678,664000
6,2,0.0527588360600143,634867.612535712,762613.018793641,632623.194604429,753519.936208098,0.0615128360600143,0.008754,2020.21500072678,2020.26775956284,664000
6,7,0.003387,634867.612535712,762613.018793641,634856.152764232,762636.846399973,0.012141,0.008754,2020.21500072678,2020.21838772678,664000
7,3,0.0466395956200143,634856.152764232,762636.846399973,643822.776734008,754699.551187068,0.0587805956200143,0.012141,2020.21838772678,2020.2650273224,664000
7,4,0.0357106338700143,634856.152764232,762636.846399973,634684.670427803,762502.12267159,0.0478516338700143,0.012141,2020.21838772678,2020.25409836065,664000
