node1,node2,length,startLat,startLon,endLat,endLon,endNodeL,startNodeL,startYear,endYear,treeID
5,1,0.0533161147400142,637664.31197838,767057.710819622,638058.513472575,767647.916397663,0.0533161147400142,0,2020.20624672678,2020.25956284152,554000
5,6,0.008754,637664.31197838,767057.710819622,637414.759338762,766675.960943869,0.008754,0,2020.20624672678,2020.21500072678,554000
6,2,0.0527588360600143,637414.759338762,766675.960943869,632623.194604429,753519.936208098,0.0615128360600143,0.008754,2020.21500072678,2020.26775956284,554000
6,7,0.003387,637414.759338762,766675.960943869,637455.667423028,766750.206456963,0.012141,0.008754,2020.21500072678,2020.21838772678,554000
7,3,0.0466395956200143,637455.667423028,766750.206456963,643822.776734008,754699.551187068,0.0587805956200143,0.012141,2020.21838772678,2020.2650273224,554000
7,4,0.0357106338700143,637455.667423028,766750.206456963,634684.670427803,762502.12267159,0.0478516338700143,0.012141,2020.21838772678,2020.25409836065,554000
