node1,node2,length,startLat,startLon,endLat,endLon,endNodeL,startNodeL,startYear,endYear,treeID
6,1,9.18033227553794e-06,638113.154436729,707992.326035482,638080.052724712,707950.108161128,9.18033227553794e-06,0,2020.29507278688,2020.29508196721,43295000
6,7,0.05171,638113.154436729,707992.326035482,653084.203958918,725940.912489753,0.05171,0,2020.29507278688,2020.34678278688,43295000
7,8,0.00567,653084.203958918,725940.912489753,654981.054739206,728578.891207642,0.05738,0.05171,2020.34678278688,2020.35245278688,43295000
7,9,0.00294,653084.203958918,725940.912489753,648491.50244895,741519.25143551,0.05465,0.05171,2020.34678278688,2020.34972278688,43295000
8,2,6.2295126075293e-06,654981.054739206,728578.891207642,654958.634188932,728557.102918218,0.0573862295126075,0.05738,2020.35245278688,2020.35245901639,43295000
8,3,6.2295126075293e-06,654981.054739206,728578.891207642,650650.090114097,732414.284194281,0.0573862295126075,0.05738,2020.35245278688,2020.35245901639,43295000
9,4,0.00820071038754453,648491.50244895,741519.25143551,636385.434567584,728364.306069694,0.0628507103875445,0.05465,2020.34972278688,2020.35792349727,43295000
9,5,3.9890754805344e-06,648491.50244895,741519.25143551,648471.173341801,741497.860583527,0.0546539890754805,0.05465,2020.34972278688,2020.34972677596,43295000
