node1,node2,length,startLat,startLon,endLat,endLon,endNodeL,startNodeL,startYear,endYear,treeID
5,1,0.0533161147400142,634843.881708146,762709.62262619,638058.513472575,767647.916397663,0.0533161147400142,0,2020.20624672678,2020.25956284152,241000
5,6,0.008754,634843.881708146,762709.62262619,634593.024239616,762365.755017378,0.008754,0,2020.20624672678,2020.21500072678,241000
6,2,0.0527588360600143,634593.024239616,762365.755017378,632623.194604429,753519.936208098,0.0615128360600143,0.008754,2020.21500072678,2020.26775956284,241000
6,7,0.003387,634593.024239616,762365.755017378,634616.827306937,762398.897165698,0.012141,0.008754,2020.21500072678,2020.21838772678,241000
7,3,0.0466395956200143,634616.827306937,762398.897165698,643822.776734008,754699.551187068,0.0587805956200143,0.012141,2020.21838772678,2020.2650273224,241000
7,4,0.0357106338700143,634616.827306937,762398.897165698,634684.670427803,762502.12267159,0.0478516338700143,0.012141,2020.21838772678,2020.25409836065,241000
