node1,node2,length,startLat,startLon,endLat,endLon,endNodeL,startNodeL,startYear,endYear,treeID
6,1,9.18033227553794e-06,638123.025001143,708012.095239137,638080.052724712,707950.108161128,9.18033227553794e-06,0,2020.29507278688,2020.29508196721,14405000
6,7,0.05171,638123.025001143,708012.095239137,655011.796004779,728661.90107884,0.05171,0,2020.29507278688,2020.34678278688,14405000
7,8,0.00567,655011.796004779,728661.90107884,654950.78692324,728541.002931034,0.05738,0.05171,2020.34678278688,2020.35245278688,14405000
7,9,0.00294,655011.796004779,728661.90107884,648472.372811111,741500.502244465,0.05465,0.05171,2020.34678278688,2020.34972278688,14405000
8,2,6.2295126075293e-06,654950.78692324,728541.002931034,654958.634188932,728557.102918218,0.0573862295126075,0.05738,2020.35245278688,2020.35245901639,14405000
8,3,6.2295126075293e-06,654950.78692324,728541.002931034,650650.090114097,732414.284194281,0.0573862295126075,0.05738,2020.35245278688,2020.35245901639,14405000
9,4,0.00820071038754453,648472.372811111,741500.502244465,636385.434567584,728364.306069694,0.0628507103875445,0.05465,2020.34972278688,2020.35792349727,14405000
9,5,3.9890754805344e-06,648472.372811111,741500.502244465,648471.173341801,741497.860583527,0.0546539890754805,0.05465,2020.34972278688,2020.34972677596,14405000
