node1,node2,length,startLat,startLon,endLat,endLon,endNodeL,startNodeL,startYear,endYear,treeID
5,1,0.0533161147400142,634883.886603224,762334.707224568,638058.513472575,767647.916397663,0.0533161147400142,0,2020.20624672678,2020.25956284152,1064000
5,6,0.008754,634883.886603224,762334.707224568,634862.319803471,762269.896113829,0.008754,0,2020.20624672678,2020.21500072678,1064000
6,2,0.0527588360600143,634862.319803471,762269.896113829,632623.194604429,753519.936208098,0.0615128360600143,0.008754,2020.21500072678,2020.26775956284,1064000
6,7,0.003387,634862.319803471,762269.896113829,634845.246113913,762055.456987336,0.012141,0.008754,2020.21500072678,2020.21838772678,1064000
7,3,0.0466395956200143,634845.246113913,762055.456987336,643822.776734008,754699.551187068,0.0587805956200143,0.012141,2020.21838772678,2020.2650273224,1064000
7,4,0.0357106338700143,634845.246113913,762055.456987336,634684.670427803,762502.12267159,0.0478516338700143,0.012141,2020.21838772678,2020.25409836065,1064000
