node1,node2,length,startLat,startLon,endLat,endLon,endNodeL,startNodeL,startYear,endYear,treeID
5,1,0.0533161147400142,638573.636098734,767923.710400462,638058.513472575,767647.916397663,0.0533161147400142,0,2020.20624672678,2020.25956284152,734000
5,6,0.008754,638573.636098734,767923.710400462,632578.975574146,753487.498711787,0.008754,0,2020.20624672678,2020.21500072678,734000
6,2,0.0527588360600143,632578.975574146,753487.498711787,632623.194604429,753519.936208098,0.0615128360600143,0.008754,2020.21500072678,2020.26775956284,734000
6,7,0.003387,632578.975574146,753487.498711787,634622.080516862,762484.366958766,0.012141,0.008754,2020.21500072678,2020.21838772678,734000
7,3,0.0466395956200143,634622.080516862,762484.366958766,643822.776734008,754699.551187068,0.0587805956200143,0.012141,2020.21838772678,2020.2650273224,734000
7,4,0.0357106338700143,634622.080516862,762484.366958766,634684.670427803,762502.12267159,0.0478516338700143,0.012141,2020.21838772678,2020.25409836065,734000
