node1,node2,length,startLat,startLon,endLat,endLon,endNodeL,startNodeL,startYear,endYear,treeID
5,1,0.0533161147400142,639257.151456322,769027.265505644,638058.513472575,767647.916397663,0.0533161147400142,0,2020.20624672678,2020.25956284152,133000
5,6,0.008754,639257.151456322,769027.265505644,639207.408198672,768926.340747223,0.008754,0,2020.20624672678,2020.21500072678,133000
6,2,0.0527588360600143,639207.408198672,768926.340747223,632623.194604429,753519.936208098,0.0615128360600143,0.008754,2020.21500072678,2020.26775956284,133000
6,7,0.003387,639207.408198672,768926.340747223,634937.504307772,762898.633088813,0.012141,0.008754,2020.21500072678,2020.21838772678,133000
7,3,0.0466395956200143,634937.504307772,762898.633088813,643822.776734008,754699.551187068,0.0587805956200143,0.012141,2020.21838772678,2020.2650273224,133000
7,4,0.0357106338700143,634937.504307772,762898.633088813,634684.670427803,762502.12267159,0.0478516338700143,0.012141,2020.21838772678,2020.25409836065,133000
