node1,node2,length,startLat,startLon,endLat,endLon,endNodeL,startNodeL,startYear,endYear,treeID
6,1,0.057431,694517.632922696,641181.838286954,693822.45838987,638265.019344676,0.057431,0,2020.20486408197,2020.26229508197,6697000
6,7,0.000293000000000015,694517.632922696,641181.838286954,694806.606407851,642600.52724595,0.000293000000000015,0,2020.20486408197,2020.20515708197,6697000
7,2,0.0434764808699322,694806.606407851,642600.52724595,696616.909394222,651073.482081308,0.0437694808699323,0.000293000000000015,2020.20515708197,2020.24863356284,6697000
7,8,0.00056599999999999,694806.606407851,642600.52724595,695162.323053398,644628.666782562,0.000859000000000006,0.000293000000000015,2020.20515708197,2020.20572308197,6697000
8,3,0.0292494808699322,695162.323053398,644628.666782562,672817.010518605,531155.447579934,0.0301084808699322,0.000859000000000006,2020.20572308197,2020.23497256284,6697000
8,9,0.04287,695162.323053398,644628.666782562,695559.285066654,646292.28143952,0.043729,0.000859000000000006,2020.20572308197,2020.24859308197,6697000
9,4,4.04808699322398e-05,695559.285066654,646292.28143952,695417.485869444,645601.969002141,0.0437694808699322,0.043729,2020.24859308197,2020.24863356284,6697000
9,5,0.0191664808699322,695559.285066654,646292.28143952,708792.81852146,645378.256369105,0.0628954808699322,0.043729,2020.24859308197,2020.26775956284,6697000
