node1,node2,length,startLat,startLon,endLat,endLon,endNodeL,startNodeL,startYear,endYear,treeID
6,1,0.057431,695178.034447378,644316.902925044,693822.45838987,638265.019344676,0.057431,0,2020.20486408197,2020.26229508197,6157000
6,7,0.000293000000000015,695178.034447378,644316.902925044,695171.196874205,644218.556414361,0.000293000000000015,0,2020.20486408197,2020.20515708197,6157000
7,2,0.0434764808699322,695171.196874205,644218.556414361,696616.909394222,651073.482081308,0.0437694808699323,0.000293000000000015,2020.20515708197,2020.24863356284,6157000
7,8,0.00056599999999999,695171.196874205,644218.556414361,695150.145896076,644159.312077629,0.000859000000000006,0.000293000000000015,2020.20515708197,2020.20572308197,6157000
8,3,0.0292494808699322,695150.145896076,644159.312077629,672817.010518605,531155.447579934,0.0301084808699322,0.000859000000000006,2020.20572308197,2020.23497256284,6157000
8,9,0.04287,695150.145896076,644159.312077629,695416.915913666,645603.746638007,0.043729,0.000859000000000006,2020.20572308197,2020.24859308197,6157000
9,4,4.04808699322398e-05,695416.915913666,645603.746638007,695417.485869444,645601.969002141,0.0437694808699322,0.043729,2020.24859308197,2020.24863356284,6157000
9,5,0.0191664808699322,695416.915913666,645603.746638007,708792.81852146,645378.256369105,0.0628954808699322,0.043729,2020.24859308197,2020.26775956284,6157000
