node1,node2,length,startLat,startLon,endLat,endLon,endNodeL,startNodeL,startYear,endYear,treeID
6,1,0.057431,695423.514616986,645691.993325469,693822.45838987,638265.019344676,0.057431,0,2020.20486408197,2020.26229508197,5914000
6,7,0.000293000000000015,695423.514616986,645691.993325469,695389.50055473,645563.136661407,0.000293000000000015,0,2020.20486408197,2020.20515708197,5914000
7,2,0.0434764808699322,695389.50055473,645563.136661407,696616.909394222,651073.482081308,0.0437694808699323,0.000293000000000015,2020.20515708197,2020.24863356284,5914000
7,8,0.00056599999999999,695389.50055473,645563.136661407,695339.0272406,645411.20261973,0.000859000000000006,0.000293000000000015,2020.20515708197,2020.20572308197,5914000
8,3,0.0292494808699322,695339.0272406,645411.20261973,672817.010518605,531155.447579934,0.0301084808699322,0.000859000000000006,2020.20572308197,2020.23497256284,5914000
8,9,0.04287,695339.0272406,645411.20261973,695424.168869838,645635.234246045,0.043729,0.000859000000000006,2020.20572308197,2020.24859308197,5914000
9,4,4.04808699322398e-05,695424.168869838,645635.234246045,695417.485869444,645601.969002141,0.0437694808699322,0.043729,2020.24859308197,2020.24863356284,5914000
9,5,0.0191664808699322,695424.168869838,645635.234246045,708792.81852146,645378.256369105,0.0628954808699322,0.043729,2020.24859308197,2020.26775956284,5914000
