node1,node2,length,startLat,startLon,endLat,endLon,endNodeL,startNodeL,startYear,endYear,treeID
6,1,0.057431,696091.807861371,647458.372769337,693822.45838987,638265.019344676,0.057431,0,2020.20486408197,2020.26229508197,2224000
6,7,0.000293000000000015,696091.807861371,647458.372769337,696080.125239819,647554.487970186,0.000293000000000015,0,2020.20486408197,2020.20515708197,2224000
7,2,0.0434764808699322,696080.125239819,647554.487970186,696616.909394222,651073.482081308,0.0437694808699323,0.000293000000000015,2020.20515708197,2020.24863356284,2224000
7,8,0.00056599999999999,696080.125239819,647554.487970186,695989.687933279,647275.782404858,0.000859000000000006,0.000293000000000015,2020.20515708197,2020.20572308197,2224000
8,3,0.0292494808699322,695989.687933279,647275.782404858,672817.010518605,531155.447579934,0.0301084808699322,0.000859000000000006,2020.20572308197,2020.23497256284,2224000
8,9,0.04287,695989.687933279,647275.782404858,695414.991781168,645617.660768843,0.043729,0.000859000000000006,2020.20572308197,2020.24859308197,2224000
9,4,4.04808699322398e-05,695414.991781168,645617.660768843,695417.485869444,645601.969002141,0.0437694808699322,0.043729,2020.24859308197,2020.24863356284,2224000
9,5,0.0191664808699322,695414.991781168,645617.660768843,708792.81852146,645378.256369105,0.0628954808699322,0.043729,2020.24859308197,2020.26775956284,2224000
