node1,node2,length,startLat,startLon,endLat,endLon,endNodeL,startNodeL,startYear,endYear,treeID
6,1,0.057431,696645.27722251,648483.657658,693822.45838987,638265.019344676,0.057431,0,2020.20486408197,2020.26229508197,8470000
6,7,0.000293000000000015,696645.27722251,648483.657658,696609.243579625,650973.511083737,0.000293000000000015,0,2020.20486408197,2020.20515708197,8470000
7,2,0.0434764808699322,696609.243579625,650973.511083737,696616.909394222,651073.482081308,0.0437694808699323,0.000293000000000015,2020.20515708197,2020.24863356284,8470000
7,8,0.00056599999999999,696609.243579625,650973.511083737,696580.726858665,650923.961425436,0.000859000000000006,0.000293000000000015,2020.20515708197,2020.20572308197,8470000
8,3,0.0292494808699322,696580.726858665,650923.961425436,672817.010518605,531155.447579934,0.0301084808699322,0.000859000000000006,2020.20572308197,2020.23497256284,8470000
8,9,0.04287,696580.726858665,650923.961425436,695425.004341778,645648.438059799,0.043729,0.000859000000000006,2020.20572308197,2020.24859308197,8470000
9,4,4.04808699322398e-05,695425.004341778,645648.438059799,695417.485869444,645601.969002141,0.0437694808699322,0.043729,2020.24859308197,2020.24863356284,8470000
9,5,0.0191664808699322,695425.004341778,645648.438059799,708792.81852146,645378.256369105,0.0628954808699322,0.043729,2020.24859308197,2020.26775956284,8470000
