node1,node2,length,startLat,startLon,endLat,endLon,endNodeL,startNodeL,startYear,endYear,treeID
6,1,0.057431,695193.780234808,645395.709666205,693822.45838987,638265.019344676,0.057431,0,2020.20486408197,2020.26229508197,2881000
6,7,0.000293000000000015,695193.780234808,645395.709666205,695169.3438499,645396.141497696,0.000293000000000015,0,2020.20486408197,2020.20515708197,2881000
7,2,0.0434764808699322,695169.3438499,645396.141497696,696616.909394222,651073.482081308,0.0437694808699323,0.000293000000000015,2020.20515708197,2020.24863356284,2881000
7,8,0.00056599999999999,695169.3438499,645396.141497696,695042.24851034,646253.81501513,0.000859000000000006,0.000293000000000015,2020.20515708197,2020.20572308197,2881000
8,3,0.0292494808699322,695042.24851034,646253.81501513,672817.010518605,531155.447579934,0.0301084808699322,0.000859000000000006,2020.20572308197,2020.23497256284,2881000
8,9,0.04287,695042.24851034,646253.81501513,695423.77368211,645611.161842679,0.043729,0.000859000000000006,2020.20572308197,2020.24859308197,2881000
9,4,4.04808699322398e-05,695423.77368211,645611.161842679,695417.485869444,645601.969002141,0.0437694808699322,0.043729,2020.24859308197,2020.24863356284,2881000
9,5,0.0191664808699322,695423.77368211,645611.161842679,708792.81852146,645378.256369105,0.0628954808699322,0.043729,2020.24859308197,2020.26775956284,2881000
