node1,node2,length,startLat,startLon,endLat,endLon,endNodeL,startNodeL,startYear,endYear,treeID
6,1,0.057431,695348.157043746,644785.577767853,693822.45838987,638265.019344676,0.057431,0,2020.20486408197,2020.26229508197,4825000
6,7,0.000293000000000015,695348.157043746,644785.577767853,695231.472056307,644342.236927852,0.000293000000000015,0,2020.20486408197,2020.20515708197,4825000
7,2,0.0434764808699322,695231.472056307,644342.236927852,696616.909394222,651073.482081308,0.0437694808699323,0.000293000000000015,2020.20515708197,2020.24863356284,4825000
7,8,0.00056599999999999,695231.472056307,644342.236927852,695278.077513921,644586.589663198,0.000859000000000006,0.000293000000000015,2020.20515708197,2020.20572308197,4825000
8,3,0.0292494808699322,695278.077513921,644586.589663198,672817.010518605,531155.447579934,0.0301084808699322,0.000859000000000006,2020.20572308197,2020.23497256284,4825000
8,9,0.04287,695278.077513921,644586.589663198,695371.875997951,645252.10861024,0.043729,0.000859000000000006,2020.20572308197,2020.24859308197,4825000
9,4,4.04808699322398e-05,695371.875997951,645252.10861024,695417.485869444,645601.969002141,0.0437694808699322,0.043729,2020.24859308197,2020.24863356284,4825000
9,5,0.0191664808699322,695371.875997951,645252.10861024,708792.81852146,645378.256369105,0.0628954808699322,0.043729,2020.24859308197,2020.26775956284,4825000
