node1,node2,length,startLat,startLon,endLat,endLon,endNodeL,startNodeL,startYear,endYear,treeID
6,1,0.057431,695757.590767239,643901.534585903,693822.45838987,638265.019344676,0.057431,0,2020.20486408197,2020.26229508197,3304000
6,7,0.000293000000000015,695757.590767239,643901.534585903,696056.782213439,648583.971264561,0.000293000000000015,0,2020.20486408197,2020.20515708197,3304000
7,2,0.0434764808699322,696056.782213439,648583.971264561,696616.909394222,651073.482081308,0.0437694808699323,0.000293000000000015,2020.20515708197,2020.24863356284,3304000
7,8,0.00056599999999999,696056.782213439,648583.971264561,695826.882394391,643820.456543583,0.000859000000000006,0.000293000000000015,2020.20515708197,2020.20572308197,3304000
8,3,0.0292494808699322,695826.882394391,643820.456543583,672817.010518605,531155.447579934,0.0301084808699322,0.000859000000000006,2020.20572308197,2020.23497256284,3304000
8,9,0.04287,695826.882394391,643820.456543583,695398.062512196,645485.625365682,0.043729,0.000859000000000006,2020.20572308197,2020.24859308197,3304000
9,4,4.04808699322398e-05,695398.062512196,645485.625365682,695417.485869444,645601.969002141,0.0437694808699322,0.043729,2020.24859308197,2020.24863356284,3304000
9,5,0.0191664808699322,695398.062512196,645485.625365682,708792.81852146,645378.256369105,0.0628954808699322,0.043729,2020.24859308197,2020.26775956284,3304000
