node1,node2,length,startLat,startLon,endLat,endLon,endNodeL,startNodeL,startYear,endYear,treeID
5,1,0.0930578142100143,652971.93797959,740476.123819438,648612.64795376,724501.416587971,0.0930578142100143,0,2020.16377278688,2020.25683060109,9937000
5,6,0.03855,652971.93797959,740476.123819438,652664.579021662,740038.973119269,0.03855,0,2020.16377278688,2020.20232278688,9937000
6,2,0.0217209289600143,652664.579021662,740038.973119269,657800.126248912,758502.506508754,0.0602709289600143,0.03855,2020.20232278688,2020.22404371584,9937000
6,7,0.01206,652664.579021662,740038.973119269,652731.870532214,740199.919066648,0.05061,0.03855,2020.20232278688,2020.21438278688,9937000
7,3,0.0506445355200143,652731.870532214,740199.919066648,653750.942371431,742066.233917424,0.101254535520014,0.05061,2020.21438278688,2020.2650273224,9937000
7,4,0.0397155737700143,652731.870532214,740199.919066648,642576.544356934,740209.903603787,0.0903255737700143,0.05061,2020.21438278688,2020.25409836065,9937000
