node1,node2,length,startLat,startLon,endLat,endLon,endNodeL,startNodeL,startYear,endYear,treeID
5,1,0.0930578142100143,657710.451809467,758554.256904955,648612.64795376,724501.416587971,0.0930578142100143,0,2020.16377278688,2020.25683060109,3781000
5,6,0.03855,657710.451809467,758554.256904955,658332.582404379,758864.303602076,0.03855,0,2020.16377278688,2020.20232278688,3781000
6,2,0.0217209289600143,658332.582404379,758864.303602076,657800.126248912,758502.506508754,0.0602709289600143,0.03855,2020.20232278688,2020.22404371584,3781000
6,7,0.01206,658332.582404379,758864.303602076,657462.96777538,748411.069272887,0.05061,0.03855,2020.20232278688,2020.21438278688,3781000
7,3,0.0506445355200143,657462.96777538,748411.069272887,653750.942371431,742066.233917424,0.101254535520014,0.05061,2020.21438278688,2020.2650273224,3781000
7,4,0.0397155737700143,657462.96777538,748411.069272887,642576.544356934,740209.903603787,0.0903255737700143,0.05061,2020.21438278688,2020.25409836065,3781000
