node1,node2,length,startLat,startLon,endLat,endLon,endNodeL,startNodeL,startYear,endYear,treeID
5,1,0.0930578142100143,653145.176773904,742385.363330814,648612.64795376,724501.416587971,0.0930578142100143,0,2020.16377278688,2020.25683060109,7912000
5,6,0.03855,653145.176773904,742385.363330814,653474.064833113,743459.131863066,0.03855,0,2020.16377278688,2020.20232278688,7912000
6,2,0.0217209289600143,653474.064833113,743459.131863066,657800.126248912,758502.506508754,0.0602709289600143,0.03855,2020.20232278688,2020.22404371584,7912000
6,7,0.01206,653474.064833113,743459.131863066,653499.547171441,743456.31191467,0.05061,0.03855,2020.20232278688,2020.21438278688,7912000
7,3,0.0506445355200143,653499.547171441,743456.31191467,653750.942371431,742066.233917424,0.101254535520014,0.05061,2020.21438278688,2020.2650273224,7912000
7,4,0.0397155737700143,653499.547171441,743456.31191467,642576.544356934,740209.903603787,0.0903255737700143,0.05061,2020.21438278688,2020.25409836065,7912000
