node1,node2,length,startLat,startLon,endLat,endLon,endNodeL,startNodeL,startYear,endYear,treeID
5,1,0.0930578142100143,649770.773087567,725715.681325643,648612.64795376,724501.416587971,0.0930578142100143,0,2020.16377278688,2020.25683060109,9469000
5,6,0.03855,649770.773087567,725715.681325643,655284.800522629,748554.565832172,0.03855,0,2020.16377278688,2020.20232278688,9469000
6,2,0.0217209289600143,655284.800522629,748554.565832172,657800.126248912,758502.506508754,0.0602709289600143,0.03855,2020.20232278688,2020.22404371584,9469000
6,7,0.01206,655284.800522629,748554.565832172,655242.75492498,747404.010595882,0.05061,0.03855,2020.20232278688,2020.21438278688,9469000
7,3,0.0506445355200143,655242.75492498,747404.010595882,653750.942371431,742066.233917424,0.101254535520014,0.05061,2020.21438278688,2020.2650273224,9469000
7,4,0.0397155737700143,655242.75492498,747404.010595882,642576.544356934,740209.903603787,0.0903255737700143,0.05061,2020.21438278688,2020.25409836065,9469000
