node1,node2,length,startLat,startLon,endLat,endLon,endNodeL,startNodeL,startYear,endYear,treeID
5,1,0.0930578142100143,648636.601678662,724548.720258475,648612.64795376,724501.416587971,0.0930578142100143,0,2020.16377278688,2020.25683060109,3304000
5,6,0.03855,648636.601678662,724548.720258475,651911.521518981,734910.987474472,0.03855,0,2020.16377278688,2020.20232278688,3304000
6,2,0.0217209289600143,651911.521518981,734910.987474472,657800.126248912,758502.506508754,0.0602709289600143,0.03855,2020.20232278688,2020.22404371584,3304000
6,7,0.01206,651911.521518981,734910.987474472,652015.09602991,735162.339666327,0.05061,0.03855,2020.20232278688,2020.21438278688,3304000
7,3,0.0506445355200143,652015.09602991,735162.339666327,653750.942371431,742066.233917424,0.101254535520014,0.05061,2020.21438278688,2020.2650273224,3304000
7,4,0.0397155737700143,652015.09602991,735162.339666327,642576.544356934,740209.903603787,0.0903255737700143,0.05061,2020.21438278688,2020.25409836065,3304000
