node1,node2,length,startLat,startLon,endLat,endLon,endNodeL,startNodeL,startYear,endYear,treeID
4,1,0.042244,708584.599161873,665289.859385033,710135.605498291,666833.798610213,0.042244,0,2020.19819315847,2020.24043715847,5104000
4,5,0.000890000000000002,708584.599161873,665289.859385033,724052.296364216,681613.169950778,0.000890000000000002,0,2020.19819315847,2020.19908315847,5104000
5,2,0.0413532404398546,724052.296364216,681613.169950778,697996.749488315,715084.408491684,0.0422432404398546,0.000890000000000002,2020.19908315847,2020.24043639891,5104000
5,3,0.0440862404398546,724052.296364216,681613.169950778,724517.22857162,682071.179680302,0.0449762404398546,0.000890000000000002,2020.19908315847,2020.24316939891,5104000
