node1,node2,length,startLat,startLon,endLat,endLon,endNodeL,startNodeL,startYear,endYear,treeID
4,1,0.042244,709896.271358274,666607.091279762,710135.605498291,666833.798610213,0.042244,0,2020.19819315847,2020.24043715847,8830000
4,5,0.000890000000000002,709896.271358274,666607.091279762,709889.125124852,666600.454175052,0.000890000000000002,0,2020.19819315847,2020.19908315847,8830000
5,2,0.0413532404398546,709889.125124852,666600.454175052,697996.749488315,715084.408491684,0.0422432404398546,0.000890000000000002,2020.19908315847,2020.24043639891,8830000
5,3,0.0440862404398546,709889.125124852,666600.454175052,724517.22857162,682071.179680302,0.0449762404398546,0.000890000000000002,2020.19908315847,2020.24316939891,8830000
