node1,node2,length,startLat,startLon,endLat,endLon,endNodeL,startNodeL,startYear,endYear,treeID
4,1,0.042244,728740.698412933,686294.305136638,710135.605498291,666833.798610213,0.042244,0,2020.19819315847,2020.24043715847,5518000
4,5,0.000890000000000002,728740.698412933,686294.305136638,728779.462554266,686324.568723228,0.000890000000000002,0,2020.19819315847,2020.19908315847,5518000
5,2,0.0413532404398546,728779.462554266,686324.568723228,697996.749488315,715084.408491684,0.0422432404398546,0.000890000000000002,2020.19908315847,2020.24043639891,5518000
5,3,0.0440862404398546,728779.462554266,686324.568723228,724517.22857162,682071.179680302,0.0449762404398546,0.000890000000000002,2020.19908315847,2020.24316939891,5518000
