node1,node2,length,startLat,startLon,endLat,endLon,endNodeL,startNodeL,startYear,endYear,treeID
5,6,0.00294,674565.135537427,675985.612919278,680261.724613842,678885.473609836,0.00294,0,2020.16368278689,2020.16662278689,2935000
5,7,0.01114,674565.135537427,675985.612919278,670939.53730184,673009.114426886,0.01114,0,2020.16368278689,2020.17482278689,2935000
6,1,4.38797800742536e-05,680261.724613842,678885.473609836,679377.463213542,683321.874530757,0.00298387978007425,0.00294,2020.16662278689,2020.16666666667,2935000
6,2,4.38797800742536e-05,680261.724613842,678885.473609836,680330.045002455,678912.380150507,0.00298387978007425,0.00294,2020.16662278689,2020.16666666667,2935000
7,3,4.06010914542534e-05,670939.53730184,673009.114426886,669917.853535457,561915.045962201,0.0111806010914543,0.01114,2020.17482278689,2020.17486338798,2935000
7,4,4.06010914542534e-05,670939.53730184,673009.114426886,670850.014193383,672958.973788426,0.0111806010914543,0.01114,2020.17482278689,2020.17486338798,2935000
