node1,node2,length,startLat,startLon,endLat,endLon,endNodeL,startNodeL,startYear,endYear,treeID
5,6,0.00294,670403.092514696,673073.519333696,679768.543337133,683230.942071261,0.00294,0,2020.16368278689,2020.16662278689,3196000
5,7,0.01114,670403.092514696,673073.519333696,670842.394568044,673023.436239267,0.01114,0,2020.16368278689,2020.17482278689,3196000
6,1,4.38797800742536e-05,679768.543337133,683230.942071261,679377.463213542,683321.874530757,0.00298387978007425,0.00294,2020.16662278689,2020.16666666667,3196000
6,2,4.38797800742536e-05,679768.543337133,683230.942071261,680330.045002455,678912.380150507,0.00298387978007425,0.00294,2020.16662278689,2020.16666666667,3196000
7,3,4.06010914542534e-05,670842.394568044,673023.436239267,669917.853535457,561915.045962201,0.0111806010914543,0.01114,2020.17482278689,2020.17486338798,3196000
7,4,4.06010914542534e-05,670842.394568044,673023.436239267,670850.014193383,672958.973788426,0.0111806010914543,0.01114,2020.17482278689,2020.17486338798,3196000
