node1,node2,length,startLat,startLon,endLat,endLon,endNodeL,startNodeL,startYear,endYear,treeID
4,1,0.042244,710232.490279259,666945.50034491,710135.605498291,666833.798610213,0.042244,0,2020.19819315847,2020.24043715847,8299000
4,5,0.000890000000000002,710232.490279259,666945.50034491,710143.997212013,666856.078427289,0.000890000000000002,0,2020.19819315847,2020.19908315847,8299000
5,2,0.0413532404398546,710143.997212013,666856.078427289,697996.749488315,715084.408491684,0.0422432404398546,0.000890000000000002,2020.19908315847,2020.24043639891,8299000
5,3,0.0440862404398546,710143.997212013,666856.078427289,724517.22857162,682071.179680302,0.0449762404398546,0.000890000000000002,2020.19908315847,2020.24316939891,8299000
