node1,node2,length,startLat,startLon,endLat,endLon,endNodeL,startNodeL,startYear,endYear,treeID
4,1,0.042244,709404.679940565,666109.044909248,710135.605498291,666833.798610213,0.042244,0,2020.19819315847,2020.24043715847,5545000
4,5,0.000890000000000002,709404.679940565,666109.044909248,709202.749210326,665875.714414848,0.000890000000000002,0,2020.19819315847,2020.19908315847,5545000
5,2,0.0413532404398546,709202.749210326,665875.714414848,697996.749488315,715084.408491684,0.0422432404398546,0.000890000000000002,2020.19908315847,2020.24043639891,5545000
5,3,0.0440862404398546,709202.749210326,665875.714414848,724517.22857162,682071.179680302,0.0449762404398546,0.000890000000000002,2020.19908315847,2020.24316939891,5545000
