node1,node2,length,startLat,startLon,endLat,endLon,endNodeL,startNodeL,startYear,endYear,treeID
4,1,0.042244,709426.172980297,666111.558084797,710135.605498291,666833.798610213,0.042244,0,2020.19819315847,2020.24043715847,1333000
4,5,0.000890000000000002,709426.172980297,666111.558084797,723687.734379531,681287.479189254,0.000890000000000002,0,2020.19819315847,2020.19908315847,1333000
5,2,0.0413532404398546,723687.734379531,681287.479189254,697996.749488315,715084.408491684,0.0422432404398546,0.000890000000000002,2020.19908315847,2020.24043639891,1333000
5,3,0.0440862404398546,723687.734379531,681287.479189254,724517.22857162,682071.179680302,0.0449762404398546,0.000890000000000002,2020.19908315847,2020.24316939891,1333000
