node1,node2,length,startLat,startLon,endLat,endLon,endNodeL,startNodeL,startYear,endYear,treeID
4,1,0.042244,724294.820110895,681836.847142887,710135.605498291,666833.798610213,0.042244,0,2020.19819315847,2020.24043715847,3115000
4,5,0.000890000000000002,724294.820110895,681836.847142887,724297.206671058,681844.832070429,0.000890000000000002,0,2020.19819315847,2020.19908315847,3115000
5,2,0.0413532404398546,724297.206671058,681844.832070429,697996.749488315,715084.408491684,0.0422432404398546,0.000890000000000002,2020.19908315847,2020.24043639891,3115000
5,3,0.0440862404398546,724297.206671058,681844.832070429,724517.22857162,682071.179680302,0.0449762404398546,0.000890000000000002,2020.19908315847,2020.24316939891,3115000
