node1,node2,length,startLat,startLon,endLat,endLon,endNodeL,startNodeL,startYear,endYear,treeID
4,1,0.0168790655699446,642819.216744567,739079.860162784,642324.078339003,738769.330823249,0.0168790655699446,0,2020.18530672678,2020.20218579235,520000
4,5,0.01387748726,642819.216744567,739079.860162784,642534.673268066,738943.119798611,0.01387748726,0,2020.18530672678,2020.19918421404,520000
5,2,0.000269337878344628,642534.673268066,738943.119798611,646431.892913191,735418.723830617,0.0141468251383446,0.01387748726,2020.19918421404,2020.19945355192,520000
5,3,0.0549141466199446,642534.673268066,738943.119798611,635595.259433519,735961.632471443,0.0687916338799446,0.01387748726,2020.19918421404,2020.25409836066,520000
