node1,node2,length,startLat,startLon,endLat,endLon,endNodeL,startNodeL,startYear,endYear,treeID
6,7,0.0028,680628.87936547,675392.436495204,703876.918433391,647919.148083279,0.0028,0,2020.22118278689,2020.22398278689,7435000
6,8,0.00533,680628.87936547,675392.436495204,680956.437939932,674447.83447918,0.00533,0,2020.22118278689,2020.22651278689,7435000
7,1,6.09289614231547e-05,703876.918433391,647919.148083279,703864.293840675,648161.407649545,0.00286092896142316,0.0028,2020.22398278689,2020.22404371585,7435000
7,2,0.00279316939865316,703876.918433391,647919.148083279,668772.515582025,660983.165944161,0.00559316939865316,0.0028,2020.22398278689,2020.22677595629,7435000
8,3,0.00299540983565315,680956.437939932,674447.83447918,695033.162534956,685586.100058501,0.00832540983565315,0.00533,2020.22651278689,2020.22950819672,7435000
8,9,0.01387,680956.437939932,674447.83447918,679265.755682367,675287.830575885,0.0192,0.00533,2020.22651278689,2020.24038278689,7435000
9,4,0.00278661202165316,679265.755682367,675287.830575885,713224.269232532,662318.084600783,0.0219866120216532,0.0192,2020.24038278689,2020.24316939891,7435000
9,5,5.43715844031553e-05,679265.755682367,675287.830575885,679261.738084961,675250.970946391,0.0192543715844032,0.0192,2020.24038278689,2020.24043715847,7435000
