node1,node2,length,startLat,startLon,endLat,endLon,endNodeL,startNodeL,startYear,endYear,treeID
4,1,0.0168790655699446,647563.83458209,736908.739119012,642324.078339003,738769.330823249,0.0168790655699446,0,2020.18530672678,2020.20218579235,421000
4,5,0.01387748726,647563.83458209,736908.739119012,646437.537271409,735364.637423028,0.01387748726,0,2020.18530672678,2020.19918421404,421000
5,2,0.000269337878344628,646437.537271409,735364.637423028,646431.892913191,735418.723830617,0.0141468251383446,0.01387748726,2020.19918421404,2020.19945355192,421000
5,3,0.0549141466199446,646437.537271409,735364.637423028,635595.259433519,735961.632471443,0.0687916338799446,0.01387748726,2020.19918421404,2020.25409836066,421000
