node1,node2,length,startLat,startLon,endLat,endLon,endNodeL,startNodeL,startYear,endYear,treeID
6,7,0.0028,668588.976429043,660711.324841889,668734.555331681,660880.072641292,0.0028,0,2020.22118278689,2020.22398278689,2359000
6,8,0.00533,668588.976429043,660711.324841889,680542.733139927,675935.534012294,0.00533,0,2020.22118278689,2020.22651278689,2359000
7,1,6.09289614231547e-05,668734.555331681,660880.072641292,703864.293840675,648161.407649545,0.00286092896142316,0.0028,2020.22398278689,2020.22404371585,2359000
7,2,0.00279316939865316,668734.555331681,660880.072641292,668772.515582025,660983.165944161,0.00559316939865316,0.0028,2020.22398278689,2020.22677595629,2359000
8,3,0.00299540983565315,680542.733139927,675935.534012294,695033.162534956,685586.100058501,0.00832540983565315,0.00533,2020.22651278689,2020.22950819672,2359000
8,9,0.01387,680542.733139927,675935.534012294,679274.073478593,675256.47927606,0.0192,0.00533,2020.22651278689,2020.24038278689,2359000
9,4,0.00278661202165316,679274.073478593,675256.47927606,713224.269232532,662318.084600783,0.0219866120216532,0.0192,2020.24038278689,2020.24316939891,2359000
9,5,5.43715844031553e-05,679274.073478593,675256.47927606,679261.738084961,675250.970946391,0.0192543715844032,0.0192,2020.24038278689,2020.24043715847,2359000
