node1,node2,length,startLat,startLon,endLat,endLon,endNodeL,startNodeL,startYear,endYear,treeID
6,7,0.0028,668515.202805112,663738.263761147,670635.161436564,661102.356262191,0.0028,0,2020.22118278689,2020.22398278689,2890000
6,8,0.00533,668515.202805112,663738.263761147,672537.705154424,661160.115180482,0.00533,0,2020.22118278689,2020.22651278689,2890000
7,1,6.09289614231547e-05,670635.161436564,661102.356262191,703864.293840675,648161.407649545,0.00286092896142316,0.0028,2020.22398278689,2020.22404371585,2890000
7,2,0.00279316939865316,670635.161436564,661102.356262191,668772.515582025,660983.165944161,0.00559316939865316,0.0028,2020.22398278689,2020.22677595629,2890000
8,3,0.00299540983565315,672537.705154424,661160.115180482,695033.162534956,685586.100058501,0.00832540983565315,0.00533,2020.22651278689,2020.22950819672,2890000
8,9,0.01387,672537.705154424,661160.115180482,679063.670115451,675362.167587418,0.0192,0.00533,2020.22651278689,2020.24038278689,2890000
9,4,0.00278661202165316,679063.670115451,675362.167587418,713224.269232532,662318.084600783,0.0219866120216532,0.0192,2020.24038278689,2020.24316939891,2890000
9,5,5.43715844031553e-05,679063.670115451,675362.167587418,679261.738084961,675250.970946391,0.0192543715844032,0.0192,2020.24038278689,2020.24043715847,2890000
