node1,node2,length,startLat,startLon,endLat,endLon,endNodeL,startNodeL,startYear,endYear,treeID
6,7,0.0028,679505.077814887,675093.607541217,703828.633366037,648147.014295031,0.0028,0,2020.22118278689,2020.22398278689,4438000
6,8,0.00533,679505.077814887,675093.607541217,679329.558099341,674878.050620372,0.00533,0,2020.22118278689,2020.22651278689,4438000
7,1,6.09289614231547e-05,703828.633366037,648147.014295031,703864.293840675,648161.407649545,0.00286092896142316,0.0028,2020.22398278689,2020.22404371585,4438000
7,2,0.00279316939865316,703828.633366037,648147.014295031,668772.515582025,660983.165944161,0.00559316939865316,0.0028,2020.22398278689,2020.22677595629,4438000
8,3,0.00299540983565315,679329.558099341,674878.050620372,695033.162534956,685586.100058501,0.00832540983565315,0.00533,2020.22651278689,2020.22950819672,4438000
8,9,0.01387,679329.558099341,674878.050620372,679280.818133957,675290.835075002,0.0192,0.00533,2020.22651278689,2020.24038278689,4438000
9,4,0.00278661202165316,679280.818133957,675290.835075002,713224.269232532,662318.084600783,0.0219866120216532,0.0192,2020.24038278689,2020.24316939891,4438000
9,5,5.43715844031553e-05,679280.818133957,675290.835075002,679261.738084961,675250.970946391,0.0192543715844032,0.0192,2020.24038278689,2020.24043715847,4438000
