node1,node2,length,startLat,startLon,endLat,endLon,endNodeL,startNodeL,startYear,endYear,treeID
6,7,0.0028,701313.869260197,648898.973344915,703491.325368907,648073.194125145,0.0028,0,2020.22118278689,2020.22398278689,6985000
6,8,0.00533,701313.869260197,648898.973344915,703488.599621052,649776.755461608,0.00533,0,2020.22118278689,2020.22651278689,6985000
7,1,6.09289614231547e-05,703491.325368907,648073.194125145,703864.293840675,648161.407649545,0.00286092896142316,0.0028,2020.22398278689,2020.22404371585,6985000
7,2,0.00279316939865316,703491.325368907,648073.194125145,668772.515582025,660983.165944161,0.00559316939865316,0.0028,2020.22398278689,2020.22677595629,6985000
8,3,0.00299540983565315,703488.599621052,649776.755461608,695033.162534956,685586.100058501,0.00832540983565315,0.00533,2020.22651278689,2020.22950819672,6985000
8,9,0.01387,703488.599621052,649776.755461608,714153.657359067,661886.801648912,0.0192,0.00533,2020.22651278689,2020.24038278689,6985000
9,4,0.00278661202165316,714153.657359067,661886.801648912,713224.269232532,662318.084600783,0.0219866120216532,0.0192,2020.24038278689,2020.24316939891,6985000
9,5,5.43715844031553e-05,714153.657359067,661886.801648912,679261.738084961,675250.970946391,0.0192543715844032,0.0192,2020.24038278689,2020.24043715847,6985000
