node1,node2,length,startLat,startLon,endLat,endLon,endNodeL,startNodeL,startYear,endYear,treeID
4,1,0.0168790655699446,646402.23277348,735500.657251417,642324.078339003,738769.330823249,0.0168790655699446,0,2020.18530672678,2020.20218579235,379000
4,5,0.01387748726,646402.23277348,735500.657251417,646420.746672844,735406.124180027,0.01387748726,0,2020.18530672678,2020.19918421404,379000
5,2,0.000269337878344628,646420.746672844,735406.124180027,646431.892913191,735418.723830617,0.0141468251383446,0.01387748726,2020.19918421404,2020.19945355192,379000
5,3,0.0549141466199446,646420.746672844,735406.124180027,635595.259433519,735961.632471443,0.0687916338799446,0.01387748726,2020.19918421404,2020.25409836066,379000
