node1,node2,length,startLat,startLon,endLat,endLon,endNodeL,startNodeL,startYear,endYear,treeID
6,7,0.0028,703397.713934099,648786.204059439,703961.952408653,648096.320465148,0.0028,0,2020.22118278689,2020.22398278689,5590000
6,8,0.00533,703397.713934099,648786.204059439,688688.788780422,669095.690903044,0.00533,0,2020.22118278689,2020.22651278689,5590000
7,1,6.09289614231547e-05,703961.952408653,648096.320465148,703864.293840675,648161.407649545,0.00286092896142316,0.0028,2020.22398278689,2020.22404371585,5590000
7,2,0.00279316939865316,703961.952408653,648096.320465148,668772.515582025,660983.165944161,0.00559316939865316,0.0028,2020.22398278689,2020.22677595629,5590000
8,3,0.00299540983565315,688688.788780422,669095.690903044,695033.162534956,685586.100058501,0.00832540983565315,0.00533,2020.22651278689,2020.22950819672,5590000
8,9,0.01387,688688.788780422,669095.690903044,679318.934832954,675225.349154989,0.0192,0.00533,2020.22651278689,2020.24038278689,5590000
9,4,0.00278661202165316,679318.934832954,675225.349154989,713224.269232532,662318.084600783,0.0219866120216532,0.0192,2020.24038278689,2020.24316939891,5590000
9,5,5.43715844031553e-05,679318.934832954,675225.349154989,679261.738084961,675250.970946391,0.0192543715844032,0.0192,2020.24038278689,2020.24043715847,5590000
