node1,node2,length,startLat,startLon,endLat,endLon,endNodeL,startNodeL,startYear,endYear,treeID
4,1,0.0168790655699446,642000.490651024,738526.322215339,642324.078339003,738769.330823249,0.0168790655699446,0,2020.18530672678,2020.20218579235,632000
4,5,0.01387748726,642000.490651024,738526.322215339,641861.303764066,737882.099560893,0.01387748726,0,2020.18530672678,2020.19918421404,632000
5,2,0.000269337878344628,641861.303764066,737882.099560893,646431.892913191,735418.723830617,0.0141468251383446,0.01387748726,2020.19918421404,2020.19945355192,632000
5,3,0.0549141466199446,641861.303764066,737882.099560893,635595.259433519,735961.632471443,0.0687916338799446,0.01387748726,2020.19918421404,2020.25409836066,632000
