node1,node2,length,startLat,startLon,endLat,endLon,endNodeL,startNodeL,startYear,endYear,treeID
6,7,0.0028,669777.889241389,661088.125580274,668951.344741752,660720.903138425,0.0028,0,2020.22118278689,2020.22398278689,2260000
6,8,0.00533,669777.889241389,661088.125580274,669483.521915313,661718.780578623,0.00533,0,2020.22118278689,2020.22651278689,2260000
7,1,6.09289614231547e-05,668951.344741752,660720.903138425,703864.293840675,648161.407649545,0.00286092896142316,0.0028,2020.22398278689,2020.22404371585,2260000
7,2,0.00279316939865316,668951.344741752,660720.903138425,668772.515582025,660983.165944161,0.00559316939865316,0.0028,2020.22398278689,2020.22677595629,2260000
8,3,0.00299540983565315,669483.521915313,661718.780578623,695033.162534956,685586.100058501,0.00832540983565315,0.00533,2020.22651278689,2020.22950819672,2260000
8,9,0.01387,669483.521915313,661718.780578623,679179.110532515,675202.24847731,0.0192,0.00533,2020.22651278689,2020.24038278689,2260000
9,4,0.00278661202165316,679179.110532515,675202.24847731,713224.269232532,662318.084600783,0.0219866120216532,0.0192,2020.24038278689,2020.24316939891,2260000
9,5,5.43715844031553e-05,679179.110532515,675202.24847731,679261.738084961,675250.970946391,0.0192543715844032,0.0192,2020.24038278689,2020.24043715847,2260000
