node1,node2,length,startLat,startLon,endLat,endLon,endNodeL,startNodeL,startYear,endYear,treeID
6,7,0.0028,668636.546479228,660861.4405918,668549.616584213,660791.732644151,0.0028,0,2020.22118278689,2020.22398278689,1675000
6,8,0.00533,668636.546479228,660861.4405918,668796.277474039,661018.051981704,0.00533,0,2020.22118278689,2020.22651278689,1675000
7,1,6.09289614231547e-05,668549.616584213,660791.732644151,703864.293840675,648161.407649545,0.00286092896142316,0.0028,2020.22398278689,2020.22404371585,1675000
7,2,0.00279316939865316,668549.616584213,660791.732644151,668772.515582025,660983.165944161,0.00559316939865316,0.0028,2020.22398278689,2020.22677595629,1675000
8,3,0.00299540983565315,668796.277474039,661018.051981704,695033.162534956,685586.100058501,0.00832540983565315,0.00533,2020.22651278689,2020.22950819672,1675000
8,9,0.01387,668796.277474039,661018.051981704,679235.723916433,675236.391957449,0.0192,0.00533,2020.22651278689,2020.24038278689,1675000
9,4,0.00278661202165316,679235.723916433,675236.391957449,713224.269232532,662318.084600783,0.0219866120216532,0.0192,2020.24038278689,2020.24316939891,1675000
9,5,5.43715844031553e-05,679235.723916433,675236.391957449,679261.738084961,675250.970946391,0.0192543715844032,0.0192,2020.24038278689,2020.24043715847,1675000
