node1,node2,length,startLat,startLon,endLat,endLon,endNodeL,startNodeL,startYear,endYear,treeID
4,1,0.0168790655699446,641490.320488724,738706.16157176,642324.078339003,738769.330823249,0.0168790655699446,0,2020.18530672678,2020.20218579235,1069000
4,5,0.01387748726,641490.320488724,738706.16157176,637210.266977019,736923.938091399,0.01387748726,0,2020.18530672678,2020.19918421404,1069000
5,2,0.000269337878344628,637210.266977019,736923.938091399,646431.892913191,735418.723830617,0.0141468251383446,0.01387748726,2020.19918421404,2020.19945355192,1069000
5,3,0.0549141466199446,637210.266977019,736923.938091399,635595.259433519,735961.632471443,0.0687916338799446,0.01387748726,2020.19918421404,2020.25409836066,1069000
