node1,node2,length,startLat,startLon,endLat,endLon,endNodeL,startNodeL,startYear,endYear,treeID
4,1,0.0168790655699446,645823.820917613,735563.052832097,642324.078339003,738769.330823249,0.0168790655699446,0,2020.18530672678,2020.20218579235,554000
4,5,0.01387748726,645823.820917613,735563.052832097,646452.13460649,735387.746744662,0.01387748726,0,2020.18530672678,2020.19918421404,554000
5,2,0.000269337878344628,646452.13460649,735387.746744662,646431.892913191,735418.723830617,0.0141468251383446,0.01387748726,2020.19918421404,2020.19945355192,554000
5,3,0.0549141466199446,646452.13460649,735387.746744662,635595.259433519,735961.632471443,0.0687916338799446,0.01387748726,2020.19918421404,2020.25409836066,554000
