node1,node2,length,startLat,startLon,endLat,endLon,endNodeL,startNodeL,startYear,endYear,treeID
4,1,0.0168790655699446,639316.823812534,735106.498515891,642324.078339003,738769.330823249,0.0168790655699446,0,2020.18530672678,2020.20218579235,356000
4,5,0.01387748726,639316.823812534,735106.498515891,639069.588001159,734822.7101211,0.01387748726,0,2020.18530672678,2020.19918421404,356000
5,2,0.000269337878344628,639069.588001159,734822.7101211,646431.892913191,735418.723830617,0.0141468251383446,0.01387748726,2020.19918421404,2020.19945355192,356000
5,3,0.0549141466199446,639069.588001159,734822.7101211,635595.259433519,735961.632471443,0.0687916338799446,0.01387748726,2020.19918421404,2020.25409836066,356000
