node1,node2,length,startLat,startLon,endLat,endLon,endNodeL,startNodeL,startYear,endYear,treeID
6,7,0.0028,669152.22629984,661224.791079976,669279.051278902,661332.64118335,0.0028,0,2020.22118278689,2020.22398278689,2017000
6,8,0.00533,669152.22629984,661224.791079976,694002.6731241,684599.116943995,0.00533,0,2020.22118278689,2020.22651278689,2017000
7,1,6.09289614231547e-05,669279.051278902,661332.64118335,703864.293840675,648161.407649545,0.00286092896142316,0.0028,2020.22398278689,2020.22404371585,2017000
7,2,0.00279316939865316,669279.051278902,661332.64118335,668772.515582025,660983.165944161,0.00559316939865316,0.0028,2020.22398278689,2020.22677595629,2017000
8,3,0.00299540983565315,694002.6731241,684599.116943995,695033.162534956,685586.100058501,0.00832540983565315,0.00533,2020.22651278689,2020.22950819672,2017000
8,9,0.01387,694002.6731241,684599.116943995,679194.042683781,675200.092435987,0.0192,0.00533,2020.22651278689,2020.24038278689,2017000
9,4,0.00278661202165316,679194.042683781,675200.092435987,713224.269232532,662318.084600783,0.0219866120216532,0.0192,2020.24038278689,2020.24316939891,2017000
9,5,5.43715844031553e-05,679194.042683781,675200.092435987,679261.738084961,675250.970946391,0.0192543715844032,0.0192,2020.24038278689,2020.24043715847,2017000
