node1,node2,length,startLat,startLon,endLat,endLon,endNodeL,startNodeL,startYear,endYear,treeID
6,7,0.0028,673465.706588418,668205.326532517,668528.046557918,660242.378945612,0.0028,0,2020.22118278689,2020.22398278689,5932000
6,8,0.00533,673465.706588418,668205.326532517,673006.380065505,667292.209518466,0.00533,0,2020.22118278689,2020.22651278689,5932000
7,1,6.09289614231547e-05,668528.046557918,660242.378945612,703864.293840675,648161.407649545,0.00286092896142316,0.0028,2020.22398278689,2020.22404371585,5932000
7,2,0.00279316939865316,668528.046557918,660242.378945612,668772.515582025,660983.165944161,0.00559316939865316,0.0028,2020.22398278689,2020.22677595629,5932000
8,3,0.00299540983565315,673006.380065505,667292.209518466,695033.162534956,685586.100058501,0.00832540983565315,0.00533,2020.22651278689,2020.22950819672,5932000
8,9,0.01387,673006.380065505,667292.209518466,674280.273875233,668505.909047737,0.0192,0.00533,2020.22651278689,2020.24038278689,5932000
9,4,0.00278661202165316,674280.273875233,668505.909047737,713224.269232532,662318.084600783,0.0219866120216532,0.0192,2020.24038278689,2020.24316939891,5932000
9,5,5.43715844031553e-05,674280.273875233,668505.909047737,679261.738084961,675250.970946391,0.0192543715844032,0.0192,2020.24038278689,2020.24043715847,5932000
