node1,node2,length,startLat,startLon,endLat,endLon,endNodeL,startNodeL,startYear,endYear,treeID
6,7,0.0028,668866.497117577,661106.596398533,668766.697126452,660985.504784171,0.0028,0,2020.22118278689,2020.22398278689,6508000
6,8,0.00533,668866.497117577,661106.596398533,669044.662655362,661257.250678012,0.00533,0,2020.22118278689,2020.22651278689,6508000
7,1,6.09289614231547e-05,668766.697126452,660985.504784171,703864.293840675,648161.407649545,0.00286092896142316,0.0028,2020.22398278689,2020.22404371585,6508000
7,2,0.00279316939865316,668766.697126452,660985.504784171,668772.515582025,660983.165944161,0.00559316939865316,0.0028,2020.22398278689,2020.22677595629,6508000
8,3,0.00299540983565315,669044.662655362,661257.250678012,695033.162534956,685586.100058501,0.00832540983565315,0.00533,2020.22651278689,2020.22950819672,6508000
8,9,0.01387,669044.662655362,661257.250678012,679264.975749293,675245.156456601,0.0192,0.00533,2020.22651278689,2020.24038278689,6508000
9,4,0.00278661202165316,679264.975749293,675245.156456601,713224.269232532,662318.084600783,0.0219866120216532,0.0192,2020.24038278689,2020.24316939891,6508000
9,5,5.43715844031553e-05,679264.975749293,675245.156456601,679261.738084961,675250.970946391,0.0192543715844032,0.0192,2020.24038278689,2020.24043715847,6508000
