node1,node2,length,startLat,startLon,endLat,endLon,endNodeL,startNodeL,startYear,endYear,treeID
4,1,0.0597101180807848,634377.540653682,750859.459462942,658122.93769992,765112.809829924,0.0597101180807848,0,2020.19438824259,2020.25409836067,5518000
4,5,0.000388476369099999,634377.540653682,750859.459462942,634374.691903024,750857.054802854,0.000388476369099999,0,2020.19438824259,2020.19477671896,5518000
5,2,0.0593216417107848,634374.691903024,750857.054802854,636371.118941542,752447.925808931,0.0597101180798848,0.000388476369099999,2020.19477671896,2020.25409836067,5518000
5,3,0.163146778310785,634374.691903024,750857.054802854,640230.322180944,727453.843747512,0.163535254679885,0.000388476369099999,2020.19477671896,2020.35792349727,5518000
