node1,node2,length,startLat,startLon,endLat,endLon,endNodeL,startNodeL,startYear,endYear,treeID
4,1,0.0597101180807848,635820.875691643,751976.744264002,658122.93769992,765112.809829924,0.0597101180807848,0,2020.19438824259,2020.25409836067,8722000
4,5,0.000388476369099999,635820.875691643,751976.744264002,635820.764687687,751974.636014514,0.000388476369099999,0,2020.19438824259,2020.19477671896,8722000
5,2,0.0593216417107848,635820.764687687,751974.636014514,636371.118941542,752447.925808931,0.0597101180798848,0.000388476369099999,2020.19477671896,2020.25409836067,8722000
5,3,0.163146778310785,635820.764687687,751974.636014514,640230.322180944,727453.843747512,0.163535254679885,0.000388476369099999,2020.19477671896,2020.35792349727,8722000
