node1,node2,length,startLat,startLon,endLat,endLon,endNodeL,startNodeL,startYear,endYear,treeID
4,1,0.0597101180807848,636092.741969988,752114.189127067,658122.93769992,765112.809829924,0.0597101180807848,0,2020.19438824259,2020.25409836067,9784000
4,5,0.000388476369099999,636092.741969988,752114.189127067,636068.667320809,752088.569328315,0.000388476369099999,0,2020.19438824259,2020.19477671896,9784000
5,2,0.0593216417107848,636068.667320809,752088.569328315,636371.118941542,752447.925808931,0.0597101180798848,0.000388476369099999,2020.19477671896,2020.25409836067,9784000
5,3,0.163146778310785,636068.667320809,752088.569328315,640230.322180944,727453.843747512,0.163535254679885,0.000388476369099999,2020.19477671896,2020.35792349727,9784000
