node1,node2,length,startLat,startLon,endLat,endLon,endNodeL,startNodeL,startYear,endYear,treeID
4,1,0.021973,645576.478502636,761077.6614111,645486.227220323,760993.937910301,0.021973,0,2020.20480295628,2020.22677595628,4123000
4,5,0.04109,645576.478502636,761077.6614111,657212.555307878,753181.751136038,0.04109,0,2020.20480295628,2020.24589295628,4123000
5,2,0.0136698852498341,657212.555307878,753181.751136038,656667.605448212,752772.558341228,0.0547598852498341,0.04109,2020.24589295628,2020.25956284153,4123000
5,3,8.88524983408412e-06,657212.555307878,753181.751136038,648745.20589299,732790.681179748,0.0410988852498341,0.04109,2020.24589295628,2020.24590184153,4123000
