node1,node2,length,startLat,startLon,endLat,endLon,endNodeL,startNodeL,startYear,endYear,treeID
4,1,0.021973,645375.529627032,760748.599045772,645486.227220323,760993.937910301,0.021973,0,2020.20480295628,2020.22677595628,1360000
4,5,0.04109,645375.529627032,760748.599045772,648741.535710561,732779.239906941,0.04109,0,2020.20480295628,2020.24589295628,1360000
5,2,0.0136698852498341,648741.535710561,732779.239906941,656667.605448212,752772.558341228,0.0547598852498341,0.04109,2020.24589295628,2020.25956284153,1360000
5,3,8.88524983408412e-06,648741.535710561,732779.239906941,648745.20589299,732790.681179748,0.0410988852498341,0.04109,2020.24589295628,2020.24590184153,1360000
