node1,node2,length,startLat,startLon,endLat,endLon,endNodeL,startNodeL,startYear,endYear,treeID
4,1,0.05780284153,673806.869431708,676114.890664796,624312.588571425,648723.012522185,0.05780284153,0,2020.11979278689,2020.17759562842,9523000
4,5,0.02843,673806.869431708,676114.890664796,675088.542301126,676781.29891114,0.02843,0,2020.11979278689,2020.14822278689,9523000
5,2,0.01844387978,675088.542301126,676781.29891114,635095.870030013,703328.465768484,0.04687387978,0.02843,2020.14822278689,2020.16666666667,9523000
5,3,0.02117612022,675088.542301126,676781.29891114,674544.927877878,676461.37462801,0.04960612022,0.02843,2020.14822278689,2020.16939890711,9523000
