node1,node2,length,startLat,startLon,endLat,endLon,endNodeL,startNodeL,startYear,endYear,treeID
4,1,0.05780284153,636223.593949426,705750.361847208,624312.588571425,648723.012522185,0.05780284153,0,2020.11979278689,2020.17759562842,4105000
4,5,0.02843,636223.593949426,705750.361847208,635299.942673279,704036.022510515,0.02843,0,2020.11979278689,2020.14822278689,4105000
5,2,0.01844387978,635299.942673279,704036.022510515,635095.870030013,703328.465768484,0.04687387978,0.02843,2020.14822278689,2020.16666666667,4105000
5,3,0.02117612022,635299.942673279,704036.022510515,674544.927877878,676461.37462801,0.04960612022,0.02843,2020.14822278689,2020.16939890711,4105000
