node1,node2,length,startLat,startLon,endLat,endLon,endNodeL,startNodeL,startYear,endYear,treeID
4,1,0.05780284153,675033.79374804,677174.298511273,624312.588571425,648723.012522185,0.05780284153,0,2020.11979278689,2020.17759562842,9289000
4,5,0.02843,675033.79374804,677174.298511273,674650.677772349,676504.081160912,0.02843,0,2020.11979278689,2020.14822278689,9289000
5,2,0.01844387978,674650.677772349,676504.081160912,635095.870030013,703328.465768484,0.04687387978,0.02843,2020.14822278689,2020.16666666667,9289000
5,3,0.02117612022,674650.677772349,676504.081160912,674544.927877878,676461.37462801,0.04960612022,0.02843,2020.14822278689,2020.16939890711,9289000
