node1,node2,length,startLat,startLon,endLat,endLon,endNodeL,startNodeL,startYear,endYear,treeID
4,1,0.05780284153,625206.260615677,649868.293971092,624312.588571425,648723.012522185,0.05780284153,0,2020.11979278689,2020.17759562842,2242000
4,5,0.02843,625206.260615677,649868.293971092,675026.3480639,676953.467053985,0.02843,0,2020.11979278689,2020.14822278689,2242000
5,2,0.01844387978,675026.3480639,676953.467053985,635095.870030013,703328.465768484,0.04687387978,0.02843,2020.14822278689,2020.16666666667,2242000
5,3,0.02117612022,675026.3480639,676953.467053985,674544.927877878,676461.37462801,0.04960612022,0.02843,2020.14822278689,2020.16939890711,2242000
