node1,node2,length,startLat,startLon,endLat,endLon,endNodeL,startNodeL,startYear,endYear,treeID
4,1,0.05780284153,624051.531863377,648926.380695665,624312.588571425,648723.012522185,0.05780284153,0,2020.11979278689,2020.17759562842,5995000
4,5,0.02843,624051.531863377,648926.380695665,624035.822441231,649071.547283804,0.02843,0,2020.11979278689,2020.14822278689,5995000
5,2,0.01844387978,624035.822441231,649071.547283804,635095.870030013,703328.465768484,0.04687387978,0.02843,2020.14822278689,2020.16666666667,5995000
5,3,0.02117612022,624035.822441231,649071.547283804,674544.927877878,676461.37462801,0.04960612022,0.02843,2020.14822278689,2020.16939890711,5995000
