node1,node2,length,startLat,startLon,endLat,endLon,endNodeL,startNodeL,startYear,endYear,treeID
4,1,0.05780284153,624478.839014138,648850.881517196,624312.588571425,648723.012522185,0.05780284153,0,2020.11979278689,2020.17759562842,7876000
4,5,0.02843,624478.839014138,648850.881517196,624792.5141479,649014.293918325,0.02843,0,2020.11979278689,2020.14822278689,7876000
5,2,0.01844387978,624792.5141479,649014.293918325,635095.870030013,703328.465768484,0.04687387978,0.02843,2020.14822278689,2020.16666666667,7876000
5,3,0.02117612022,624792.5141479,649014.293918325,674544.927877878,676461.37462801,0.04960612022,0.02843,2020.14822278689,2020.16939890711,7876000
