node1,node2,length,startLat,startLon,endLat,endLon,endNodeL,startNodeL,startYear,endYear,treeID
4,1,0.05780284153,673877.447004167,676000.375923992,624312.588571425,648723.012522185,0.05780284153,0,2020.11979278689,2020.17759562842,4735000
4,5,0.02843,673877.447004167,676000.375923992,674019.223189112,676163.067073247,0.02843,0,2020.11979278689,2020.14822278689,4735000
5,2,0.01844387978,674019.223189112,676163.067073247,635095.870030013,703328.465768484,0.04687387978,0.02843,2020.14822278689,2020.16666666667,4735000
5,3,0.02117612022,674019.223189112,676163.067073247,674544.927877878,676461.37462801,0.04960612022,0.02843,2020.14822278689,2020.16939890711,4735000
