node1,node2,length,startLat,startLon,endLat,endLon,endNodeL,startNodeL,startYear,endYear,treeID
4,1,0.05780284153,624890.091705151,648967.54456513,624312.588571425,648723.012522185,0.05780284153,0,2020.11979278689,2020.17759562842,4348000
4,5,0.02843,624890.091705151,648967.54456513,624922.497236811,649000.502353304,0.02843,0,2020.11979278689,2020.14822278689,4348000
5,2,0.01844387978,624922.497236811,649000.502353304,635095.870030013,703328.465768484,0.04687387978,0.02843,2020.14822278689,2020.16666666667,4348000
5,3,0.02117612022,624922.497236811,649000.502353304,674544.927877878,676461.37462801,0.04960612022,0.02843,2020.14822278689,2020.16939890711,4348000
