node1,node2,length,startLat,startLon,endLat,endLon,endNodeL,startNodeL,startYear,endYear,treeID
4,1,0.05780284153,686727.324898415,688419.289005265,624312.588571425,648723.012522185,0.05780284153,0,2020.11979278689,2020.17759562842,4636000
4,5,0.02843,686727.324898415,688419.289005265,686349.115628217,688019.283026651,0.02843,0,2020.11979278689,2020.14822278689,4636000
5,2,0.01844387978,686349.115628217,688019.283026651,635095.870030013,703328.465768484,0.04687387978,0.02843,2020.14822278689,2020.16666666667,4636000
5,3,0.02117612022,686349.115628217,688019.283026651,674544.927877878,676461.37462801,0.04960612022,0.02843,2020.14822278689,2020.16939890711,4636000
