node1,node2,length,startLat,startLon,endLat,endLon,endNodeL,startNodeL,startYear,endYear,treeID
4,1,0.05780284153,624510.703663523,648937.774984125,624312.588571425,648723.012522185,0.05780284153,0,2020.11979278689,2020.17759562842,6589000
4,5,0.02843,624510.703663523,648937.774984125,674576.272288877,676532.068631933,0.02843,0,2020.11979278689,2020.14822278689,6589000
5,2,0.01844387978,674576.272288877,676532.068631933,635095.870030013,703328.465768484,0.04687387978,0.02843,2020.14822278689,2020.16666666667,6589000
5,3,0.02117612022,674576.272288877,676532.068631933,674544.927877878,676461.37462801,0.04960612022,0.02843,2020.14822278689,2020.16939890711,6589000
