node1,node2,length,startLat,startLon,endLat,endLon,endNodeL,startNodeL,startYear,endYear,treeID
4,1,1.50000000000011e-05,643204.983667225,572926.2773937,643208.331351776,572947.73524852,1.50000000000011e-05,0,2020.22949319672,2020.22950819672,7489000
4,5,0.03825,643204.983667225,572926.2773937,636716.561708769,600691.946023141,0.03825,0,2020.22949319672,2020.26774319672,7489000
5,2,1.63661199936924e-05,636716.561708769,600691.946023141,636604.286342663,600726.7701768,0.0382663661199937,0.03825,2020.26774319672,2020.26775956284,7489000
5,3,1.63661199936924e-05,636716.561708769,600691.946023141,636159.356238246,595883.421515817,0.0382663661199937,0.03825,2020.26774319672,2020.26775956284,7489000
