node1,node2,length,startLat,startLon,endLat,endLon,endNodeL,startNodeL,startYear,endYear,treeID
4,1,0.0467967711299322,644715.551198957,576624.175256384,666620.555758804,649935.429432172,0.0467967711299322,0,2020.17724694471,2020.22404371584,933000
4,5,0.03555924243,644715.551198957,576624.175256384,644181.813976517,576423.714250731,0.03555924243,0,2020.17724694471,2020.21280618714,933000
5,2,0.0167020095799322,644181.813976517,576423.714250731,648482.224462685,578586.422219542,0.0522612520099322,0.03555924243,2020.21280618714,2020.22950819672,933000
5,3,0.0167020095799322,644181.813976517,576423.714250731,643771.505820132,575988.083409213,0.0522612520099322,0.03555924243,2020.21280618714,2020.22950819672,933000
