node1,node2,length,startLat,startLon,endLat,endLon,endNodeL,startNodeL,startYear,endYear,treeID
4,1,0.0467967711299322,648857.630398025,578813.391187027,666620.555758804,649935.429432172,0.0467967711299322,0,2020.17724694471,2020.22404371584,741000
4,5,0.03555924243,648857.630398025,578813.391187027,648292.023357857,578477.010272473,0.03555924243,0,2020.17724694471,2020.21280618714,741000
5,2,0.0167020095799322,648292.023357857,578477.010272473,648482.224462685,578586.422219542,0.0522612520099322,0.03555924243,2020.21280618714,2020.22950819672,741000
5,3,0.0167020095799322,648292.023357857,578477.010272473,643771.505820132,575988.083409213,0.0522612520099322,0.03555924243,2020.21280618714,2020.22950819672,741000
