node1,node2,length,startLat,startLon,endLat,endLon,endNodeL,startNodeL,startYear,endYear,treeID
4,1,0.0467967711299322,596271.379773738,581188.493137931,666620.555758804,649935.429432172,0.0467967711299322,0,2020.17724694471,2020.22404371584,874000
4,5,0.03555924243,596271.379773738,581188.493137931,643681.622114907,575861.585768284,0.03555924243,0,2020.17724694471,2020.21280618714,874000
5,2,0.0167020095799322,643681.622114907,575861.585768284,648482.224462685,578586.422219542,0.0522612520099322,0.03555924243,2020.21280618714,2020.22950819672,874000
5,3,0.0167020095799322,643681.622114907,575861.585768284,643771.505820132,575988.083409213,0.0522612520099322,0.03555924243,2020.21280618714,2020.22950819672,874000
