node1,node2,length,startLat,startLon,endLat,endLon,endNodeL,startNodeL,startYear,endYear,treeID
4,1,1.50000000000011e-05,643197.836296742,572745.300540725,643208.331351776,572947.73524852,1.50000000000011e-05,0,2020.22949319672,2020.22950819672,9946000
4,5,0.03825,643197.836296742,572745.300540725,636157.824022107,595862.099903375,0.03825,0,2020.22949319672,2020.26774319672,9946000
5,2,1.63661199936924e-05,636157.824022107,595862.099903375,636604.286342663,600726.7701768,0.0382663661199937,0.03825,2020.26774319672,2020.26775956284,9946000
5,3,1.63661199936924e-05,636157.824022107,595862.099903375,636159.356238246,595883.421515817,0.0382663661199937,0.03825,2020.26774319672,2020.26775956284,9946000
