node1,node2,length,startLat,startLon,endLat,endLon,endNodeL,startNodeL,startYear,endYear,treeID
8,1,0.0569881186895,698831.792488225,695229.892355417,694487.226383461,697153.724119429,0.0569881186895,0,2020.18618128022,2020.24316939891,9694000
8,9,0.000503052210500003,698831.792488225,695229.892355417,698944.31356685,695340.472895222,0.000503052210500003,0,2020.18618128022,2020.18668433243,9694000
9,10,0.03433845446,698944.31356685,695340.472895222,688194.810341987,609614.979105657,0.0348415066705,0.000503052210500003,2020.18668433243,2020.22102278689,9694000
9,7,0.0564850664795,698944.31356685,695340.472895222,682673.120871877,679274.988717182,0.05698811869,0.000503052210500003,2020.18668433243,2020.24316939891,9694000
10,11,0.00571,688194.810341987,609614.979105657,688544.152500438,610218.786386361,0.0405515066705,0.0348415066705,2020.22102278689,2020.22673278689,9694000
10,13,0.00823,688194.810341987,609614.979105657,692422.70517899,606894.749782856,0.0430715066705,0.0348415066705,2020.22102278689,2020.22925278689,9694000
11,2,4.31693983899903e-05,688544.152500438,610218.786386361,695150.500102222,602758.191752064,0.04059467606889,0.0405515066705,2020.22673278689,2020.22677595629,9694000
11,12,0.01093,688544.152500438,610218.786386361,693491.740736462,608653.719772541,0.0514815066705,0.0405515066705,2020.22673278689,2020.23766278689,9694000
12,3,4.2131146899993e-05,693491.740736462,608653.719772541,677032.892177544,654774.841439318,0.0515236378174,0.0514815066705,2020.23766278689,2020.23770491804,9694000
12,4,0.00277437158449999,693491.740736462,608653.719772541,691461.708845711,618692.613834045,0.054255878255,0.0514815066705,2020.23766278689,2020.24043715847,9694000
13,5,0.0139166120195,692422.70517899,606894.749782856,691957.555995569,606529.66484563,0.05698811869,0.0430715066705,2020.22925278689,2020.24316939891,9694000
13,6,0.0139166120195,692422.70517899,606894.749782856,648941.112995578,622443.115755442,0.05698811869,0.0430715066705,2020.22925278689,2020.24316939891,9694000
