node1,node2,length,startLat,startLon,endLat,endLon,endNodeL,startNodeL,startYear,endYear,treeID
8,1,0.0569881186895,695415.008078951,696046.191241501,694487.226383461,697153.724119429,0.0569881186895,0,2020.18618128022,2020.24316939891,6409000
8,9,0.000503052210500003,695415.008078951,696046.191241501,695217.576631353,696715.951519235,0.000503052210500003,0,2020.18618128022,2020.18668433243,6409000
9,10,0.03433845446,695217.576631353,696715.951519235,693875.905640236,600851.124217387,0.0348415066705,0.000503052210500003,2020.18668433243,2020.22102278689,6409000
9,7,0.0564850664795,695217.576631353,696715.951519235,682673.120871877,679274.988717182,0.05698811869,0.000503052210500003,2020.18668433243,2020.24316939891,6409000
10,11,0.00571,693875.905640236,600851.124217387,695136.244807482,603049.837898168,0.0405515066705,0.0348415066705,2020.22102278689,2020.22673278689,6409000
10,13,0.00823,693875.905640236,600851.124217387,693883.229413704,601972.861517772,0.0430715066705,0.0348415066705,2020.22102278689,2020.22925278689,6409000
11,2,4.31693983899903e-05,695136.244807482,603049.837898168,695150.500102222,602758.191752064,0.04059467606889,0.0405515066705,2020.22673278689,2020.22677595629,6409000
11,12,0.01093,695136.244807482,603049.837898168,689868.21365395,620051.399072264,0.0514815066705,0.0405515066705,2020.22673278689,2020.23766278689,6409000
12,3,4.2131146899993e-05,689868.21365395,620051.399072264,677032.892177544,654774.841439318,0.0515236378174,0.0514815066705,2020.23766278689,2020.23770491804,6409000
12,4,0.00277437158449999,689868.21365395,620051.399072264,691461.708845711,618692.613834045,0.054255878255,0.0514815066705,2020.23766278689,2020.24043715847,6409000
13,5,0.0139166120195,693883.229413704,601972.861517772,691957.555995569,606529.66484563,0.05698811869,0.0430715066705,2020.22925278689,2020.24316939891,6409000
13,6,0.0139166120195,693883.229413704,601972.861517772,648941.112995578,622443.115755442,0.05698811869,0.0430715066705,2020.22925278689,2020.24316939891,6409000
