node1,node2,length,startLat,startLon,endLat,endLon,endNodeL,startNodeL,startYear,endYear,treeID
8,1,0.0569881186895,679309.029033447,648527.788088674,694487.226383461,697153.724119429,0.0569881186895,0,2020.18618128022,2020.24316939891,8254000
8,9,0.000503052210500003,679309.029033447,648527.788088674,679624.641706405,646927.380674944,0.000503052210500003,0,2020.18618128022,2020.18668433243,8254000
9,10,0.03433845446,679624.641706405,646927.380674944,690817.306486012,617741.104322851,0.0348415066705,0.000503052210500003,2020.18668433243,2020.22102278689,8254000
9,7,0.0564850664795,679624.641706405,646927.380674944,682673.120871877,679274.988717182,0.05698811869,0.000503052210500003,2020.18668433243,2020.24316939891,8254000
10,11,0.00571,690817.306486012,617741.104322851,694996.573660899,603664.189042033,0.0405515066705,0.0348415066705,2020.22102278689,2020.22673278689,8254000
10,13,0.00823,690817.306486012,617741.104322851,691748.0163305,611570.800850571,0.0430715066705,0.0348415066705,2020.22102278689,2020.22925278689,8254000
11,2,4.31693983899903e-05,694996.573660899,603664.189042033,695150.500102222,602758.191752064,0.04059467606889,0.0405515066705,2020.22673278689,2020.22677595629,8254000
11,12,0.01093,694996.573660899,603664.189042033,701389.666802423,585057.064857754,0.0514815066705,0.0405515066705,2020.22673278689,2020.23766278689,8254000
12,3,4.2131146899993e-05,701389.666802423,585057.064857754,677032.892177544,654774.841439318,0.0515236378174,0.0514815066705,2020.23766278689,2020.23770491804,8254000
12,4,0.00277437158449999,701389.666802423,585057.064857754,691461.708845711,618692.613834045,0.054255878255,0.0514815066705,2020.23766278689,2020.24043715847,8254000
13,5,0.0139166120195,691748.0163305,611570.800850571,691957.555995569,606529.66484563,0.05698811869,0.0430715066705,2020.22925278689,2020.24316939891,8254000
13,6,0.0139166120195,691748.0163305,611570.800850571,648941.112995578,622443.115755442,0.05698811869,0.0430715066705,2020.22925278689,2020.24316939891,8254000
