node1,node2,length,startLat,startLon,endLat,endLon,endNodeL,startNodeL,startYear,endYear,treeID
8,1,0.0569881186895,692636.482571426,703501.664825375,694487.226383461,697153.724119429,0.0569881186895,0,2020.18618128022,2020.24316939891,8560000
8,9,0.000503052210500003,692636.482571426,703501.664825375,682408.987842635,678636.374306724,0.000503052210500003,0,2020.18618128022,2020.18668433243,8560000
9,10,0.03433845446,682408.987842635,678636.374306724,687483.730628652,609996.446100454,0.0348415066705,0.000503052210500003,2020.18668433243,2020.22102278689,8560000
9,7,0.0564850664795,682408.987842635,678636.374306724,682673.120871877,679274.988717182,0.05698811869,0.000503052210500003,2020.18668433243,2020.24316939891,8560000
10,11,0.00571,687483.730628652,609996.446100454,695150.237260856,602743.911850482,0.0405515066705,0.0348415066705,2020.22102278689,2020.22673278689,8560000
10,13,0.00823,687483.730628652,609996.446100454,687754.817012019,609514.433707143,0.0430715066705,0.0348415066705,2020.22102278689,2020.22925278689,8560000
11,2,4.31693983899903e-05,695150.237260856,602743.911850482,695150.500102222,602758.191752064,0.04059467606889,0.0405515066705,2020.22673278689,2020.22677595629,8560000
11,12,0.01093,695150.237260856,602743.911850482,693939.785929745,617110.519260078,0.0514815066705,0.0405515066705,2020.22673278689,2020.23766278689,8560000
12,3,4.2131146899993e-05,693939.785929745,617110.519260078,677032.892177544,654774.841439318,0.0515236378174,0.0514815066705,2020.23766278689,2020.23770491804,8560000
12,4,0.00277437158449999,693939.785929745,617110.519260078,691461.708845711,618692.613834045,0.054255878255,0.0514815066705,2020.23766278689,2020.24043715847,8560000
13,5,0.0139166120195,687754.817012019,609514.433707143,691957.555995569,606529.66484563,0.05698811869,0.0430715066705,2020.22925278689,2020.24316939891,8560000
13,6,0.0139166120195,687754.817012019,609514.433707143,648941.112995578,622443.115755442,0.05698811869,0.0430715066705,2020.22925278689,2020.24316939891,8560000
