node1,node2,length,startLat,startLon,endLat,endLon,endNodeL,startNodeL,startYear,endYear,treeID
8,1,0.0569881186895,682444.178227506,680322.661429398,694487.226383461,697153.724119429,0.0569881186895,0,2020.18618128022,2020.24316939891,3241000
8,9,0.000503052210500003,682444.178227506,680322.661429398,682485.80593827,680245.868335837,0.000503052210500003,0,2020.18618128022,2020.18668433243,3241000
9,10,0.03433845446,682485.80593827,680245.868335837,694436.660077005,604492.50912317,0.0348415066705,0.000503052210500003,2020.18668433243,2020.22102278689,3241000
9,7,0.0564850664795,682485.80593827,680245.868335837,682673.120871877,679274.988717182,0.05698811869,0.000503052210500003,2020.18668433243,2020.24316939891,3241000
10,11,0.00571,694436.660077005,604492.50912317,694491.122915369,604269.515178302,0.0405515066705,0.0348415066705,2020.22102278689,2020.22673278689,3241000
10,13,0.00823,694436.660077005,604492.50912317,694448.961442766,604248.934383332,0.0430715066705,0.0348415066705,2020.22102278689,2020.22925278689,3241000
11,2,4.31693983899903e-05,694491.122915369,604269.515178302,695150.500102222,602758.191752064,0.04059467606889,0.0405515066705,2020.22673278689,2020.22677595629,3241000
11,12,0.01093,694491.122915369,604269.515178302,677043.277486525,654750.43522322,0.0514815066705,0.0405515066705,2020.22673278689,2020.23766278689,3241000
12,3,4.2131146899993e-05,677043.277486525,654750.43522322,677032.892177544,654774.841439318,0.0515236378174,0.0514815066705,2020.23766278689,2020.23770491804,3241000
12,4,0.00277437158449999,677043.277486525,654750.43522322,691461.708845711,618692.613834045,0.054255878255,0.0514815066705,2020.23766278689,2020.24043715847,3241000
13,5,0.0139166120195,694448.961442766,604248.934383332,691957.555995569,606529.66484563,0.05698811869,0.0430715066705,2020.22925278689,2020.24316939891,3241000
13,6,0.0139166120195,694448.961442766,604248.934383332,648941.112995578,622443.115755442,0.05698811869,0.0430715066705,2020.22925278689,2020.24316939891,3241000
