node1,node2,length,startLat,startLon,endLat,endLon,endNodeL,startNodeL,startYear,endYear,treeID
8,1,0.0569881186895,681053.410259924,698353.455649044,694487.226383461,697153.724119429,0.0569881186895,0,2020.18618128022,2020.24316939891,4897000
8,9,0.000503052210500003,681053.410259924,698353.455649044,681099.53411992,698434.815115498,0.000503052210500003,0,2020.18618128022,2020.18668433243,4897000
9,10,0.03433845446,681099.53411992,698434.815115498,696259.800422925,598352.555503719,0.0348415066705,0.000503052210500003,2020.18668433243,2020.22102278689,4897000
9,7,0.0564850664795,681099.53411992,698434.815115498,682673.120871877,679274.988717182,0.05698811869,0.000503052210500003,2020.18668433243,2020.24316939891,4897000
10,11,0.00571,696259.800422925,598352.555503719,695063.311549211,603246.248950701,0.0405515066705,0.0348415066705,2020.22102278689,2020.22673278689,4897000
10,13,0.00823,696259.800422925,598352.555503719,693569.916261053,600883.531712684,0.0430715066705,0.0348415066705,2020.22102278689,2020.22925278689,4897000
11,2,4.31693983899903e-05,695063.311549211,603246.248950701,695150.500102222,602758.191752064,0.04059467606889,0.0405515066705,2020.22673278689,2020.22677595629,4897000
11,12,0.01093,695063.311549211,603246.248950701,692214.841918292,617170.874006219,0.0514815066705,0.0405515066705,2020.22673278689,2020.23766278689,4897000
12,3,4.2131146899993e-05,692214.841918292,617170.874006219,677032.892177544,654774.841439318,0.0515236378174,0.0514815066705,2020.23766278689,2020.23770491804,4897000
12,4,0.00277437158449999,692214.841918292,617170.874006219,691461.708845711,618692.613834045,0.054255878255,0.0514815066705,2020.23766278689,2020.24043715847,4897000
13,5,0.0139166120195,693569.916261053,600883.531712684,691957.555995569,606529.66484563,0.05698811869,0.0430715066705,2020.22925278689,2020.24316939891,4897000
13,6,0.0139166120195,693569.916261053,600883.531712684,648941.112995578,622443.115755442,0.05698811869,0.0430715066705,2020.22925278689,2020.24316939891,4897000
