node1,node2,length,startLat,startLon,endLat,endLon,endNodeL,startNodeL,startYear,endYear,treeID
5,6,0.00244,629947.946946764,743441.099969723,629682.251998144,743344.490268154,0.00244,0,2020.17514262842,2020.17758262842,8551000
5,7,0.00244,629947.946946764,743441.099969723,629682.251998144,743344.490268154,0.00244,0,2020.17514262842,2020.17758262842,8551000
6,1,1.3e-05,629682.251998144,743344.490268154,635179.80583113,753661.971229135,0.002453,0.00244,2020.17758262842,2020.17759562842,8551000
6,2,1.3e-05,629682.251998144,743344.490268154,651717.883791085,737989.699884083,0.002453,0.00244,2020.17758262842,2020.17759562842,8551000
7,3,1.3e-05,629682.251998144,743344.490268154,648319.176826482,723753.240422477,0.002453,0.00244,2020.17758262842,2020.17759562842,8551000
7,4,1.3e-05,629682.251998144,743344.490268154,646370.745500357,747312.713222963,0.002453,0.00244,2020.17758262842,2020.17759562842,8551000
