node1,node2,length,startLat,startLon,endLat,endLon,endNodeL,startNodeL,startYear,endYear,treeID
5,6,0.00244,651671.987314017,737828.103666873,651540.36359543,737737.289256849,0.00244,0,2020.17514262842,2020.17758262842,5041000
5,7,0.00244,651671.987314017,737828.103666873,651540.36359543,737737.289256849,0.00244,0,2020.17514262842,2020.17758262842,5041000
6,1,1.3e-05,651540.36359543,737737.289256849,635179.80583113,753661.971229135,0.002453,0.00244,2020.17758262842,2020.17759562842,5041000
6,2,1.3e-05,651540.36359543,737737.289256849,651717.883791085,737989.699884083,0.002453,0.00244,2020.17758262842,2020.17759562842,5041000
7,3,1.3e-05,651540.36359543,737737.289256849,648319.176826482,723753.240422477,0.002453,0.00244,2020.17758262842,2020.17759562842,5041000
7,4,1.3e-05,651540.36359543,737737.289256849,646370.745500357,747312.713222963,0.002453,0.00244,2020.17758262842,2020.17759562842,5041000
