node1,node2,length,startLat,startLon,endLat,endLon,endNodeL,startNodeL,startYear,endYear,treeID
5,6,0.00244,644275.938773196,749068.919801304,635038.681104323,753637.778879801,0.00244,0,2020.17514262842,2020.17758262842,7030000
5,7,0.00244,644275.938773196,749068.919801304,635038.681104323,753637.778879801,0.00244,0,2020.17514262842,2020.17758262842,7030000
6,1,1.3e-05,635038.681104323,753637.778879801,635179.80583113,753661.971229135,0.002453,0.00244,2020.17758262842,2020.17759562842,7030000
6,2,1.3e-05,635038.681104323,753637.778879801,651717.883791085,737989.699884083,0.002453,0.00244,2020.17758262842,2020.17759562842,7030000
7,3,1.3e-05,635038.681104323,753637.778879801,648319.176826482,723753.240422477,0.002453,0.00244,2020.17758262842,2020.17759562842,7030000
7,4,1.3e-05,635038.681104323,753637.778879801,646370.745500357,747312.713222963,0.002453,0.00244,2020.17758262842,2020.17759562842,7030000
