node1,node2,length,startLat,startLon,endLat,endLon,endNodeL,startNodeL,startYear,endYear,treeID
5,6,0.00244,650106.104444904,740766.374511176,651611.09868051,737744.945389787,0.00244,0,2020.17514262842,2020.17758262842,5437000
5,7,0.00244,650106.104444904,740766.374511176,651611.09868051,737744.945389787,0.00244,0,2020.17514262842,2020.17758262842,5437000
6,1,1.3e-05,651611.09868051,737744.945389787,635179.80583113,753661.971229135,0.002453,0.00244,2020.17758262842,2020.17759562842,5437000
6,2,1.3e-05,651611.09868051,737744.945389787,651717.883791085,737989.699884083,0.002453,0.00244,2020.17758262842,2020.17759562842,5437000
7,3,1.3e-05,651611.09868051,737744.945389787,648319.176826482,723753.240422477,0.002453,0.00244,2020.17758262842,2020.17759562842,5437000
7,4,1.3e-05,651611.09868051,737744.945389787,646370.745500357,747312.713222963,0.002453,0.00244,2020.17758262842,2020.17759562842,5437000
