node1,node2,length,startLat,startLon,endLat,endLon,endNodeL,startNodeL,startYear,endYear,treeID
5,6,0.00244,651703.647797427,737829.433836453,651716.537810852,737978.483924685,0.00244,0,2020.17514262842,2020.17758262842,7516000
5,7,0.00244,651703.647797427,737829.433836453,651716.537810852,737978.483924685,0.00244,0,2020.17514262842,2020.17758262842,7516000
6,1,1.3e-05,651716.537810852,737978.483924685,635179.80583113,753661.971229135,0.002453,0.00244,2020.17758262842,2020.17759562842,7516000
6,2,1.3e-05,651716.537810852,737978.483924685,651717.883791085,737989.699884083,0.002453,0.00244,2020.17758262842,2020.17759562842,7516000
7,3,1.3e-05,651716.537810852,737978.483924685,648319.176826482,723753.240422477,0.002453,0.00244,2020.17758262842,2020.17759562842,7516000
7,4,1.3e-05,651716.537810852,737978.483924685,646370.745500357,747312.713222963,0.002453,0.00244,2020.17758262842,2020.17759562842,7516000
