node1,node2,length,startLat,startLon,endLat,endLon,endNodeL,startNodeL,startYear,endYear,treeID
5,6,0.00244,645585.559786454,746668.053075048,651718.670002244,737998.976793342,0.00244,0,2020.17514262842,2020.17758262842,8092000
5,7,0.00244,645585.559786454,746668.053075048,651718.670002244,737998.976793342,0.00244,0,2020.17514262842,2020.17758262842,8092000
6,1,1.3e-05,651718.670002244,737998.976793342,635179.80583113,753661.971229135,0.002453,0.00244,2020.17758262842,2020.17759562842,8092000
6,2,1.3e-05,651718.670002244,737998.976793342,651717.883791085,737989.699884083,0.002453,0.00244,2020.17758262842,2020.17759562842,8092000
7,3,1.3e-05,651718.670002244,737998.976793342,648319.176826482,723753.240422477,0.002453,0.00244,2020.17758262842,2020.17759562842,8092000
7,4,1.3e-05,651718.670002244,737998.976793342,646370.745500357,747312.713222963,0.002453,0.00244,2020.17758262842,2020.17759562842,8092000
