node1,node2,length,startLat,startLon,endLat,endLon,endNodeL,startNodeL,startYear,endYear,treeID
5,6,0.00244,638796.055252029,753000.379336228,653544.599760965,735738.856371422,0.00244,0,2020.17514262842,2020.17758262842,4591000
5,7,0.00244,638796.055252029,753000.379336228,653544.599760965,735738.856371422,0.00244,0,2020.17514262842,2020.17758262842,4591000
6,1,1.3e-05,653544.599760965,735738.856371422,635179.80583113,753661.971229135,0.002453,0.00244,2020.17758262842,2020.17759562842,4591000
6,2,1.3e-05,653544.599760965,735738.856371422,651717.883791085,737989.699884083,0.002453,0.00244,2020.17758262842,2020.17759562842,4591000
7,3,1.3e-05,653544.599760965,735738.856371422,648319.176826482,723753.240422477,0.002453,0.00244,2020.17758262842,2020.17759562842,4591000
7,4,1.3e-05,653544.599760965,735738.856371422,646370.745500357,747312.713222963,0.002453,0.00244,2020.17758262842,2020.17759562842,4591000
