node1,node2,length,startLat,startLon,endLat,endLon,endNodeL,startNodeL,startYear,endYear,treeID
5,6,0.00244,646205.492716275,747383.732032888,652591.341181363,737945.375725554,0.00244,0,2020.17514262842,2020.17758262842,5239000
5,7,0.00244,646205.492716275,747383.732032888,652591.341181363,737945.375725554,0.00244,0,2020.17514262842,2020.17758262842,5239000
6,1,1.3e-05,652591.341181363,737945.375725554,635179.80583113,753661.971229135,0.002453,0.00244,2020.17758262842,2020.17759562842,5239000
6,2,1.3e-05,652591.341181363,737945.375725554,651717.883791085,737989.699884083,0.002453,0.00244,2020.17758262842,2020.17759562842,5239000
7,3,1.3e-05,652591.341181363,737945.375725554,648319.176826482,723753.240422477,0.002453,0.00244,2020.17758262842,2020.17759562842,5239000
7,4,1.3e-05,652591.341181363,737945.375725554,646370.745500357,747312.713222963,0.002453,0.00244,2020.17758262842,2020.17759562842,5239000
