node1,node2,length,startLat,startLon,endLat,endLon,endNodeL,startNodeL,startYear,endYear,treeID
5,6,0.00244,646904.774441355,746516.032882611,635161.282526043,753678.857727067,0.00244,0,2020.17514262842,2020.17758262842,7138000
5,7,0.00244,646904.774441355,746516.032882611,635161.282526043,753678.857727067,0.00244,0,2020.17514262842,2020.17758262842,7138000
6,1,1.3e-05,635161.282526043,753678.857727067,635179.80583113,753661.971229135,0.002453,0.00244,2020.17758262842,2020.17759562842,7138000
6,2,1.3e-05,635161.282526043,753678.857727067,651717.883791085,737989.699884083,0.002453,0.00244,2020.17758262842,2020.17759562842,7138000
7,3,1.3e-05,635161.282526043,753678.857727067,648319.176826482,723753.240422477,0.002453,0.00244,2020.17758262842,2020.17759562842,7138000
7,4,1.3e-05,635161.282526043,753678.857727067,646370.745500357,747312.713222963,0.002453,0.00244,2020.17758262842,2020.17759562842,7138000
