node1,node2,length,startLat,startLon,endLat,endLon,endNodeL,startNodeL,startYear,endYear,treeID
4,1,0.06355063388,649299.070648504,736840.678635506,647651.638627391,738703.982587424,0.06355063388,0,2020.19054772678,2020.25409836066,475000
4,5,0.022567,649299.070648504,736840.678635506,649513.892145098,737103.670598046,0.022567,0,2020.19054772678,2020.21311472678,475000
5,2,0.03278691257,649513.892145098,737103.670598046,651822.676269524,740284.92612456,0.05535391257,0.022567,2020.21311472678,2020.24590163935,475000
5,3,2.73224316504894e-08,649513.892145098,737103.670598046,649489.811794095,737075.165257253,0.0225670273224317,0.022567,2020.21311472678,2020.2131147541,475000
