node1,node2,length,startLat,startLon,endLat,endLon,endNodeL,startNodeL,startYear,endYear,treeID
4,1,0.06355063388,647751.554848644,738814.14357273,647651.638627391,738703.982587424,0.06355063388,0,2020.19054772678,2020.25409836066,791000
4,5,0.022567,647751.554848644,738814.14357273,649489.811595023,737075.165070364,0.022567,0,2020.19054772678,2020.21311472678,791000
5,2,0.03278691257,649489.811595023,737075.165070364,651822.676269524,740284.92612456,0.05535391257,0.022567,2020.21311472678,2020.24590163935,791000
5,3,2.73224316504894e-08,649489.811595023,737075.165070364,649489.811794095,737075.165257253,0.0225670273224317,0.022567,2020.21311472678,2020.2131147541,791000
