node1,node2,length,startLat,startLon,endLat,endLon,endNodeL,startNodeL,startYear,endYear,treeID
4,1,0.06355063388,649475.391556543,737125.079791534,647651.638627391,738703.982587424,0.06355063388,0,2020.19054772678,2020.25409836066,926000
4,5,0.022567,649475.391556543,737125.079791534,649489.797564597,737075.070150074,0.022567,0,2020.19054772678,2020.21311472678,926000
5,2,0.03278691257,649489.797564597,737075.070150074,651822.676269524,740284.92612456,0.05535391257,0.022567,2020.21311472678,2020.24590163935,926000
5,3,2.73224316504894e-08,649489.797564597,737075.070150074,649489.811794095,737075.165257253,0.0225670273224317,0.022567,2020.21311472678,2020.2131147541,926000
