node1,node2,length,startLat,startLon,endLat,endLon,endNodeL,startNodeL,startYear,endYear,treeID
6,1,0.0217,640133.756348364,762628.704070848,633852.144429244,762159.277816344,0.0217,0,2020.23786284153,2020.25956284153,1468000
6,7,0.01385,640133.756348364,762628.704070848,639981.265213744,762798.484980663,0.01385,0,2020.23786284153,2020.25171284153,1468000
7,2,0.0461013661199937,639981.265213744,762798.484980663,648675.589367747,758910.214387746,0.0599513661199937,0.01385,2020.25171284153,2020.29781420765,1468000
7,8,0.00238,639981.265213744,762798.484980663,639682.628833849,763094.259244472,0.01623,0.01385,2020.25171284153,2020.25409284153,1468000
8,3,6.36611999368236e-06,639682.628833849,763094.259244472,639651.659972352,763118.45853703,0.0162363661199937,0.01623,2020.25409284153,2020.25409920765,1468000
8,9,0.01093,639682.628833849,763094.259244472,641210.718930612,754135.976094407,0.02716,0.01623,2020.25409284153,2020.26502284153,1468000
9,4,5.3661199936883e-06,641210.718930612,754135.976094407,641216.898663972,754130.474655306,0.0271653661199937,0.02716,2020.26502284153,2020.26502820765,1468000
9,5,0.00273736611999368,641210.718930612,754135.976094407,635457.07088652,757177.375261288,0.0298973661199937,0.02716,2020.26502284153,2020.26776020765,1468000
