node1,node2,length,startLat,startLon,endLat,endLon,endNodeL,startNodeL,startYear,endYear,treeID
6,1,0.0217,639283.938723231,763187.407421185,633852.144429244,762159.277816344,0.0217,0,2020.23786284153,2020.25956284153,5176000
6,7,0.01385,639283.938723231,763187.407421185,639722.335121763,763033.43689393,0.01385,0,2020.23786284153,2020.25171284153,5176000
7,2,0.0461013661199937,639722.335121763,763033.43689393,648675.589367747,758910.214387746,0.0599513661199937,0.01385,2020.25171284153,2020.29781420765,5176000
7,8,0.00238,639722.335121763,763033.43689393,639650.294702978,763138.50436916,0.01623,0.01385,2020.25171284153,2020.25409284153,5176000
8,3,6.36611999368236e-06,639650.294702978,763138.50436916,639651.659972352,763118.45853703,0.0162363661199937,0.01623,2020.25409284153,2020.25409920765,5176000
8,9,0.01093,639650.294702978,763138.50436916,641194.679466115,754134.246211986,0.02716,0.01623,2020.25409284153,2020.26502284153,5176000
9,4,5.3661199936883e-06,641194.679466115,754134.246211986,641216.898663972,754130.474655306,0.0271653661199937,0.02716,2020.26502284153,2020.26502820765,5176000
9,5,0.00273736611999368,641194.679466115,754134.246211986,635457.07088652,757177.375261288,0.0298973661199937,0.02716,2020.26502284153,2020.26776020765,5176000
