node1,node2,length,startLat,startLon,endLat,endLon,endNodeL,startNodeL,startYear,endYear,treeID
6,1,0.0217,639963.770365926,763080.410034951,633852.144429244,762159.277816344,0.0217,0,2020.23786284153,2020.25956284153,6373000
6,7,0.01385,639963.770365926,763080.410034951,639799.312560366,763121.370306753,0.01385,0,2020.23786284153,2020.25171284153,6373000
7,2,0.0461013661199937,639799.312560366,763121.370306753,648675.589367747,758910.214387746,0.0599513661199937,0.01385,2020.25171284153,2020.29781420765,6373000
7,8,0.00238,639799.312560366,763121.370306753,639716.118389918,763142.604109282,0.01623,0.01385,2020.25171284153,2020.25409284153,6373000
8,3,6.36611999368236e-06,639716.118389918,763142.604109282,639651.659972352,763118.45853703,0.0162363661199937,0.01623,2020.25409284153,2020.25409920765,6373000
8,9,0.01093,639716.118389918,763142.604109282,635834.808714086,757254.089755863,0.02716,0.01623,2020.25409284153,2020.26502284153,6373000
9,4,5.3661199936883e-06,635834.808714086,757254.089755863,641216.898663972,754130.474655306,0.0271653661199937,0.02716,2020.26502284153,2020.26502820765,6373000
9,5,0.00273736611999368,635834.808714086,757254.089755863,635457.07088652,757177.375261288,0.0298973661199937,0.02716,2020.26502284153,2020.26776020765,6373000
