node1,node2,length,startLat,startLon,endLat,endLon,endNodeL,startNodeL,startYear,endYear,treeID
6,1,0.0217,635631.927583872,762485.096044871,633852.144429244,762159.277816344,0.0217,0,2020.23786284153,2020.25956284153,3826000
6,7,0.01385,635631.927583872,762485.096044871,639620.50029899,763163.732660688,0.01385,0,2020.23786284153,2020.25171284153,3826000
7,2,0.0461013661199937,639620.50029899,763163.732660688,648675.589367747,758910.214387746,0.0599513661199937,0.01385,2020.25171284153,2020.29781420765,3826000
7,8,0.00238,639620.50029899,763163.732660688,639677.199988226,763110.046073484,0.01623,0.01385,2020.25171284153,2020.25409284153,3826000
8,3,6.36611999368236e-06,639677.199988226,763110.046073484,639651.659972352,763118.45853703,0.0162363661199937,0.01623,2020.25409284153,2020.25409920765,3826000
8,9,0.01093,639677.199988226,763110.046073484,641223.49505295,754126.158310213,0.02716,0.01623,2020.25409284153,2020.26502284153,3826000
9,4,5.3661199936883e-06,641223.49505295,754126.158310213,641216.898663972,754130.474655306,0.0271653661199937,0.02716,2020.26502284153,2020.26502820765,3826000
9,5,0.00273736611999368,641223.49505295,754126.158310213,635457.07088652,757177.375261288,0.0298973661199937,0.02716,2020.26502284153,2020.26776020765,3826000
