node1,node2,length,startLat,startLon,endLat,endLon,endNodeL,startNodeL,startYear,endYear,treeID
6,1,0.0217,639780.754068477,762670.830791627,633852.144429244,762159.277816344,0.0217,0,2020.23786284153,2020.25956284153,3844000
6,7,0.01385,639780.754068477,762670.830791627,639552.488239002,762915.854194371,0.01385,0,2020.23786284153,2020.25171284153,3844000
7,2,0.0461013661199937,639552.488239002,762915.854194371,648675.589367747,758910.214387746,0.0599513661199937,0.01385,2020.25171284153,2020.29781420765,3844000
7,8,0.00238,639552.488239002,762915.854194371,639638.784040168,763146.600333146,0.01623,0.01385,2020.25171284153,2020.25409284153,3844000
8,3,6.36611999368236e-06,639638.784040168,763146.600333146,639651.659972352,763118.45853703,0.0162363661199937,0.01623,2020.25409284153,2020.25409920765,3844000
8,9,0.01093,639638.784040168,763146.600333146,641224.073281709,754130.325355784,0.02716,0.01623,2020.25409284153,2020.26502284153,3844000
9,4,5.3661199936883e-06,641224.073281709,754130.325355784,641216.898663972,754130.474655306,0.0271653661199937,0.02716,2020.26502284153,2020.26502820765,3844000
9,5,0.00273736611999368,641224.073281709,754130.325355784,635457.07088652,757177.375261288,0.0298973661199937,0.02716,2020.26502284153,2020.26776020765,3844000
