node1,node2,length,startLat,startLon,endLat,endLon,endNodeL,startNodeL,startYear,endYear,treeID
6,1,0.0217,635729.561481302,761242.63779953,633852.144429244,762159.277816344,0.0217,0,2020.23786284153,2020.25956284153,7246000
6,7,0.01385,635729.561481302,761242.63779953,640303.751668946,762969.637429208,0.01385,0,2020.23786284153,2020.25171284153,7246000
7,2,0.0461013661199937,640303.751668946,762969.637429208,648675.589367747,758910.214387746,0.0599513661199937,0.01385,2020.25171284153,2020.29781420765,7246000
7,8,0.00238,640303.751668946,762969.637429208,639635.569641284,763121.923183891,0.01623,0.01385,2020.25171284153,2020.25409284153,7246000
8,3,6.36611999368236e-06,639635.569641284,763121.923183891,639651.659972352,763118.45853703,0.0162363661199937,0.01623,2020.25409284153,2020.25409920765,7246000
8,9,0.01093,639635.569641284,763121.923183891,641282.42506105,754094.808205957,0.02716,0.01623,2020.25409284153,2020.26502284153,7246000
9,4,5.3661199936883e-06,641282.42506105,754094.808205957,641216.898663972,754130.474655306,0.0271653661199937,0.02716,2020.26502284153,2020.26502820765,7246000
9,5,0.00273736611999368,641282.42506105,754094.808205957,635457.07088652,757177.375261288,0.0298973661199937,0.02716,2020.26502284153,2020.26776020765,7246000
