node1,node2,length,startLat,startLon,endLat,endLon,endNodeL,startNodeL,startYear,endYear,treeID
8,10,0.0001814252038,627109.216892379,628194.31654329,627192.400550775,628166.030527972,0.0001814252038,0,2020.15479052354,2020.15497194874,768000
8,9,0.0001814252038,627109.216892379,628194.31654329,627192.400550775,628166.030527972,0.0001814252038,0,2020.15479052354,2020.15497194874,768000
9,1,0.0226236796790143,627192.400550775,628166.030527972,584275.317855786,653234.66501426,0.0228051048828143,0.0001814252038,2020.15497194874,2020.17759562842,768000
9,2,0.0198914392390143,627192.400550775,628166.030527972,627707.152126429,628032.562030586,0.0200728644428143,0.0001814252038,2020.15497194874,2020.17486338798,768000
10,11,0.01970202811,627192.400550775,628166.030527972,695293.677188371,603262.440469393,0.0198834533138,0.0001814252038,2020.15497194874,2020.17467397685,768000
10,12,0.008660953121,627192.400550775,628166.030527972,626804.823637713,628240.263289287,0.0088423783248,0.0001814252038,2020.15497194874,2020.16363290186,768000
11,3,0.000189411129114254,695293.677188371,603262.440469393,710330.201391463,625622.478040172,0.0200728644429143,0.0198834533138,2020.17467397685,2020.17486338798,768000
11,4,0.00292165156601425,695293.677188371,603262.440469393,694876.378245711,603448.771801489,0.0228051048798143,0.0198834533138,2020.17467397685,2020.17759562842,768000
12,5,0.0221594478690143,626804.823637713,628240.263289287,624291.354833794,652635.622046276,0.0310018261938143,0.0088423783248,2020.16363290186,2020.18579234973,768000
12,13,0.007285528256,626804.823637713,628240.263289287,629659.50752745,627137.716528477,0.0161279065808,0.0088423783248,2020.16363290186,2020.17091843012,768000
13,6,0.00394495786101425,629659.50752745,627137.716528477,619799.871472232,631619.713259612,0.0200728644418143,0.0161279065808,2020.17091843012,2020.17486338798,768000
13,7,0.00667719829801425,629659.50752745,627137.716528477,662350.068288215,598656.892528021,0.0228051048788143,0.0161279065808,2020.17091843012,2020.17759562842,768000
