node1,node2,length,startLat,startLon,endLat,endLon,endNodeL,startNodeL,startYear,endYear,treeID
8,10,0.0001814252038,631312.409623865,625521.225272887,631211.860859741,625669.790942572,0.0001814252038,0,2020.15479052354,2020.15497194874,642000
8,9,0.0001814252038,631312.409623865,625521.225272887,631211.860859741,625669.790942572,0.0001814252038,0,2020.15479052354,2020.15497194874,642000
9,1,0.0226236796790143,631211.860859741,625669.790942572,584275.317855786,653234.66501426,0.0228051048828143,0.0001814252038,2020.15497194874,2020.17759562842,642000
9,2,0.0198914392390143,631211.860859741,625669.790942572,627707.152126429,628032.562030586,0.0200728644428143,0.0001814252038,2020.15497194874,2020.17486338798,642000
10,11,0.01970202811,631211.860859741,625669.790942572,695576.439713806,603739.347119086,0.0198834533138,0.0001814252038,2020.15497194874,2020.17467397685,642000
10,12,0.008660953121,631211.860859741,625669.790942572,630226.14481408,626082.583695405,0.0088423783248,0.0001814252038,2020.15497194874,2020.16363290186,642000
11,3,0.000189411129114254,695576.439713806,603739.347119086,710330.201391463,625622.478040172,0.0200728644429143,0.0198834533138,2020.17467397685,2020.17486338798,642000
11,4,0.00292165156601425,695576.439713806,603739.347119086,694876.378245711,603448.771801489,0.0228051048798143,0.0198834533138,2020.17467397685,2020.17759562842,642000
12,5,0.0221594478690143,630226.14481408,626082.583695405,624291.354833794,652635.622046276,0.0310018261938143,0.0088423783248,2020.16363290186,2020.18579234973,642000
12,13,0.007285528256,630226.14481408,626082.583695405,631654.86342823,626059.908006561,0.0161279065808,0.0088423783248,2020.16363290186,2020.17091843012,642000
13,6,0.00394495786101425,631654.86342823,626059.908006561,619799.871472232,631619.713259612,0.0200728644418143,0.0161279065808,2020.17091843012,2020.17486338798,642000
13,7,0.00667719829801425,631654.86342823,626059.908006561,662350.068288215,598656.892528021,0.0228051048788143,0.0161279065808,2020.17091843012,2020.17759562842,642000
