node1,node2,length,startLat,startLon,endLat,endLon,endNodeL,startNodeL,startYear,endYear,treeID
8,10,0.0001814252038,628851.011030974,627065.472711884,629183.782738371,626861.060962995,0.0001814252038,0,2020.15479052354,2020.15497194874,243000
8,9,0.0001814252038,628851.011030974,627065.472711884,629183.782738371,626861.060962995,0.0001814252038,0,2020.15479052354,2020.15497194874,243000
9,1,0.0226236796790143,629183.782738371,626861.060962995,584275.317855786,653234.66501426,0.0228051048828143,0.0001814252038,2020.15497194874,2020.17759562842,243000
9,2,0.0198914392390143,629183.782738371,626861.060962995,627707.152126429,628032.562030586,0.0200728644428143,0.0001814252038,2020.15497194874,2020.17486338798,243000
10,11,0.01970202811,629183.782738371,626861.060962995,694078.755946167,603578.537961738,0.0198834533138,0.0001814252038,2020.15497194874,2020.17467397685,243000
10,12,0.008660953121,629183.782738371,626861.060962995,625929.719336553,627423.415500311,0.0088423783248,0.0001814252038,2020.15497194874,2020.16363290186,243000
11,3,0.000189411129114254,694078.755946167,603578.537961738,710330.201391463,625622.478040172,0.0200728644429143,0.0198834533138,2020.17467397685,2020.17486338798,243000
11,4,0.00292165156601425,694078.755946167,603578.537961738,694876.378245711,603448.771801489,0.0228051048798143,0.0198834533138,2020.17467397685,2020.17759562842,243000
12,5,0.0221594478690143,625929.719336553,627423.415500311,624291.354833794,652635.622046276,0.0310018261938143,0.0088423783248,2020.16363290186,2020.18579234973,243000
12,13,0.007285528256,625929.719336553,627423.415500311,618593.536886769,632218.328681824,0.0161279065808,0.0088423783248,2020.16363290186,2020.17091843012,243000
13,6,0.00394495786101425,618593.536886769,632218.328681824,619799.871472232,631619.713259612,0.0200728644418143,0.0161279065808,2020.17091843012,2020.17486338798,243000
13,7,0.00667719829801425,618593.536886769,632218.328681824,662350.068288215,598656.892528021,0.0228051048788143,0.0161279065808,2020.17091843012,2020.17759562842,243000
