node1,node2,length,startLat,startLon,endLat,endLon,endNodeL,startNodeL,startYear,endYear,treeID
8,10,0.0001814252038,623273.934972131,629072.367230711,618689.328430547,633681.401043734,0.0001814252038,0,2020.15479052354,2020.15497194874,260000
8,9,0.0001814252038,623273.934972131,629072.367230711,618689.328430547,633681.401043734,0.0001814252038,0,2020.15479052354,2020.15497194874,260000
9,1,0.0226236796790143,618689.328430547,633681.401043734,584275.317855786,653234.66501426,0.0228051048828143,0.0001814252038,2020.15497194874,2020.17759562842,260000
9,2,0.0198914392390143,618689.328430547,633681.401043734,627707.152126429,628032.562030586,0.0200728644428143,0.0001814252038,2020.15497194874,2020.17486338798,260000
10,11,0.01970202811,618689.328430547,633681.401043734,693916.441960067,604252.942797287,0.0198834533138,0.0001814252038,2020.15497194874,2020.17467397685,260000
10,12,0.008660953121,618689.328430547,633681.401043734,624386.134910153,628386.00775736,0.0088423783248,0.0001814252038,2020.15497194874,2020.16363290186,260000
11,3,0.000189411129114254,693916.441960067,604252.942797287,710330.201391463,625622.478040172,0.0200728644429143,0.0198834533138,2020.17467397685,2020.17486338798,260000
11,4,0.00292165156601425,693916.441960067,604252.942797287,694876.378245711,603448.771801489,0.0228051048798143,0.0198834533138,2020.17467397685,2020.17759562842,260000
12,5,0.0221594478690143,624386.134910153,628386.00775736,624291.354833794,652635.622046276,0.0310018261938143,0.0088423783248,2020.16363290186,2020.18579234973,260000
12,13,0.007285528256,624386.134910153,628386.00775736,619342.1300072,631917.07100538,0.0161279065808,0.0088423783248,2020.16363290186,2020.17091843012,260000
13,6,0.00394495786101425,619342.1300072,631917.07100538,619799.871472232,631619.713259612,0.0200728644418143,0.0161279065808,2020.17091843012,2020.17486338798,260000
13,7,0.00667719829801425,619342.1300072,631917.07100538,662350.068288215,598656.892528021,0.0228051048788143,0.0161279065808,2020.17091843012,2020.17759562842,260000
