node1,node2,length,startLat,startLon,endLat,endLon,endNodeL,startNodeL,startYear,endYear,treeID
8,10,0.0001814252038,624049.702083004,652203.262889303,620427.655960476,664745.659484878,0.0001814252038,0,2020.15479052354,2020.15497194874,331000
8,9,0.0001814252038,624049.702083004,652203.262889303,620427.655960476,664745.659484878,0.0001814252038,0,2020.15479052354,2020.15497194874,331000
9,1,0.0226236796790143,620427.655960476,664745.659484878,584275.317855786,653234.66501426,0.0228051048828143,0.0001814252038,2020.15497194874,2020.17759562842,331000
9,2,0.0198914392390143,620427.655960476,664745.659484878,627707.152126429,628032.562030586,0.0200728644428143,0.0001814252038,2020.15497194874,2020.17486338798,331000
10,11,0.01970202811,620427.655960476,664745.659484878,710458.779142523,625664.966893247,0.0198834533138,0.0001814252038,2020.15497194874,2020.17467397685,331000
10,12,0.008660953121,620427.655960476,664745.659484878,624251.941111512,652296.849508078,0.0088423783248,0.0001814252038,2020.15497194874,2020.16363290186,331000
11,3,0.000189411129114254,710458.779142523,625664.966893247,710330.201391463,625622.478040172,0.0200728644429143,0.0198834533138,2020.17467397685,2020.17486338798,331000
11,4,0.00292165156601425,710458.779142523,625664.966893247,694876.378245711,603448.771801489,0.0228051048798143,0.0198834533138,2020.17467397685,2020.17759562842,331000
12,5,0.0221594478690143,624251.941111512,652296.849508078,624291.354833794,652635.622046276,0.0310018261938143,0.0088423783248,2020.16363290186,2020.18579234973,331000
12,13,0.007285528256,624251.941111512,652296.849508078,619533.474281625,631585.429715493,0.0161279065808,0.0088423783248,2020.16363290186,2020.17091843012,331000
13,6,0.00394495786101425,619533.474281625,631585.429715493,619799.871472232,631619.713259612,0.0200728644418143,0.0161279065808,2020.17091843012,2020.17486338798,331000
13,7,0.00667719829801425,619533.474281625,631585.429715493,662350.068288215,598656.892528021,0.0228051048788143,0.0161279065808,2020.17091843012,2020.17759562842,331000
