node1,node2,length,startLat,startLon,endLat,endLon,endNodeL,startNodeL,startYear,endYear,treeID
8,10,0.0001814252038,630848.330892421,626434.463368692,630862.179108898,626433.008862592,0.0001814252038,0,2020.15479052354,2020.15497194874,466000
8,9,0.0001814252038,630848.330892421,626434.463368692,630862.179108898,626433.008862592,0.0001814252038,0,2020.15479052354,2020.15497194874,466000
9,1,0.0226236796790143,630862.179108898,626433.008862592,584275.317855786,653234.66501426,0.0228051048828143,0.0001814252038,2020.15497194874,2020.17759562842,466000
9,2,0.0198914392390143,630862.179108898,626433.008862592,627707.152126429,628032.562030586,0.0200728644428143,0.0001814252038,2020.15497194874,2020.17486338798,466000
10,11,0.01970202811,630862.179108898,626433.008862592,710180.52202867,625670.192700501,0.0198834533138,0.0001814252038,2020.15497194874,2020.17467397685,466000
10,12,0.008660953121,630862.179108898,626433.008862592,630937.631640819,627427.302644861,0.0088423783248,0.0001814252038,2020.15497194874,2020.16363290186,466000
11,3,0.000189411129114254,710180.52202867,625670.192700501,710330.201391463,625622.478040172,0.0200728644429143,0.0198834533138,2020.17467397685,2020.17486338798,466000
11,4,0.00292165156601425,710180.52202867,625670.192700501,694876.378245711,603448.771801489,0.0228051048798143,0.0198834533138,2020.17467397685,2020.17759562842,466000
12,5,0.0221594478690143,630937.631640819,627427.302644861,624291.354833794,652635.622046276,0.0310018261938143,0.0088423783248,2020.16363290186,2020.18579234973,466000
12,13,0.007285528256,630937.631640819,627427.302644861,619141.843276245,631856.957589387,0.0161279065808,0.0088423783248,2020.16363290186,2020.17091843012,466000
13,6,0.00394495786101425,619141.843276245,631856.957589387,619799.871472232,631619.713259612,0.0200728644418143,0.0161279065808,2020.17091843012,2020.17486338798,466000
13,7,0.00667719829801425,619141.843276245,631856.957589387,662350.068288215,598656.892528021,0.0228051048788143,0.0161279065808,2020.17091843012,2020.17759562842,466000
