node1,node2,length,startLat,startLon,endLat,endLon,endNodeL,startNodeL,startYear,endYear,treeID
8,10,0.0001814252038,627602.058045411,627764.13307985,626734.193029548,628656.460176423,0.0001814252038,0,2020.15479052354,2020.15497194874,356000
8,9,0.0001814252038,627602.058045411,627764.13307985,626734.193029548,628656.460176423,0.0001814252038,0,2020.15479052354,2020.15497194874,356000
9,1,0.0226236796790143,626734.193029548,628656.460176423,584275.317855786,653234.66501426,0.0228051048828143,0.0001814252038,2020.15497194874,2020.17759562842,356000
9,2,0.0198914392390143,626734.193029548,628656.460176423,627707.152126429,628032.562030586,0.0200728644428143,0.0001814252038,2020.15497194874,2020.17486338798,356000
10,11,0.01970202811,626734.193029548,628656.460176423,710230.590018021,625672.032462769,0.0198834533138,0.0001814252038,2020.15497194874,2020.17467397685,356000
10,12,0.008660953121,626734.193029548,628656.460176423,623807.089301619,629588.805011992,0.0088423783248,0.0001814252038,2020.15497194874,2020.16363290186,356000
11,3,0.000189411129114254,710230.590018021,625672.032462769,710330.201391463,625622.478040172,0.0200728644429143,0.0198834533138,2020.17467397685,2020.17486338798,356000
11,4,0.00292165156601425,710230.590018021,625672.032462769,694876.378245711,603448.771801489,0.0228051048798143,0.0198834533138,2020.17467397685,2020.17759562842,356000
12,5,0.0221594478690143,623807.089301619,629588.805011992,624291.354833794,652635.622046276,0.0310018261938143,0.0088423783248,2020.16363290186,2020.18579234973,356000
12,13,0.007285528256,623807.089301619,629588.805011992,620936.716438594,631001.258696248,0.0161279065808,0.0088423783248,2020.16363290186,2020.17091843012,356000
13,6,0.00394495786101425,620936.716438594,631001.258696248,619799.871472232,631619.713259612,0.0200728644418143,0.0161279065808,2020.17091843012,2020.17486338798,356000
13,7,0.00667719829801425,620936.716438594,631001.258696248,662350.068288215,598656.892528021,0.0228051048788143,0.0161279065808,2020.17091843012,2020.17759562842,356000
