node1,node2,length,startLat,startLon,endLat,endLon,endNodeL,startNodeL,startYear,endYear,treeID
9,11,0.01474441511,678942.195854142,647061.630960909,678524.672170377,646639.642222614,0.01474441511,0,2020.14866272678,2020.16340714189,573000
9,10,0.061261,678942.195854142,647061.630960909,662990.888071569,657443.631820715,0.061261,0,2020.14866272678,2020.20992372678,573000
10,1,0.0141199890599607,662990.888071569,657443.631820715,703009.169085644,647989.335842119,0.0753809890599607,0.061261,2020.20992372678,2020.22404371584,573000
10,2,0.0168522294999607,662990.888071569,657443.631820715,665616.280694962,656994.903506621,0.0781132294999607,0.061261,2020.20992372678,2020.22677595628,573000
11,12,0.01020658489,678524.672170377,646639.642222614,645934.683088124,737328.838664268,0.024951,0.01474441511,2020.16340714189,2020.17361372678,573000
11,15,0.000124584887100002,678524.672170377,646639.642222614,678443.358399636,646669.05707678,0.0148689999971,0.01474441511,2020.16340714189,2020.16353172678,573000
12,3,0.0722879125599607,645934.683088124,737328.838664268,644586.809833146,737997.07520577,0.0972389125599607,0.024951,2020.17361372678,2020.24590163934,573000
12,13,0.00606009196400001,645934.683088124,737328.838664268,647047.879221834,740088.168082816,0.031011091964,0.024951,2020.17361372678,2020.17967381874,573000
13,14,0.000313865551999998,647047.879221834,740088.168082816,655600.44484424,737248.081973853,0.031324957516,0.031011091964,2020.17967381874,2020.1799876843,573000
13,4,0.000654050101960735,647047.879221834,740088.168082816,647190.254535146,740038.250986023,0.0316651420659607,0.031011091964,2020.17967381874,2020.18032786885,573000
14,6,0.000340184550060726,655600.44484424,737248.081973853,657178.307360028,736930.109489648,0.0316651420660607,0.031324957516,2020.1799876843,2020.18032786885,573000
14,5,0.000340184550060726,655600.44484424,737248.081973853,655507.298361749,737302.345116567,0.0316651420660607,0.031324957516,2020.1799876843,2020.18032786885,573000
15,7,0.0632442294999607,678443.358399636,646669.05707678,668710.851363841,696302.403841341,0.0781132294970607,0.0148689999971,2020.16353172678,2020.22677595628,573000
15,8,0.0632442294999607,678443.358399636,646669.05707678,673222.363676572,644810.594463396,0.0781132294970607,0.0148689999971,2020.16353172678,2020.22677595628,573000
