node1,node2,length,startLat,startLon,endLat,endLon,endNodeL,startNodeL,startYear,endYear,treeID
9,11,0.01474441511,681145.633820194,655863.795373701,686153.756223505,649469.292591642,0.01474441511,0,2020.14866272678,2020.16340714189,910000
9,10,0.061261,681145.633820194,655863.795373701,665624.739242631,654713.205069424,0.061261,0,2020.14866272678,2020.20992372678,910000
10,1,0.0141199890599607,665624.739242631,654713.205069424,703009.169085644,647989.335842119,0.0753809890599607,0.061261,2020.20992372678,2020.22404371584,910000
10,2,0.0168522294999607,665624.739242631,654713.205069424,665616.280694962,656994.903506621,0.0781132294999607,0.061261,2020.20992372678,2020.22677595628,910000
11,12,0.01020658489,686153.756223505,649469.292591642,637505.947577643,737759.732363923,0.024951,0.01474441511,2020.16340714189,2020.17361372678,910000
11,15,0.000124584887100002,686153.756223505,649469.292591642,685853.531129113,649505.42059857,0.0148689999971,0.01474441511,2020.16340714189,2020.16353172678,910000
12,3,0.0722879125599607,637505.947577643,737759.732363923,644586.809833146,737997.07520577,0.0972389125599607,0.024951,2020.17361372678,2020.24590163934,910000
12,13,0.00606009196400001,637505.947577643,737759.732363923,649009.028487219,739528.385564856,0.031011091964,0.024951,2020.17361372678,2020.17967381874,910000
13,14,0.000313865551999998,649009.028487219,739528.385564856,655937.36528633,737187.646447186,0.031324957516,0.031011091964,2020.17967381874,2020.1799876843,910000
13,4,0.000654050101960735,649009.028487219,739528.385564856,647190.254535146,740038.250986023,0.0316651420659607,0.031011091964,2020.17967381874,2020.18032786885,910000
14,6,0.000340184550060726,655937.36528633,737187.646447186,657178.307360028,736930.109489648,0.0316651420660607,0.031324957516,2020.1799876843,2020.18032786885,910000
14,5,0.000340184550060726,655937.36528633,737187.646447186,655507.298361749,737302.345116567,0.0316651420660607,0.031324957516,2020.1799876843,2020.18032786885,910000
15,7,0.0632442294999607,685853.531129113,649505.42059857,668710.851363841,696302.403841341,0.0781132294970607,0.0148689999971,2020.16353172678,2020.22677595628,910000
15,8,0.0632442294999607,685853.531129113,649505.42059857,673222.363676572,644810.594463396,0.0781132294970607,0.0148689999971,2020.16353172678,2020.22677595628,910000
