node1,node2,length,startLat,startLon,endLat,endLon,endNodeL,startNodeL,startYear,endYear,treeID
9,11,0.01474441511,705692.242351675,646833.346332936,702644.652555785,647271.949349502,0.01474441511,0,2020.14866272678,2020.16340714189,195000
9,10,0.061261,705692.242351675,646833.346332936,703460.797140683,648276.708270811,0.061261,0,2020.14866272678,2020.20992372678,195000
10,1,0.0141199890599607,703460.797140683,648276.708270811,703009.169085644,647989.335842119,0.0753809890599607,0.061261,2020.20992372678,2020.22404371584,195000
10,2,0.0168522294999607,703460.797140683,648276.708270811,665616.280694962,656994.903506621,0.0781132294999607,0.061261,2020.20992372678,2020.22677595628,195000
11,12,0.01020658489,702644.652555785,647271.949349502,646946.609743218,740096.344360169,0.024951,0.01474441511,2020.16340714189,2020.17361372678,195000
11,15,0.000124584887100002,702644.652555785,647271.949349502,702546.292588972,647274.406616161,0.0148689999971,0.01474441511,2020.16340714189,2020.16353172678,195000
12,3,0.0722879125599607,646946.609743218,740096.344360169,644586.809833146,737997.07520577,0.0972389125599607,0.024951,2020.17361372678,2020.24590163934,195000
12,13,0.00606009196400001,646946.609743218,740096.344360169,647329.365982294,739994.712801257,0.031011091964,0.024951,2020.17361372678,2020.17967381874,195000
13,14,0.000313865551999998,647329.365982294,739994.712801257,655620.544263325,737299.679433577,0.031324957516,0.031011091964,2020.17967381874,2020.1799876843,195000
13,4,0.000654050101960735,647329.365982294,739994.712801257,647190.254535146,740038.250986023,0.0316651420659607,0.031011091964,2020.17967381874,2020.18032786885,195000
14,6,0.000340184550060726,655620.544263325,737299.679433577,657178.307360028,736930.109489648,0.0316651420660607,0.031324957516,2020.1799876843,2020.18032786885,195000
14,5,0.000340184550060726,655620.544263325,737299.679433577,655507.298361749,737302.345116567,0.0316651420660607,0.031324957516,2020.1799876843,2020.18032786885,195000
15,7,0.0632442294999607,702546.292588972,647274.406616161,668710.851363841,696302.403841341,0.0781132294970607,0.0148689999971,2020.16353172678,2020.22677595628,195000
15,8,0.0632442294999607,702546.292588972,647274.406616161,673222.363676572,644810.594463396,0.0781132294970607,0.0148689999971,2020.16353172678,2020.22677595628,195000
