node1,node2,length,startLat,startLon,endLat,endLon,endNodeL,startNodeL,startYear,endYear,treeID
9,11,0.01474441511,649650.100682208,692487.46255425,650138.325050524,693440.383970886,0.01474441511,0,2020.14866272678,2020.16340714189,104000
9,10,0.061261,649650.100682208,692487.46255425,670600.044868549,655149.727796479,0.061261,0,2020.14866272678,2020.20992372678,104000
10,1,0.0141199890599607,670600.044868549,655149.727796479,703009.169085644,647989.335842119,0.0753809890599607,0.061261,2020.20992372678,2020.22404371584,104000
10,2,0.0168522294999607,670600.044868549,655149.727796479,665616.280694962,656994.903506621,0.0781132294999607,0.061261,2020.20992372678,2020.22677595628,104000
11,12,0.01020658489,650138.325050524,693440.383970886,645032.468693736,740085.336680537,0.024951,0.01474441511,2020.16340714189,2020.17361372678,104000
11,15,0.000124584887100002,650138.325050524,693440.383970886,646895.559631598,693741.597843212,0.0148689999971,0.01474441511,2020.16340714189,2020.16353172678,104000
12,3,0.0722879125599607,645032.468693736,740085.336680537,644586.809833146,737997.07520577,0.0972389125599607,0.024951,2020.17361372678,2020.24590163934,104000
12,13,0.00606009196400001,645032.468693736,740085.336680537,645881.043194775,740066.103832948,0.031011091964,0.024951,2020.17361372678,2020.17967381874,104000
13,14,0.000313865551999998,645881.043194775,740066.103832948,656531.875081865,737059.524197301,0.031324957516,0.031011091964,2020.17967381874,2020.1799876843,104000
13,4,0.000654050101960735,645881.043194775,740066.103832948,647190.254535146,740038.250986023,0.0316651420659607,0.031011091964,2020.17967381874,2020.18032786885,104000
14,6,0.000340184550060726,656531.875081865,737059.524197301,657178.307360028,736930.109489648,0.0316651420660607,0.031324957516,2020.1799876843,2020.18032786885,104000
14,5,0.000340184550060726,656531.875081865,737059.524197301,655507.298361749,737302.345116567,0.0316651420660607,0.031324957516,2020.1799876843,2020.18032786885,104000
15,7,0.0632442294999607,646895.559631598,693741.597843212,668710.851363841,696302.403841341,0.0781132294970607,0.0148689999971,2020.16353172678,2020.22677595628,104000
15,8,0.0632442294999607,646895.559631598,693741.597843212,673222.363676572,644810.594463396,0.0781132294970607,0.0148689999971,2020.16353172678,2020.22677595628,104000
