node1,node2,length,startLat,startLon,endLat,endLon,endNodeL,startNodeL,startYear,endYear,treeID
9,11,0.01474441511,676376.09342725,649341.134103947,678526.508247287,646762.134960391,0.01474441511,0,2020.14866272678,2020.16340714189,714000
9,10,0.061261,676376.09342725,649341.134103947,678076.850584872,649347.335278231,0.061261,0,2020.14866272678,2020.20992372678,714000
10,1,0.0141199890599607,678076.850584872,649347.335278231,703009.169085644,647989.335842119,0.0753809890599607,0.061261,2020.20992372678,2020.22404371584,714000
10,2,0.0168522294999607,678076.850584872,649347.335278231,665616.280694962,656994.903506621,0.0781132294999607,0.061261,2020.20992372678,2020.22677595628,714000
11,12,0.01020658489,678526.508247287,646762.134960391,646044.13305767,738004.018240047,0.024951,0.01474441511,2020.16340714189,2020.17361372678,714000
11,15,0.000124584887100002,678526.508247287,646762.134960391,678500.154098181,646712.484911775,0.0148689999971,0.01474441511,2020.16340714189,2020.16353172678,714000
12,3,0.0722879125599607,646044.13305767,738004.018240047,644586.809833146,737997.07520577,0.0972389125599607,0.024951,2020.17361372678,2020.24590163934,714000
12,13,0.00606009196400001,646044.13305767,738004.018240047,647106.655957933,740069.452025549,0.031011091964,0.024951,2020.17361372678,2020.17967381874,714000
13,14,0.000313865551999998,647106.655957933,740069.452025549,657282.12611577,736771.010331354,0.031324957516,0.031011091964,2020.17967381874,2020.1799876843,714000
13,4,0.000654050101960735,647106.655957933,740069.452025549,647190.254535146,740038.250986023,0.0316651420659607,0.031011091964,2020.17967381874,2020.18032786885,714000
14,6,0.000340184550060726,657282.12611577,736771.010331354,657178.307360028,736930.109489648,0.0316651420660607,0.031324957516,2020.1799876843,2020.18032786885,714000
14,5,0.000340184550060726,657282.12611577,736771.010331354,655507.298361749,737302.345116567,0.0316651420660607,0.031324957516,2020.1799876843,2020.18032786885,714000
15,7,0.0632442294999607,678500.154098181,646712.484911775,668710.851363841,696302.403841341,0.0781132294970607,0.0148689999971,2020.16353172678,2020.22677595628,714000
15,8,0.0632442294999607,678500.154098181,646712.484911775,673222.363676572,644810.594463396,0.0781132294970607,0.0148689999971,2020.16353172678,2020.22677595628,714000
