node1,node2,length,startLat,startLon,endLat,endLon,endNodeL,startNodeL,startYear,endYear,treeID
9,11,0.01474441511,693485.865353406,650022.700665768,693514.62343941,649168.314535038,0.01474441511,0,2020.14866272678,2020.16340714189,164000
9,10,0.061261,693485.865353406,650022.700665768,694087.256700157,651558.312365059,0.061261,0,2020.14866272678,2020.20992372678,164000
10,1,0.0141199890599607,694087.256700157,651558.312365059,703009.169085644,647989.335842119,0.0753809890599607,0.061261,2020.20992372678,2020.22404371584,164000
10,2,0.0168522294999607,694087.256700157,651558.312365059,665616.280694962,656994.903506621,0.0781132294999607,0.061261,2020.20992372678,2020.22677595628,164000
11,12,0.01020658489,693514.62343941,649168.314535038,646182.772610095,740246.842819157,0.024951,0.01474441511,2020.16340714189,2020.17361372678,164000
11,15,0.000124584887100002,693514.62343941,649168.314535038,693490.566947637,649129.116612682,0.0148689999971,0.01474441511,2020.16340714189,2020.16353172678,164000
12,3,0.0722879125599607,646182.772610095,740246.842819157,644586.809833146,737997.07520577,0.0972389125599607,0.024951,2020.17361372678,2020.24590163934,164000
12,13,0.00606009196400001,646182.772610095,740246.842819157,647295.088617018,739923.532438376,0.031011091964,0.024951,2020.17361372678,2020.17967381874,164000
13,14,0.000313865551999998,647295.088617018,739923.532438376,656449.781599115,737212.300555062,0.031324957516,0.031011091964,2020.17967381874,2020.1799876843,164000
13,4,0.000654050101960735,647295.088617018,739923.532438376,647190.254535146,740038.250986023,0.0316651420659607,0.031011091964,2020.17967381874,2020.18032786885,164000
14,6,0.000340184550060726,656449.781599115,737212.300555062,657178.307360028,736930.109489648,0.0316651420660607,0.031324957516,2020.1799876843,2020.18032786885,164000
14,5,0.000340184550060726,656449.781599115,737212.300555062,655507.298361749,737302.345116567,0.0316651420660607,0.031324957516,2020.1799876843,2020.18032786885,164000
15,7,0.0632442294999607,693490.566947637,649129.116612682,668710.851363841,696302.403841341,0.0781132294970607,0.0148689999971,2020.16353172678,2020.22677595628,164000
15,8,0.0632442294999607,693490.566947637,649129.116612682,673222.363676572,644810.594463396,0.0781132294970607,0.0148689999971,2020.16353172678,2020.22677595628,164000
