node1,node2,length,startLat,startLon,endLat,endLon,endNodeL,startNodeL,startYear,endYear,treeID
9,11,0.01474441511,666516.828884903,665035.80924772,666519.240179863,665270.323174716,0.01474441511,0,2020.14866272678,2020.16340714189,241000
9,10,0.061261,666516.828884903,665035.80924772,665783.02825193,657043.748177501,0.061261,0,2020.14866272678,2020.20992372678,241000
10,1,0.0141199890599607,665783.02825193,657043.748177501,703009.169085644,647989.335842119,0.0753809890599607,0.061261,2020.20992372678,2020.22404371584,241000
10,2,0.0168522294999607,665783.02825193,657043.748177501,665616.280694962,656994.903506621,0.0781132294999607,0.061261,2020.20992372678,2020.22677595628,241000
11,12,0.01020658489,666519.240179863,665270.323174716,647065.074212625,739523.638680091,0.024951,0.01474441511,2020.16340714189,2020.17361372678,241000
11,15,0.000124584887100002,666519.240179863,665270.323174716,666668.897519758,665297.25781249,0.0148689999971,0.01474441511,2020.16340714189,2020.16353172678,241000
12,3,0.0722879125599607,647065.074212625,739523.638680091,644586.809833146,737997.07520577,0.0972389125599607,0.024951,2020.17361372678,2020.24590163934,241000
12,13,0.00606009196400001,647065.074212625,739523.638680091,647380.010268698,739903.595580096,0.031011091964,0.024951,2020.17361372678,2020.17967381874,241000
13,14,0.000313865551999998,647380.010268698,739903.595580096,657022.264841644,737491.561078328,0.031324957516,0.031011091964,2020.17967381874,2020.1799876843,241000
13,4,0.000654050101960735,647380.010268698,739903.595580096,647190.254535146,740038.250986023,0.0316651420659607,0.031011091964,2020.17967381874,2020.18032786885,241000
14,6,0.000340184550060726,657022.264841644,737491.561078328,657178.307360028,736930.109489648,0.0316651420660607,0.031324957516,2020.1799876843,2020.18032786885,241000
14,5,0.000340184550060726,657022.264841644,737491.561078328,655507.298361749,737302.345116567,0.0316651420660607,0.031324957516,2020.1799876843,2020.18032786885,241000
15,7,0.0632442294999607,666668.897519758,665297.25781249,668710.851363841,696302.403841341,0.0781132294970607,0.0148689999971,2020.16353172678,2020.22677595628,241000
15,8,0.0632442294999607,666668.897519758,665297.25781249,673222.363676572,644810.594463396,0.0781132294970607,0.0148689999971,2020.16353172678,2020.22677595628,241000
