node1,node2,length,startLat,startLon,endLat,endLon,endNodeL,startNodeL,startYear,endYear,treeID
9,11,0.01474441511,711360.37471576,645892.531378477,743088.09936149,636863.422254854,0.01474441511,0,2020.14866272678,2020.16340714189,798000
9,10,0.061261,711360.37471576,645892.531378477,700932.210864094,648489.941089775,0.061261,0,2020.14866272678,2020.20992372678,798000
10,1,0.0141199890599607,700932.210864094,648489.941089775,703009.169085644,647989.335842119,0.0753809890599607,0.061261,2020.20992372678,2020.22404371584,798000
10,2,0.0168522294999607,700932.210864094,648489.941089775,665616.280694962,656994.903506621,0.0781132294999607,0.061261,2020.20992372678,2020.22677595628,798000
11,12,0.01020658489,743088.09936149,636863.422254854,655484.814552128,737494.087615727,0.024951,0.01474441511,2020.16340714189,2020.17361372678,798000
11,15,0.000124584887100002,743088.09936149,636863.422254854,747969.393401071,635984.866426602,0.0148689999971,0.01474441511,2020.16340714189,2020.16353172678,798000
12,3,0.0722879125599607,655484.814552128,737494.087615727,644586.809833146,737997.07520577,0.0972389125599607,0.024951,2020.17361372678,2020.24590163934,798000
12,13,0.00606009196400001,655484.814552128,737494.087615727,657863.424427089,736886.083464246,0.031011091964,0.024951,2020.17361372678,2020.17967381874,798000
13,14,0.000313865551999998,657863.424427089,736886.083464246,657194.682490644,736997.49439533,0.031324957516,0.031011091964,2020.17967381874,2020.1799876843,798000
13,4,0.000654050101960735,657863.424427089,736886.083464246,647190.254535146,740038.250986023,0.0316651420659607,0.031011091964,2020.17967381874,2020.18032786885,798000
14,6,0.000340184550060726,657194.682490644,736997.49439533,657178.307360028,736930.109489648,0.0316651420660607,0.031324957516,2020.1799876843,2020.18032786885,798000
14,5,0.000340184550060726,657194.682490644,736997.49439533,655507.298361749,737302.345116567,0.0316651420660607,0.031324957516,2020.1799876843,2020.18032786885,798000
15,7,0.0632442294999607,747969.393401071,635984.866426602,668710.851363841,696302.403841341,0.0781132294970607,0.0148689999971,2020.16353172678,2020.22677595628,798000
15,8,0.0632442294999607,747969.393401071,635984.866426602,673222.363676572,644810.594463396,0.0781132294970607,0.0148689999971,2020.16353172678,2020.22677595628,798000
