node1,node2,length,startLat,startLon,endLat,endLon,endNodeL,startNodeL,startYear,endYear,treeID
4,3,0.01445530601,642964.763115956,729150.054149741,643433.286646504,728999.98079488,0.01445530601,0,2020.19046272678,2020.20491803279,503000
4,5,0.027478,642964.763115956,729150.054149741,647778.878910892,732391.939521801,0.027478,0,2020.19046272678,2020.21794072678,503000
5,1,0.003370748634,647778.878910892,732391.939521801,651726.64083224,727306.84024272,0.030848748634,0.027478,2020.21794072678,2020.22131147541,503000
5,2,0.003370748634,647778.878910892,732391.939521801,649362.029226327,733177.458949548,0.030848748634,0.027478,2020.21794072678,2020.22131147541,503000
