node1,node2,length,startLat,startLon,endLat,endLon,endNodeL,startNodeL,startYear,endYear,treeID
6,1,0.00086,647083.763409647,735718.81084968,647332.894833078,735704.695639837,0.00086,0,2020.20132579235,2020.20218579235,8983000
6,7,0.000293000000000002,647083.763409647,735718.81084968,647857.241476203,735011.25651507,0.000293000000000002,0,2020.20132579235,2020.20161879235,8983000
7,2,0.000567049179876843,647857.241476203,735011.25651507,647766.903135688,734913.249354646,0.000860049179876844,0.000293000000000002,2020.20161879235,2020.20218584153,8983000
7,8,0.000543999999999996,647857.241476203,735011.25651507,647954.826370088,734953.851728158,0.000836999999999997,0.000293000000000002,2020.20161879235,2020.20216279235,8983000
8,3,2.30491798768467e-05,647954.826370088,734953.851728158,651015.821992468,740387.940139098,0.000860049179876844,0.000836999999999997,2020.20216279235,2020.20218584153,8983000
8,9,0.00273,647954.826370088,734953.851728158,643748.051921226,738533.080704976,0.003567,0.000836999999999997,2020.20216279235,2020.20489279235,8983000
9,4,2.50491798768418e-05,643748.051921226,738533.080704976,643752.427119752,738517.168412855,0.00359204917987684,0.003567,2020.20489279235,2020.20491784153,8983000
9,5,0.0546700491798768,643748.051921226,738533.080704976,649913.523027336,732828.600978045,0.0582370491798768,0.003567,2020.20489279235,2020.25956284153,8983000
