node1,node2,length,startLat,startLon,endLat,endLon,endNodeL,startNodeL,startYear,endYear,treeID
6,1,0.00086,647712.295941849,735471.581347577,647332.894833078,735704.695639837,0.00086,0,2020.20132579235,2020.20218579235,7165000
6,7,0.000293000000000002,647712.295941849,735471.581347577,647674.854404023,735400.380556423,0.000293000000000002,0,2020.20132579235,2020.20161879235,7165000
7,2,0.000567049179876843,647674.854404023,735400.380556423,647766.903135688,734913.249354646,0.000860049179876844,0.000293000000000002,2020.20161879235,2020.20218584153,7165000
7,8,0.000543999999999996,647674.854404023,735400.380556423,647673.551210222,735411.592508395,0.000836999999999997,0.000293000000000002,2020.20161879235,2020.20216279235,7165000
8,3,2.30491798768467e-05,647673.551210222,735411.592508395,651015.821992468,740387.940139098,0.000860049179876844,0.000836999999999997,2020.20216279235,2020.20218584153,7165000
8,9,0.00273,647673.551210222,735411.592508395,643696.364842636,738625.972201556,0.003567,0.000836999999999997,2020.20216279235,2020.20489279235,7165000
9,4,2.50491798768418e-05,643696.364842636,738625.972201556,643752.427119752,738517.168412855,0.00359204917987684,0.003567,2020.20489279235,2020.20491784153,7165000
9,5,0.0546700491798768,643696.364842636,738625.972201556,649913.523027336,732828.600978045,0.0582370491798768,0.003567,2020.20489279235,2020.25956284153,7165000
