node1,node2,length,startLat,startLon,endLat,endLon,endNodeL,startNodeL,startYear,endYear,treeID
4,1,5.19672114542551e-05,648037.692489669,735887.164799757,623883.104430227,609255.752878444,5.19672114542551e-05,0,2020.21306278689,2020.2131147541,2485000
4,5,0.0082,648037.692489669,735887.164799757,647247.660178799,734136.982922117,0.0082,0,2020.21306278689,2020.22126278689,2485000
5,2,4.86885230542543e-05,647247.660178799,734136.982922117,647260.495179239,734187.743470617,0.00824868852305425,0.0082,2020.22126278689,2020.22131147541,2485000
5,3,4.86885230542543e-05,647247.660178799,734136.982922117,652498.349135956,724816.885119708,0.00824868852305425,0.0082,2020.22126278689,2020.22131147541,2485000
